client_id,target_week_start,y_count,lag_1,lag_2,lag_3,lag_4,lag_5,lag_6,lag_7,lag_8,woy_sin,woy_cos,split,count_threshold,y,prob_high_risk,alert
BB,2015-04-06,48.000001,2.0000001,0.0,0.0,0.0,0.0,0.0,0.0,0.0,0.9709418174260521,-0.2393156642875575,train,165.0,0,0.4342493941864901,0
BB,2015-04-13,10.0,48.000001,2.0000001,0.0,0.0,0.0,0.0,0.0,0.0,0.9350162426854148,-0.35460488704253545,train,165.0,0,0.8077883819716044,1
BB,2015-04-20,9.0,10.0,48.000001,2.0000001,0.0,0.0,0.0,0.0,0.0,0.8854560256532099,-0.4647231720437685,train,165.0,0,0.7423029487184741,1
BB,2015-04-27,1.0,9.0,10.0,48.000001,2.0000001,0.0,0.0,0.0,0.0,0.8229838658936565,-0.5680647467311557,train,165.0,0,0.754170650371041,1
BB,2015-05-04,50.0,1.0,9.0,10.0,48.000001,2.0000001,0.0,0.0,0.0,0.7485107481711013,-0.663122658240795,train,165.0,0,0.4423842085592109,0
BB,2015-05-11,7.0,50.0,1.0,9.0,10.0,48.000001,2.0000001,0.0,0.0,0.6631226582407952,-0.7485107481711012,train,165.0,0,0.8883370595895068,1
BB,2015-05-18,52.0,7.0,50.0,1.0,9.0,10.0,48.000001,2.0000001,0.0,0.5680647467311558,-0.8229838658936564,train,165.0,0,0.8598057098589533,1
BB,2015-05-25,30.0,52.0,7.0,50.0,1.0,9.0,10.0,48.000001,2.0000001,0.46472317204376906,-0.8854560256532096,train,165.0,0,0.9553285476801965,1
BB,2015-06-01,30.0,30.0,52.0,7.0,50.0,1.0,9.0,10.0,48.000001,0.35460488704253584,-0.9350162426854147,train,165.0,0,0.7664627725290012,1
BB,2015-06-08,31.0,30.0,30.0,52.0,7.0,50.0,1.0,9.0,10.0,0.23931566428755768,-0.970941817426052,train,165.0,0,0.8433345973612948,1
BB,2015-06-15,27.0,31.0,30.0,30.0,52.0,7.0,50.0,1.0,9.0,0.12053668025532308,-0.992708874098054,train,165.0,0,0.827046292613568,1
BB,2015-06-22,166.0,27.0,31.0,30.0,30.0,52.0,7.0,50.0,1.0,-3.216245299353273e-16,-1.0,train,165.0,1,0.8475711535946073,1
BB,2015-06-29,733.0,166.0,27.0,31.0,30.0,30.0,52.0,7.0,50.0,-0.12053668025532283,-0.992708874098054,train,165.0,1,0.8711029960016762,1
BB,2015-07-06,837.0,733.0,166.0,27.0,31.0,30.0,30.0,52.0,7.0,-0.23931566428755743,-0.9709418174260521,train,165.0,1,0.9423633156901398,1
BB,2015-07-13,249.0,837.0,733.0,166.0,27.0,31.0,30.0,30.0,52.0,-0.3546048870425356,-0.9350162426854148,train,165.0,1,0.9050452955727404,1
BB,2015-07-20,164.0,249.0,837.0,733.0,166.0,27.0,31.0,30.0,30.0,-0.46472317204376806,-0.8854560256532101,train,165.0,0,0.7442293291705462,1
BB,2015-07-27,49.0,164.0,249.0,837.0,733.0,166.0,27.0,31.0,30.0,-0.5680647467311556,-0.8229838658936566,train,165.0,0,0.527666649871604,0
BB,2015-08-03,0.0,49.0,164.0,249.0,837.0,733.0,166.0,27.0,31.0,-0.663122658240795,-0.7485107481711013,train,165.0,0,0.3419668162350439,0
BB,2015-08-10,0.0,0.0,49.0,164.0,249.0,837.0,733.0,166.0,27.0,-0.7485107481711011,-0.6631226582407952,train,165.0,0,0.09296648199218573,0
BB,2015-08-17,0.0,0.0,0.0,49.0,164.0,249.0,837.0,733.0,166.0,-0.8229838658936564,-0.5680647467311559,train,165.0,0,0.051450089079277755,0
BB,2015-08-24,0.0,0.0,0.0,0.0,49.0,164.0,249.0,837.0,733.0,-0.8854560256532096,-0.4647231720437691,train,165.0,0,0.022252447336022878,0
BB,2015-08-31,0.0,0.0,0.0,0.0,0.0,49.0,164.0,249.0,837.0,-0.9350162426854147,-0.3546048870425359,train,165.0,0,0.03001486790291402,0
BB,2015-09-07,0.0,0.0,0.0,0.0,0.0,0.0,49.0,164.0,249.0,-0.970941817426052,-0.23931566428755774,train,165.0,0,0.018985916060150536,0
BB,2015-09-14,0.0,0.0,0.0,0.0,0.0,0.0,0.0,49.0,164.0,-0.992708874098054,-0.12053668025532357,train,165.0,0,0.005980699138079692,0
BB,2015-09-21,0.0,0.0,0.0,0.0,0.0,0.0,0.0,0.0,49.0,-1.0,-1.8369701987210297e-16,train,165.0,0,0.0036722164143400326,0
BB,2015-09-28,0.0,0.0,0.0,0.0,0.0,0.0,0.0,0.0,0.0,-0.992708874098054,0.1205366802553232,train,165.0,0,0.005490457898428141,0
BB,2015-10-05,0.0,0.0,0.0,0.0,0.0,0.0,0.0,0.0,0.0,-0.9709418174260521,0.23931566428755738,train,165.0,0,0.0038330208738699143,0
BB,2015-10-12,0.0,0.0,0.0,0.0,0.0,0.0,0.0,0.0,0.0,-0.9350162426854148,0.35460488704253557,train,165.0,0,0.002768712198599736,0
BB,2015-10-19,0.0,0.0,0.0,0.0,0.0,0.0,0.0,0.0,0.0,-0.8854560256532101,0.464723172043768,train,165.0,0,0.0020796049249813438,0
BB,2015-10-26,0.0,0.0,0.0,0.0,0.0,0.0,0.0,0.0,0.0,-0.822983865893657,0.5680647467311548,train,165.0,0,0.0016312704834727692,0
BB,2015-11-02,0.0,0.0,0.0,0.0,0.0,0.0,0.0,0.0,0.0,-0.7485107481711011,0.6631226582407952,train,165.0,0,0.0013411886803814438,0
BB,2015-11-09,0.0,0.0,0.0,0.0,0.0,0.0,0.0,0.0,0.0,-0.6631226582407955,0.7485107481711007,train,165.0,0,0.0011591410711975566,0
BB,2015-11-16,0.0,0.0,0.0,0.0,0.0,0.0,0.0,0.0,0.0,-0.5680647467311559,0.8229838658936564,train,165.0,0,0.001055366196990406,0
BB,2015-11-23,0.0,0.0,0.0,0.0,0.0,0.0,0.0,0.0,0.0,-0.4647231720437684,0.88545602565321,train,165.0,0,0.0010136598144584543,0
BB,2015-11-30,0.0,0.0,0.0,0.0,0.0,0.0,0.0,0.0,0.0,-0.35460488704253595,0.9350162426854147,train,165.0,0,0.001027689250419541,0
BB,2015-12-07,0.0,0.0,0.0,0.0,0.0,0.0,0.0,0.0,0.0,-0.2393156642875578,0.970941817426052,train,165.0,0,0.0010995725046274078,0
BB,2015-12-14,0.0,0.0,0.0,0.0,0.0,0.0,0.0,0.0,0.0,-0.12053668025532363,0.992708874098054,train,165.0,0,0.0012403520679879912,0
BB,2015-12-21,0.0,0.0,0.0,0.0,0.0,0.0,0.0,0.0,0.0,6.432490598706546e-16,1.0,train,165.0,0,0.001472487075294112,0
BB,2015-12-28,0.0,0.0,0.0,0.0,0.0,0.0,0.0,0.0,0.0,0.12053668025532314,0.992708874098054,train,165.0,0,0.0018350101283209402,0
BB,2016-01-04,0.0,0.0,0.0,0.0,0.0,0.0,0.0,0.0,0.0,0.12053668025532305,0.992708874098054,train,165.0,0,0.0018350101283209402,0
BB,2016-01-11,0.0,0.0,0.0,0.0,0.0,0.0,0.0,0.0,0.0,0.23931566428755774,0.970941817426052,train,165.0,0,0.0023926627010834706,0
BB,2016-01-18,0.0,0.0,0.0,0.0,0.0,0.0,0.0,0.0,0.0,0.3546048870425356,0.9350162426854148,train,165.0,0,0.0032512491443357117,0
BB,2016-01-25,0.0,0.0,0.0,0.0,0.0,0.0,0.0,0.0,0.0,0.4647231720437685,0.8854560256532099,train,165.0,0,0.004582706868592003,0
BB,2016-02-01,0.0,0.0,0.0,0.0,0.0,0.0,0.0,0.0,0.0,0.5680647467311558,0.8229838658936564,train,165.0,0,0.006664881096988635,0
BB,2016-02-08,0.0,0.0,0.0,0.0,0.0,0.0,0.0,0.0,0.0,0.6631226582407952,0.7485107481711011,train,165.0,0,0.009942118415087976,0
BB,2016-02-15,0.0,0.0,0.0,0.0,0.0,0.0,0.0,0.0,0.0,0.7485107481711011,0.6631226582407953,train,165.0,0,0.015111771061456286,0
BB,2016-02-22,0.0,0.0,0.0,0.0,0.0,0.0,0.0,0.0,0.0,0.8229838658936564,0.5680647467311559,train,165.0,0,0.023234451648620907,0
BB,2016-02-29,0.0,0.0,0.0,0.0,0.0,0.0,0.0,0.0,0.0,0.8854560256532099,0.4647231720437686,train,165.0,0,0.035845078420768846,0
BB,2016-03-07,0.0,0.0,0.0,0.0,0.0,0.0,0.0,0.0,0.0,0.9350162426854148,0.35460488704253557,train,165.0,0,0.05499895900443675,0
BB,2016-03-14,0.0,0.0,0.0,0.0,0.0,0.0,0.0,0.0,0.0,0.970941817426052,0.23931566428755804,train,165.0,0,0.08312512207577291,0
BB,2016-03-21,17.0,0.0,0.0,0.0,0.0,0.0,0.0,0.0,0.0,0.992708874098054,0.120536680255323,train,165.0,0,0.12252148218693314,0
BB,2016-03-28,9.0,17.0,0.0,0.0,0.0,0.0,0.0,0.0,0.0,1.0,-1.6081226496766366e-16,train,165.0,0,0.46565569653516786,0
BB,2016-04-04,31.0,9.0,17.0,0.0,0.0,0.0,0.0,0.0,0.0,0.992708874098054,-0.12053668025532288,train,165.0,0,0.4941529887879441,0
BB,2016-04-11,114.0,31.0,9.0,17.0,0.0,0.0,0.0,0.0,0.0,0.9709418174260521,-0.2393156642875575,train,165.0,0,0.7414324620657948,1
BB,2016-04-18,103.0,114.0,31.0,9.0,17.0,0.0,0.0,0.0,0.0,0.9350162426854148,-0.35460488704253545,train,165.0,0,0.7807840857347801,1
BB,2016-04-25,8.0,103.0,114.0,31.0,9.0,17.0,0.0,0.0,0.0,0.8854560256532099,-0.4647231720437685,train,165.0,0,0.8494009383725158,1
BB,2016-05-02,165.0,8.0,103.0,114.0,31.0,9.0,17.0,0.0,0.0,0.8229838658936565,-0.5680647467311557,train,165.0,0,0.7473281520786526,1
BB,2016-05-09,173.0,165.0,8.0,103.0,114.0,31.0,9.0,17.0,0.0,0.7485107481711013,-0.663122658240795,train,165.0,1,0.9249054297476869,1
BB,2016-05-16,95.0,173.0,165.0,8.0,103.0,114.0,31.0,9.0,17.0,0.6631226582407952,-0.7485107481711012,train,165.0,0,0.8982067526603702,1
BB,2016-05-23,233.0,95.0,173.0,165.0,8.0,103.0,114.0,31.0,9.0,0.5680647467311558,-0.8229838658936564,train,165.0,1,0.9601410987313922,1
BB,2016-05-30,87.0,233.0,95.0,173.0,165.0,8.0,103.0,114.0,31.0,0.46472317204376906,-0.8854560256532096,train,165.0,0,0.9415925790740346,1
BB,2016-06-06,132.0,87.0,233.0,95.0,173.0,165.0,8.0,103.0,114.0,0.35460488704253584,-0.9350162426854147,train,165.0,0,0.8235457828896524,1
BB,2016-06-13,48.0,132.0,87.0,233.0,95.0,173.0,165.0,8.0,103.0,0.23931566428755768,-0.970941817426052,train,165.0,0,0.9023827422137175,1
BB,2016-06-20,543.0,48.0,132.0,87.0,233.0,95.0,173.0,165.0,8.0,0.12053668025532308,-0.992708874098054,train,165.0,1,0.8895853005687752,1
BB,2016-06-27,677.0,543.0,48.0,132.0,87.0,233.0,95.0,173.0,165.0,-3.216245299353273e-16,-1.0,train,165.0,1,0.9345188353124818,1
BB,2016-07-04,255.0,677.0,543.0,48.0,132.0,87.0,233.0,95.0,173.0,-0.12053668025532283,-0.992708874098054,train,165.0,1,0.9245287209989731,1
BB,2016-07-11,112.0,255.0,677.0,543.0,48.0,132.0,87.0,233.0,95.0,-0.23931566428755743,-0.9709418174260521,train,165.0,0,0.8953123253178042,1
BB,2016-07-18,53.0,112.0,255.0,677.0,543.0,48.0,132.0,87.0,233.0,-0.3546048870425356,-0.9350162426854148,train,165.0,0,0.6601891644304966,0
BB,2016-07-25,9.0,53.0,112.0,255.0,677.0,543.0,48.0,132.0,87.0,-0.46472317204376806,-0.8854560256532101,train,165.0,0,0.47704007450086444,0
BB,2016-08-01,0.0,9.0,53.0,112.0,255.0,677.0,543.0,48.0,132.0,-0.5680647467311556,-0.8229838658936566,train,165.0,0,0.3058897303961574,0
BB,2016-08-08,0.0,0.0,9.0,53.0,112.0,255.0,677.0,543.0,48.0,-0.663122658240795,-0.7485107481711013,train,165.0,0,0.14681640757251346,0
BB,2016-08-15,0.0,0.0,0.0,9.0,53.0,112.0,255.0,677.0,543.0,-0.7485107481711011,-0.6631226582407952,train,165.0,0,0.05994523445082637,0
BB,2016-08-22,0.0,0.0,0.0,0.0,9.0,53.0,112.0,255.0,677.0,-0.8229838658936564,-0.5680647467311559,train,165.0,0,0.040222376831116055,0
BB,2016-08-29,0.0,0.0,0.0,0.0,0.0,9.0,53.0,112.0,255.0,-0.8854560256532096,-0.4647231720437691,train,165.0,0,0.044581219292743925,0
BB,2016-09-05,0.0,0.0,0.0,0.0,0.0,0.0,9.0,53.0,112.0,-0.9350162426854147,-0.3546048870425359,train,165.0,0,0.02345337719211772,0
BB,2016-09-12,0.0,0.0,0.0,0.0,0.0,0.0,0.0,9.0,53.0,-0.970941817426052,-0.23931566428755774,train,165.0,0,0.01009572400888531,0
BB,2016-09-19,0.0,0.0,0.0,0.0,0.0,0.0,0.0,0.0,9.0,-0.992708874098054,-0.12053668025532357,train,165.0,0,0.0076737092521534265,0
BB,2016-09-26,0.0,0.0,0.0,0.0,0.0,0.0,0.0,0.0,0.0,-1.0,-1.8369701987210297e-16,train,165.0,0,0.008091681810665432,0
BB,2016-10-03,0.0,0.0,0.0,0.0,0.0,0.0,0.0,0.0,0.0,-0.992708874098054,0.1205366802553232,train,165.0,0,0.005490457898428141,0
BB,2016-10-10,0.0,0.0,0.0,0.0,0.0,0.0,0.0,0.0,0.0,-0.9709418174260521,0.23931566428755738,train,165.0,0,0.0038330208738699143,0
BB,2016-10-17,0.0,0.0,0.0,0.0,0.0,0.0,0.0,0.0,0.0,-0.9350162426854148,0.35460488704253557,train,165.0,0,0.002768712198599736,0
BB,2016-10-24,0.0,0.0,0.0,0.0,0.0,0.0,0.0,0.0,0.0,-0.8854560256532101,0.464723172043768,train,165.0,0,0.0020796049249813438,0
BB,2016-10-31,0.0,0.0,0.0,0.0,0.0,0.0,0.0,0.0,0.0,-0.822983865893657,0.5680647467311548,train,165.0,0,0.0016312704834727692,0
BB,2016-11-07,0.0,0.0,0.0,0.0,0.0,0.0,0.0,0.0,0.0,-0.7485107481711011,0.6631226582407952,train,165.0,0,0.0013411886803814438,0
BB,2016-11-14,0.0,0.0,0.0,0.0,0.0,0.0,0.0,0.0,0.0,-0.6631226582407955,0.7485107481711007,train,165.0,0,0.0011591410711975566,0
BB,2016-11-21,0.0,0.0,0.0,0.0,0.0,0.0,0.0,0.0,0.0,-0.5680647467311559,0.8229838658936564,train,165.0,0,0.001055366196990406,0
BB,2016-11-28,0.0,0.0,0.0,0.0,0.0,0.0,0.0,0.0,0.0,-0.4647231720437684,0.88545602565321,train,165.0,0,0.0010136598144584543,0
BB,2016-12-05,0.0,0.0,0.0,0.0,0.0,0.0,0.0,0.0,0.0,-0.35460488704253595,0.9350162426854147,train,165.0,0,0.001027689250419541,0
BB,2016-12-12,0.0,0.0,0.0,0.0,0.0,0.0,0.0,0.0,0.0,-0.2393156642875578,0.970941817426052,train,165.0,0,0.0010995725046274078,0
BB,2016-12-19,0.0,0.0,0.0,0.0,0.0,0.0,0.0,0.0,0.0,-0.12053668025532363,0.992708874098054,train,165.0,0,0.0012403520679879912,0
BB,2016-12-26,0.0,0.0,0.0,0.0,0.0,0.0,0.0,0.0,0.0,6.432490598706546e-16,1.0,train,165.0,0,0.001472487075294112,0
BB,2017-01-02,0.0,0.0,0.0,0.0,0.0,0.0,0.0,0.0,0.0,0.12053668025532305,0.992708874098054,val,165.0,0,0.0018350101283209402,0
BB,2017-01-09,0.0,0.0,0.0,0.0,0.0,0.0,0.0,0.0,0.0,0.23931566428755774,0.970941817426052,val,165.0,0,0.0023926627010834706,0
BB,2017-01-16,0.0,0.0,0.0,0.0,0.0,0.0,0.0,0.0,0.0,0.3546048870425356,0.9350162426854148,val,165.0,0,0.0032512491443357117,0
BB,2017-01-23,0.0,0.0,0.0,0.0,0.0,0.0,0.0,0.0,0.0,0.4647231720437685,0.8854560256532099,val,165.0,0,0.004582706868592003,0
BB,2017-01-30,0.0,0.0,0.0,0.0,0.0,0.0,0.0,0.0,0.0,0.5680647467311558,0.8229838658936564,val,165.0,0,0.006664881096988635,0
BB,2017-02-06,0.0,0.0,0.0,0.0,0.0,0.0,0.0,0.0,0.0,0.6631226582407952,0.7485107481711011,val,165.0,0,0.009942118415087976,0
BB,2017-02-13,0.0,0.0,0.0,0.0,0.0,0.0,0.0,0.0,0.0,0.7485107481711011,0.6631226582407953,val,165.0,0,0.015111771061456286,0
BB,2017-02-20,0.0,0.0,0.0,0.0,0.0,0.0,0.0,0.0,0.0,0.8229838658936564,0.5680647467311559,val,165.0,0,0.023234451648620907,0
BB,2017-02-27,0.0,0.0,0.0,0.0,0.0,0.0,0.0,0.0,0.0,0.8854560256532099,0.4647231720437686,val,165.0,0,0.035845078420768846,0
BB,2017-03-06,14.0,0.0,0.0,0.0,0.0,0.0,0.0,0.0,0.0,0.9350162426854148,0.35460488704253557,val,165.0,0,0.05499895900443675,0
BB,2017-03-13,10.0,14.0,0.0,0.0,0.0,0.0,0.0,0.0,0.0,0.970941817426052,0.23931566428755804,val,165.0,0,0.254831942286089,0
BB,2017-03-20,6.0,10.0,14.0,0.0,0.0,0.0,0.0,0.0,0.0,0.992708874098054,0.120536680255323,val,165.0,0,0.3138825095928984,0
BB,2017-03-27,60.0,6.0,10.0,14.0,0.0,0.0,0.0,0.0,0.0,1.0,-1.6081226496766366e-16,val,165.0,0,0.3888675762152652,0
BB,2017-04-03,35.0,60.0,6.0,10.0,14.0,0.0,0.0,0.0,0.0,0.992708874098054,-0.12053668025532288,val,165.0,0,0.5782307731306299,0
BB,2017-04-10,2.0,35.0,60.0,6.0,10.0,14.0,0.0,0.0,0.0,0.9709418174260521,-0.2393156642875575,val,165.0,0,0.6205553648416308,0
BB,2017-04-17,80.0,2.0,35.0,60.0,6.0,10.0,14.0,0.0,0.0,0.9350162426854148,-0.35460488704253545,val,165.0,0,0.5792145104399027,0
BB,2017-04-24,22.0,80.0,2.0,35.0,60.0,6.0,10.0,14.0,0.0,0.8854560256532099,-0.4647231720437685,val,165.0,0,0.8597473887819591,1
BB,2017-05-01,41.0,22.0,80.0,2.0,35.0,60.0,6.0,10.0,14.0,0.8229838658936565,-0.5680647467311557,val,165.0,0,0.6912583559537366,1
BB,2017-05-08,114.000001,41.0,22.0,80.0,2.0,35.0,60.0,6.0,10.0,0.7485107481711013,-0.663122658240795,val,165.0,0,0.9239204117588872,1
BB,2017-05-15,119.0,114.000001,41.0,22.0,80.0,2.0,35.0,60.0,6.0,0.6631226582407952,-0.7485107481711012,val,165.0,0,0.9185802147859523,1
BB,2017-05-22,154.0,119.0,114.000001,41.0,22.0,80.0,2.0,35.0,60.0,0.5680647467311558,-0.8229838658936564,val,165.0,0,0.8759747764005377,1
BB,2017-05-29,32.0,154.0,119.0,114.000001,41.0,22.0,80.0,2.0,35.0,0.46472317204376906,-0.8854560256532096,val,165.0,0,0.9264459554250852,1
BB,2017-06-05,30.0,32.0,154.0,119.0,114.000001,41.0,22.0,80.0,2.0,0.35460488704253584,-0.9350162426854147,val,165.0,0,0.8868671761248361,1
BB,2017-06-12,530.0,30.0,32.0,154.0,119.0,114.000001,41.0,22.0,80.0,0.23931566428755768,-0.970941817426052,val,165.0,1,0.7860080752529681,1
BB,2017-06-19,116.0,530.0,30.0,32.0,154.0,119.0,114.000001,41.0,22.0,0.12053668025532308,-0.992708874098054,val,165.0,0,0.9489165549290625,1
BB,2017-06-26,108.0,116.0,530.0,30.0,32.0,154.0,119.0,114.000001,41.0,-3.216245299353273e-16,-1.0,val,165.0,0,0.9142305480983887,1
BB,2017-07-03,59.0,108.0,116.0,530.0,30.0,32.0,154.0,119.0,114.000001,-0.12053668025532283,-0.992708874098054,val,165.0,0,0.8914216578695844,1
BB,2017-07-10,10.0,59.0,108.0,116.0,530.0,30.0,32.0,154.0,119.0,-0.23931566428755743,-0.9709418174260521,val,165.0,0,0.6214276660803492,0
BB,2017-07-17,2.0,10.0,59.0,108.0,116.0,530.0,30.0,32.0,154.0,-0.3546048870425356,-0.9350162426854148,val,165.0,0,0.3883006659719791,0
BB,2017-07-24,0.0,2.0,10.0,59.0,108.0,116.0,530.0,30.0,32.0,-0.46472317204376806,-0.8854560256532101,val,165.0,0,0.34793306613403285,0
BB,2017-07-31,0.0,0.0,2.0,10.0,59.0,108.0,116.0,530.0,30.0,-0.5680647467311556,-0.8229838658936566,val,165.0,0,0.1787384430295877,0
BB,2017-08-07,0.0,0.0,0.0,2.0,10.0,59.0,108.0,116.0,530.0,-0.663122658240795,-0.7485107481711013,val,165.0,0,0.0913374617242785,0
BB,2017-08-14,0.0,0.0,0.0,0.0,2.0,10.0,59.0,108.0,116.0,-0.7485107481711011,-0.6631226582407952,val,165.0,0,0.09328086335464399,0
BB,2017-08-21,0.0,0.0,0.0,0.0,0.0,2.0,10.0,59.0,108.0,-0.8229838658936564,-0.5680647467311559,val,165.0,0,0.05754263373725189,0
BB,2017-08-28,0.0,0.0,0.0,0.0,0.0,0.0,2.0,10.0,59.0,-0.8854560256532096,-0.4647231720437691,val,165.0,0,0.029185019333483074,0
BB,2017-09-04,0.0,0.0,0.0,0.0,0.0,0.0,0.0,2.0,10.0,-0.9350162426854147,-0.3546048870425359,val,165.0,0,0.019510544531341906,0
BB,2017-09-11,0.0,0.0,0.0,0.0,0.0,0.0,0.0,0.0,2.0,-0.970941817426052,-0.23931566428755774,val,165.0,0,0.014980959999541136,0
BB,2017-09-18,0.0,0.0,0.0,0.0,0.0,0.0,0.0,0.0,0.0,-0.992708874098054,-0.12053668025532357,val,165.0,0,0.012193023560114636,0
BB,2017-09-25,0.0,0.0,0.0,0.0,0.0,0.0,0.0,0.0,0.0,-1.0,-1.8369701987210297e-16,val,165.0,0,0.008091681810665432,0
BB,2017-10-02,0.0,0.0,0.0,0.0,0.0,0.0,0.0,0.0,0.0,-0.992708874098054,0.1205366802553232,val,165.0,0,0.005490457898428141,0
BB,2017-10-09,0.0,0.0,0.0,0.0,0.0,0.0,0.0,0.0,0.0,-0.9709418174260521,0.23931566428755738,val,165.0,0,0.0038330208738699143,0
BB,2017-10-16,0.0,0.0,0.0,0.0,0.0,0.0,0.0,0.0,0.0,-0.9350162426854148,0.35460488704253557,val,165.0,0,0.002768712198599736,0
BB,2017-10-23,0.0,0.0,0.0,0.0,0.0,0.0,0.0,0.0,0.0,-0.8854560256532101,0.464723172043768,val,165.0,0,0.0020796049249813438,0
BB,2017-10-30,0.0,0.0,0.0,0.0,0.0,0.0,0.0,0.0,0.0,-0.822983865893657,0.5680647467311548,val,165.0,0,0.0016312704834727692,0
BB,2017-11-06,0.0,0.0,0.0,0.0,0.0,0.0,0.0,0.0,0.0,-0.7485107481711011,0.6631226582407952,val,165.0,0,0.0013411886803814438,0
BB,2017-11-13,0.0,0.0,0.0,0.0,0.0,0.0,0.0,0.0,0.0,-0.6631226582407955,0.7485107481711007,val,165.0,0,0.0011591410711975566,0
BB,2017-11-20,0.0,0.0,0.0,0.0,0.0,0.0,0.0,0.0,0.0,-0.5680647467311559,0.8229838658936564,val,165.0,0,0.001055366196990406,0
BB,2017-11-27,0.0,0.0,0.0,0.0,0.0,0.0,0.0,0.0,0.0,-0.4647231720437684,0.88545602565321,val,165.0,0,0.0010136598144584543,0
BB,2017-12-04,0.0,0.0,0.0,0.0,0.0,0.0,0.0,0.0,0.0,-0.35460488704253595,0.9350162426854147,val,165.0,0,0.001027689250419541,0
BB,2017-12-11,0.0,0.0,0.0,0.0,0.0,0.0,0.0,0.0,0.0,-0.2393156642875578,0.970941817426052,val,165.0,0,0.0010995725046274078,0
BB,2017-12-18,0.0,0.0,0.0,0.0,0.0,0.0,0.0,0.0,0.0,-0.12053668025532363,0.992708874098054,val,165.0,0,0.0012403520679879912,0
BB,2017-12-25,0.0,0.0,0.0,0.0,0.0,0.0,0.0,0.0,0.0,6.432490598706546e-16,1.0,val,165.0,0,0.001472487075294112,0
BB,2018-01-01,0.0,0.0,0.0,0.0,0.0,0.0,0.0,0.0,0.0,0.12053668025532305,0.992708874098054,test,165.0,0,0.0018350101283209402,0
BB,2018-01-08,0.0,0.0,0.0,0.0,0.0,0.0,0.0,0.0,0.0,0.23931566428755774,0.970941817426052,test,165.0,0,0.0023926627010834706,0
BB,2018-01-15,0.0,0.0,0.0,0.0,0.0,0.0,0.0,0.0,0.0,0.3546048870425356,0.9350162426854148,test,165.0,0,0.0032512491443357117,0
BB,2018-01-22,0.0,0.0,0.0,0.0,0.0,0.0,0.0,0.0,0.0,0.4647231720437685,0.8854560256532099,test,165.0,0,0.004582706868592003,0
BB,2018-01-29,0.0,0.0,0.0,0.0,0.0,0.0,0.0,0.0,0.0,0.5680647467311558,0.8229838658936564,test,165.0,0,0.006664881096988635,0
BB,2018-02-05,0.0,0.0,0.0,0.0,0.0,0.0,0.0,0.0,0.0,0.6631226582407952,0.7485107481711011,test,165.0,0,0.009942118415087976,0
BB,2018-02-12,0.0,0.0,0.0,0.0,0.0,0.0,0.0,0.0,0.0,0.7485107481711011,0.6631226582407953,test,165.0,0,0.015111771061456286,0
BB,2018-02-19,0.0,0.0,0.0,0.0,0.0,0.0,0.0,0.0,0.0,0.8229838658936564,0.5680647467311559,test,165.0,0,0.023234451648620907,0
BB,2018-02-26,0.0,0.0,0.0,0.0,0.0,0.0,0.0,0.0,0.0,0.8854560256532099,0.4647231720437686,test,165.0,0,0.035845078420768846,0
BB,2018-03-05,0.0,0.0,0.0,0.0,0.0,0.0,0.0,0.0,0.0,0.9350162426854148,0.35460488704253557,test,165.0,0,0.05499895900443675,0
BB,2018-03-12,0.0,0.0,0.0,0.0,0.0,0.0,0.0,0.0,0.0,0.970941817426052,0.23931566428755804,test,165.0,0,0.08312512207577291,0
BB,2018-03-19,0.0,0.0,0.0,0.0,0.0,0.0,0.0,0.0,0.0,0.992708874098054,0.120536680255323,test,165.0,0,0.12252148218693314,0
BB,2018-03-26,0.0,0.0,0.0,0.0,0.0,0.0,0.0,0.0,0.0,1.0,-1.6081226496766366e-16,test,165.0,0,0.17442354442181385,0
BB,2018-04-02,0.0,0.0,0.0,0.0,0.0,0.0,0.0,0.0,0.0,0.992708874098054,-0.12053668025532288,test,165.0,0,0.23791376886335305,0
BB,2018-04-09,0.0,0.0,0.0,0.0,0.0,0.0,0.0,0.0,0.0,0.9709418174260521,-0.2393156642875575,test,165.0,0,0.3093568509944325,0
BB,2018-04-16,0.0,0.0,0.0,0.0,0.0,0.0,0.0,0.0,0.0,0.9350162426854148,-0.35460488704253545,test,165.0,0,0.38301063483920167,0
BB,2018-04-23,0.0,0.0,0.0,0.0,0.0,0.0,0.0,0.0,0.0,0.8854560256532099,-0.4647231720437685,test,165.0,0,0.4526686731365207,0
BB,2018-04-30,39.0,0.0,0.0,0.0,0.0,0.0,0.0,0.0,0.0,0.8229838658936565,-0.5680647467311557,test,165.0,0,0.513340350971132,0
BB,2018-05-07,51.0,39.0,0.0,0.0,0.0,0.0,0.0,0.0,0.0,0.7485107481711013,-0.663122658240795,test,165.0,0,0.8867470971740243,1
BB,2018-05-14,79.0,51.0,39.0,0.0,0.0,0.0,0.0,0.0,0.0,0.6631226582407952,-0.7485107481711012,test,165.0,0,0.9127620562770562,1
BB,2018-05-21,49.0,79.0,51.0,39.0,0.0,0.0,0.0,0.0,0.0,0.5680647467311558,-0.8229838658936564,test,165.0,0,0.9449489947943052,1
BB,2018-05-28,47.0,49.0,79.0,51.0,39.0,0.0,0.0,0.0,0.0,0.46472317204376906,-0.8854560256532096,test,165.0,0,0.8532283856744277,1
BB,2018-06-04,26.0,47.0,49.0,79.0,51.0,39.0,0.0,0.0,0.0,0.35460488704253584,-0.9350162426854147,test,165.0,0,0.8452695930729642,1
BB,2018-06-11,421.0,26.0,47.0,49.0,79.0,51.0,39.0,0.0,0.0,0.23931566428755768,-0.970941817426052,test,165.0,1,0.8700639225451615,1
BB,2018-06-18,141.0,421.0,26.0,47.0,49.0,79.0,51.0,39.0,0.0,0.12053668025532308,-0.992708874098054,test,165.0,0,0.9731561751053206,1
BB,2018-06-25,219.0,141.0,421.0,26.0,47.0,49.0,79.0,51.0,39.0,-3.216245299353273e-16,-1.0,test,165.0,1,0.9026048669339982,1
BB,2018-07-02,6.0,219.0,141.0,421.0,26.0,47.0,49.0,79.0,51.0,-0.12053668025532283,-0.992708874098054,test,165.0,0,0.9163068430273437,1
BB,2018-07-09,2.0,6.0,219.0,141.0,421.0,26.0,47.0,49.0,79.0,-0.23931566428755743,-0.9709418174260521,test,165.0,0,0.39429059033200986,0
BB,2018-07-16,0.0,2.0,6.0,219.0,141.0,421.0,26.0,47.0,49.0,-0.3546048870425356,-0.9350162426854148,test,165.0,0,0.29353264062102385,0
BB,2018-07-23,0.0,0.0,2.0,6.0,219.0,141.0,421.0,26.0,47.0,-0.46472317204376806,-0.8854560256532101,test,165.0,0,0.17024020243733406,0
BB,2018-07-30,0.0,0.0,0.0,2.0,6.0,219.0,141.0,421.0,26.0,-0.5680647467311556,-0.8229838658936566,test,165.0,0,0.2652262679730526,0
BB,2018-08-06,0.0,0.0,0.0,0.0,2.0,6.0,219.0,141.0,421.0,-0.663122658240795,-0.7485107481711013,test,165.0,0,0.13576705190262162,0
BB,2018-08-13,0.0,0.0,0.0,0.0,0.0,2.0,6.0,219.0,141.0,-0.7485107481711011,-0.6631226582407952,test,165.0,0,0.08400681099856469,0
BB,2018-08-20,0.0,0.0,0.0,0.0,0.0,0.0,2.0,6.0,219.0,-0.8229838658936564,-0.5680647467311559,test,165.0,0,0.03361571717628723,0
BB,2018-08-27,1.0,0.0,0.0,0.0,0.0,0.0,0.0,2.0,6.0,-0.8854560256532096,-0.4647231720437691,test,165.0,0,0.03301790746708664,0
BB,2018-09-03,0.0,1.0,0.0,0.0,0.0,0.0,0.0,0.0,2.0,-0.9350162426854147,-0.3546048870425359,test,165.0,0,0.03220749364234595,0
H,2015-04-06,0.25,1.75,0.0,0.9999996999999999,0.0,0.0,0.0,0.0,0.0,0.9709418174260521,-0.2393156642875575,train,17.0,0,0.4324890025141508,0
H,2015-04-13,2.0,0.25,1.75,0.0,0.9999996999999999,0.0,0.0,0.0,0.0,0.9350162426854148,-0.35460488704253545,train,17.0,0,0.36962832982978605,0
H,2015-04-20,0.0,2.0,0.25,1.75,0.0,0.9999996999999999,0.0,0.0,0.0,0.8854560256532099,-0.4647231720437685,train,17.0,0,0.5997511467884924,0
H,2015-04-27,0.0,0.0,2.0,0.25,1.75,0.0,0.9999996999999999,0.0,0.0,0.8229838658936565,-0.5680647467311557,train,17.0,0,0.4871506746607988,0
H,2015-05-04,0.0,0.0,0.0,2.0,0.25,1.75,0.0,0.9999996999999999,0.0,0.7485107481711013,-0.663122658240795,train,17.0,0,0.5772773855323265,0
H,2015-05-11,15.0,0.0,0.0,0.0,2.0,0.25,1.75,0.0,0.9999996999999999,0.6631226582407952,-0.7485107481711012,train,17.0,0,0.5430147663734283,0
H,2015-05-18,3.0,15.0,0.0,0.0,0.0,2.0,0.25,1.75,0.0,0.5680647467311558,-0.8229838658936564,train,17.0,0,0.8783679065007443,1
H,2015-05-25,2.0,3.0,15.0,0.0,0.0,0.0,2.0,0.25,1.75,0.46472317204376906,-0.8854560256532096,train,17.0,0,0.7750066355467029,1
H,2015-06-01,0.0,2.0,3.0,15.0,0.0,0.0,0.0,2.0,0.25,0.35460488704253584,-0.9350162426854147,train,17.0,0,0.7766722325820818,1
H,2015-06-08,3.0,0.0,2.0,3.0,15.0,0.0,0.0,0.0,2.0,0.23931566428755768,-0.970941817426052,train,17.0,0,0.4057343095664217,0
H,2015-06-15,17.0,3.0,0.0,2.0,3.0,15.0,0.0,0.0,0.0,0.12053668025532308,-0.992708874098054,train,17.0,0,0.675788875889912,1
H,2015-06-22,7.0,17.0,3.0,0.0,2.0,3.0,15.0,0.0,0.0,-3.216245299353273e-16,-1.0,train,17.0,0,0.8614300209625829,1
H,2015-06-29,24.0,7.0,17.0,3.0,0.0,2.0,3.0,15.0,0.0,-0.12053668025532283,-0.992708874098054,train,17.0,1,0.8212282481839414,1
H,2015-07-06,21.0,24.0,7.0,17.0,3.0,0.0,2.0,3.0,15.0,-0.23931566428755743,-0.9709418174260521,train,17.0,1,0.6933790578927721,1
H,2015-07-13,10.0,21.0,24.0,7.0,17.0,3.0,0.0,2.0,3.0,-0.3546048870425356,-0.9350162426854148,train,17.0,0,0.5249134301922204,0
H,2015-07-20,6.0,10.0,21.0,24.0,7.0,17.0,3.0,0.0,2.0,-0.46472317204376806,-0.8854560256532101,train,17.0,0,0.4762032089873385,0
H,2015-07-27,3.0,6.0,10.0,21.0,24.0,7.0,17.0,3.0,0.0,-0.5680647467311556,-0.8229838658936566,train,17.0,0,0.4078927376915505,0
H,2015-08-03,0.0,3.0,6.0,10.0,21.0,24.0,7.0,17.0,3.0,-0.663122658240795,-0.7485107481711013,train,17.0,0,0.204182501363354,0
H,2015-08-10,0.0,0.0,3.0,6.0,10.0,21.0,24.0,7.0,17.0,-0.7485107481711011,-0.6631226582407952,train,17.0,0,0.07727248120091813,0
H,2015-08-17,0.0,0.0,0.0,3.0,6.0,10.0,21.0,24.0,7.0,-0.8229838658936564,-0.5680647467311559,train,17.0,0,0.06844552387201612,0
H,2015-08-24,0.0,0.0,0.0,0.0,3.0,6.0,10.0,21.0,24.0,-0.8854560256532096,-0.4647231720437691,train,17.0,0,0.033483906755215016,0
H,2015-08-31,0.0,0.0,0.0,0.0,0.0,3.0,6.0,10.0,21.0,-0.9350162426854147,-0.3546048870425359,train,17.0,0,0.026958705554478102,0
H,2015-09-07,0.0,0.0,0.0,0.0,0.0,0.0,3.0,6.0,10.0,-0.970941817426052,-0.23931566428755774,train,17.0,0,0.017379417764996165,0
H,2015-09-14,0.0,0.0,0.0,0.0,0.0,0.0,0.0,3.0,6.0,-0.992708874098054,-0.12053668025532357,train,17.0,0,0.00922109346247433,0
H,2015-09-21,0.0,0.0,0.0,0.0,0.0,0.0,0.0,0.0,3.0,-1.0,-1.8369701987210297e-16,train,17.0,0,0.00611829637594589,0
H,2015-09-28,0.0,0.0,0.0,0.0,0.0,0.0,0.0,0.0,0.0,-0.992708874098054,0.1205366802553232,train,17.0,0,0.005490457898428141,0
H,2015-10-05,0.0,0.0,0.0,0.0,0.0,0.0,0.0,0.0,0.0,-0.9709418174260521,0.23931566428755738,train,17.0,0,0.0038330208738699143,0
H,2015-10-12,0.0,0.0,0.0,0.0,0.0,0.0,0.0,0.0,0.0,-0.9350162426854148,0.35460488704253557,train,17.0,0,0.002768712198599736,0
H,2015-10-19,0.0,0.0,0.0,0.0,0.0,0.0,0.0,0.0,0.0,-0.8854560256532101,0.464723172043768,train,17.0,0,0.0020796049249813438,0
H,2015-10-26,0.0,0.0,0.0,0.0,0.0,0.0,0.0,0.0,0.0,-0.822983865893657,0.5680647467311548,train,17.0,0,0.0016312704834727692,0
H,2015-11-02,0.0,0.0,0.0,0.0,0.0,0.0,0.0,0.0,0.0,-0.7485107481711011,0.6631226582407952,train,17.0,0,0.0013411886803814438,0
H,2015-11-09,0.0,0.0,0.0,0.0,0.0,0.0,0.0,0.0,0.0,-0.6631226582407955,0.7485107481711007,train,17.0,0,0.0011591410711975566,0
H,2015-11-16,0.0,0.0,0.0,0.0,0.0,0.0,0.0,0.0,0.0,-0.5680647467311559,0.8229838658936564,train,17.0,0,0.001055366196990406,0
H,2015-11-23,0.0,0.0,0.0,0.0,0.0,0.0,0.0,0.0,0.0,-0.4647231720437684,0.88545602565321,train,17.0,0,0.0010136598144584543,0
H,2015-11-30,0.0,0.0,0.0,0.0,0.0,0.0,0.0,0.0,0.0,-0.35460488704253595,0.9350162426854147,train,17.0,0,0.001027689250419541,0
H,2015-12-07,0.0,0.0,0.0,0.0,0.0,0.0,0.0,0.0,0.0,-0.2393156642875578,0.970941817426052,train,17.0,0,0.0010995725046274078,0
H,2015-12-14,0.0,0.0,0.0,0.0,0.0,0.0,0.0,0.0,0.0,-0.12053668025532363,0.992708874098054,train,17.0,0,0.0012403520679879912,0
H,2015-12-21,0.0,0.0,0.0,0.0,0.0,0.0,0.0,0.0,0.0,6.432490598706546e-16,1.0,train,17.0,0,0.001472487075294112,0
H,2015-12-28,0.0,0.0,0.0,0.0,0.0,0.0,0.0,0.0,0.0,0.12053668025532314,0.992708874098054,train,17.0,0,0.0018350101283209402,0
H,2016-01-04,0.0,0.0,0.0,0.0,0.0,0.0,0.0,0.0,0.0,0.12053668025532305,0.992708874098054,train,17.0,0,0.0018350101283209402,0
H,2016-01-11,0.0,0.0,0.0,0.0,0.0,0.0,0.0,0.0,0.0,0.23931566428755774,0.970941817426052,train,17.0,0,0.0023926627010834706,0
H,2016-01-18,0.0,0.0,0.0,0.0,0.0,0.0,0.0,0.0,0.0,0.3546048870425356,0.9350162426854148,train,17.0,0,0.0032512491443357117,0
H,2016-01-25,0.0,0.0,0.0,0.0,0.0,0.0,0.0,0.0,0.0,0.4647231720437685,0.8854560256532099,train,17.0,0,0.004582706868592003,0
H,2016-02-01,0.0,0.0,0.0,0.0,0.0,0.0,0.0,0.0,0.0,0.5680647467311558,0.8229838658936564,train,17.0,0,0.006664881096988635,0
H,2016-02-08,0.0,0.0,0.0,0.0,0.0,0.0,0.0,0.0,0.0,0.6631226582407952,0.7485107481711011,train,17.0,0,0.009942118415087976,0
H,2016-02-15,0.0,0.0,0.0,0.0,0.0,0.0,0.0,0.0,0.0,0.7485107481711011,0.6631226582407953,train,17.0,0,0.015111771061456286,0
H,2016-02-22,0.0,0.0,0.0,0.0,0.0,0.0,0.0,0.0,0.0,0.8229838658936564,0.5680647467311559,train,17.0,0,0.023234451648620907,0
H,2016-02-29,0.0,0.0,0.0,0.0,0.0,0.0,0.0,0.0,0.0,0.8854560256532099,0.4647231720437686,train,17.0,0,0.035845078420768846,0
H,2016-03-07,0.0,0.0,0.0,0.0,0.0,0.0,0.0,0.0,0.0,0.9350162426854148,0.35460488704253557,train,17.0,0,0.05499895900443675,0
H,2016-03-14,0.0,0.0,0.0,0.0,0.0,0.0,0.0,0.0,0.0,0.970941817426052,0.23931566428755804,train,17.0,0,0.08312512207577291,0
H,2016-03-21,2.0,0.0,0.0,0.0,0.0,0.0,0.0,0.0,0.0,0.992708874098054,0.120536680255323,train,17.0,0,0.12252148218693314,0
H,2016-03-28,0.0,2.0,0.0,0.0,0.0,0.0,0.0,0.0,0.0,1.0,-1.6081226496766366e-16,train,17.0,0,0.26580690581998123,0
H,2016-04-04,2.0,0.0,2.0,0.0,0.0,0.0,0.0,0.0,0.0,0.992708874098054,-0.12053668025532288,train,17.0,0,0.2387363896032803,0
H,2016-04-11,0.0,2.0,0.0,2.0,0.0,0.0,0.0,0.0,0.0,0.9709418174260521,-0.2393156642875575,train,17.0,0,0.44811578339518604,0
H,2016-04-18,6.0,0.0,2.0,0.0,2.0,0.0,0.0,0.0,0.0,0.9350162426854148,-0.35460488704253545,train,17.0,0,0.3224275329909823,0
H,2016-04-25,0.0,6.0,0.0,2.0,0.0,2.0,0.0,0.0,0.0,0.8854560256532099,-0.4647231720437685,train,17.0,0,0.6953207200888497,1
H,2016-05-02,13.0,0.0,6.0,0.0,2.0,0.0,2.0,0.0,0.0,0.8229838658936565,-0.5680647467311557,train,17.0,0,0.49856385257724906,0
H,2016-05-09,26.0,13.0,0.0,6.0,0.0,2.0,0.0,2.0,0.0,0.7485107481711013,-0.663122658240795,train,17.0,1,0.8503152757836552,1
H,2016-05-16,15.0,26.0,13.0,0.0,6.0,0.0,2.0,0.0,2.0,0.6631226582407952,-0.7485107481711012,train,17.0,0,0.8210389789284979,1
H,2016-05-23,20.0,15.0,26.0,13.0,0.0,6.0,0.0,2.0,0.0,0.5680647467311558,-0.8229838658936564,train,17.0,1,0.890441988636413,1
H,2016-05-30,34.0,20.0,15.0,26.0,13.0,0.0,6.0,0.0,2.0,0.46472317204376906,-0.8854560256532096,train,17.0,1,0.8442110397652351,1
H,2016-06-06,27.0,34.0,20.0,15.0,26.0,13.0,0.0,6.0,0.0,0.35460488704253584,-0.9350162426854147,train,17.0,1,0.8547360353586557,1
H,2016-06-13,7.0,27.0,34.0,20.0,15.0,26.0,13.0,0.0,6.0,0.23931566428755768,-0.970941817426052,train,17.0,0,0.8425709814637267,1
H,2016-06-20,22.0,7.0,27.0,34.0,20.0,15.0,26.0,13.0,0.0,0.12053668025532308,-0.992708874098054,train,17.0,1,0.8361961344393465,1
H,2016-06-27,68.0,22.0,7.0,27.0,34.0,20.0,15.0,26.0,13.0,-3.216245299353273e-16,-1.0,train,17.0,1,0.7782837460705825,1
H,2016-07-04,26.0,68.0,22.0,7.0,27.0,34.0,20.0,15.0,26.0,-0.12053668025532283,-0.992708874098054,train,17.0,1,0.8093082387745922,1
H,2016-07-11,8.0,26.0,68.0,22.0,7.0,27.0,34.0,20.0,15.0,-0.23931566428755743,-0.9709418174260521,train,17.0,0,0.7872559689903854,1
H,2016-07-18,7.0,8.0,26.0,68.0,22.0,7.0,27.0,34.0,20.0,-0.3546048870425356,-0.9350162426854148,train,17.0,0,0.5484630357108632,0
H,2016-07-25,2.0,7.0,8.0,26.0,68.0,22.0,7.0,27.0,34.0,-0.46472317204376806,-0.8854560256532101,train,17.0,0,0.2932029250548892,0
H,2016-08-01,0.0,2.0,7.0,8.0,26.0,68.0,22.0,7.0,27.0,-0.5680647467311556,-0.8229838658936566,train,17.0,0,0.19470995828501433,0
H,2016-08-08,0.0,0.0,2.0,7.0,8.0,26.0,68.0,22.0,7.0,-0.663122658240795,-0.7485107481711013,train,17.0,0,0.17340347975012896,0
H,2016-08-15,0.0,0.0,0.0,2.0,7.0,8.0,26.0,68.0,22.0,-0.7485107481711011,-0.6631226582407952,train,17.0,0,0.089904223638026,0
H,2016-08-22,0.0,0.0,0.0,0.0,2.0,7.0,8.0,26.0,68.0,-0.8229838658936564,-0.5680647467311559,train,17.0,0,0.04430575132037951,0
H,2016-08-29,0.0,0.0,0.0,0.0,0.0,2.0,7.0,8.0,26.0,-0.8854560256532096,-0.4647231720437691,train,17.0,0,0.040216993451472845,0
H,2016-09-05,0.0,0.0,0.0,0.0,0.0,0.0,2.0,7.0,8.0,-0.9350162426854147,-0.3546048870425359,train,17.0,0,0.02677134235253585,0
H,2016-09-12,0.0,0.0,0.0,0.0,0.0,0.0,0.0,2.0,7.0,-0.970941817426052,-0.23931566428755774,train,17.0,0,0.013444224352996663,0
H,2016-09-19,0.0,0.0,0.0,0.0,0.0,0.0,0.0,0.0,2.0,-0.992708874098054,-0.12053668025532357,train,17.0,0,0.009778535771140684,0
H,2016-09-26,0.0,0.0,0.0,0.0,0.0,0.0,0.0,0.0,0.0,-1.0,-1.8369701987210297e-16,train,17.0,0,0.008091681810665432,0
H,2016-10-03,0.0,0.0,0.0,0.0,0.0,0.0,0.0,0.0,0.0,-0.992708874098054,0.1205366802553232,train,17.0,0,0.005490457898428141,0
H,2016-10-10,0.0,0.0,0.0,0.0,0.0,0.0,0.0,0.0,0.0,-0.9709418174260521,0.23931566428755738,train,17.0,0,0.0038330208738699143,0
H,2016-10-17,0.0,0.0,0.0,0.0,0.0,0.0,0.0,0.0,0.0,-0.9350162426854148,0.35460488704253557,train,17.0,0,0.002768712198599736,0
H,2016-10-24,0.0,0.0,0.0,0.0,0.0,0.0,0.0,0.0,0.0,-0.8854560256532101,0.464723172043768,train,17.0,0,0.0020796049249813438,0
H,2016-10-31,0.0,0.0,0.0,0.0,0.0,0.0,0.0,0.0,0.0,-0.822983865893657,0.5680647467311548,train,17.0,0,0.0016312704834727692,0
H,2016-11-07,0.0,0.0,0.0,0.0,0.0,0.0,0.0,0.0,0.0,-0.7485107481711011,0.6631226582407952,train,17.0,0,0.0013411886803814438,0
H,2016-11-14,0.0,0.0,0.0,0.0,0.0,0.0,0.0,0.0,0.0,-0.6631226582407955,0.7485107481711007,train,17.0,0,0.0011591410711975566,0
H,2016-11-21,0.0,0.0,0.0,0.0,0.0,0.0,0.0,0.0,0.0,-0.5680647467311559,0.8229838658936564,train,17.0,0,0.001055366196990406,0
H,2016-11-28,0.0,0.0,0.0,0.0,0.0,0.0,0.0,0.0,0.0,-0.4647231720437684,0.88545602565321,train,17.0,0,0.0010136598144584543,0
H,2016-12-05,0.0,0.0,0.0,0.0,0.0,0.0,0.0,0.0,0.0,-0.35460488704253595,0.9350162426854147,train,17.0,0,0.001027689250419541,0
H,2016-12-12,0.0,0.0,0.0,0.0,0.0,0.0,0.0,0.0,0.0,-0.2393156642875578,0.970941817426052,train,17.0,0,0.0010995725046274078,0
H,2016-12-19,0.0,0.0,0.0,0.0,0.0,0.0,0.0,0.0,0.0,-0.12053668025532363,0.992708874098054,train,17.0,0,0.0012403520679879912,0
H,2016-12-26,0.0,0.0,0.0,0.0,0.0,0.0,0.0,0.0,0.0,6.432490598706546e-16,1.0,train,17.0,0,0.001472487075294112,0
H,2017-01-02,0.0,0.0,0.0,0.0,0.0,0.0,0.0,0.0,0.0,0.12053668025532305,0.992708874098054,val,17.0,0,0.0018350101283209402,0
H,2017-01-09,0.0,0.0,0.0,0.0,0.0,0.0,0.0,0.0,0.0,0.23931566428755774,0.970941817426052,val,17.0,0,0.0023926627010834706,0
H,2017-01-16,0.0,0.0,0.0,0.0,0.0,0.0,0.0,0.0,0.0,0.3546048870425356,0.9350162426854148,val,17.0,0,0.0032512491443357117,0
H,2017-01-23,0.0,0.0,0.0,0.0,0.0,0.0,0.0,0.0,0.0,0.4647231720437685,0.8854560256532099,val,17.0,0,0.004582706868592003,0
H,2017-01-30,0.0,0.0,0.0,0.0,0.0,0.0,0.0,0.0,0.0,0.5680647467311558,0.8229838658936564,val,17.0,0,0.006664881096988635,0
H,2017-02-06,0.0,0.0,0.0,0.0,0.0,0.0,0.0,0.0,0.0,0.6631226582407952,0.7485107481711011,val,17.0,0,0.009942118415087976,0
H,2017-02-13,0.0,0.0,0.0,0.0,0.0,0.0,0.0,0.0,0.0,0.7485107481711011,0.6631226582407953,val,17.0,0,0.015111771061456286,0
H,2017-02-20,0.0,0.0,0.0,0.0,0.0,0.0,0.0,0.0,0.0,0.8229838658936564,0.5680647467311559,val,17.0,0,0.023234451648620907,0
H,2017-02-27,0.0,0.0,0.0,0.0,0.0,0.0,0.0,0.0,0.0,0.8854560256532099,0.4647231720437686,val,17.0,0,0.035845078420768846,0
H,2017-03-06,0.0,0.0,0.0,0.0,0.0,0.0,0.0,0.0,0.0,0.9350162426854148,0.35460488704253557,val,17.0,0,0.05499895900443675,0
H,2017-03-13,4.0,0.0,0.0,0.0,0.0,0.0,0.0,0.0,0.0,0.970941817426052,0.23931566428755804,val,17.0,0,0.08312512207577291,0
H,2017-03-20,5.0,4.0,0.0,0.0,0.0,0.0,0.0,0.0,0.0,0.992708874098054,0.120536680255323,val,17.0,0,0.2350987726848622,0
H,2017-03-27,6.0,5.0,4.0,0.0,0.0,0.0,0.0,0.0,0.0,1.0,-1.6081226496766366e-16,val,17.0,0,0.33859794576999075,0
H,2017-04-03,5.0,6.0,5.0,4.0,0.0,0.0,0.0,0.0,0.0,0.992708874098054,-0.12053668025532288,val,17.0,0,0.4699415762778079,0
H,2017-04-10,0.0,5.0,6.0,5.0,4.0,0.0,0.0,0.0,0.0,0.9709418174260521,-0.2393156642875575,val,17.0,0,0.4449595628602726,0
H,2017-04-17,8.0,0.0,5.0,6.0,5.0,4.0,0.0,0.0,0.0,0.9350162426854148,-0.35460488704253545,val,17.0,0,0.30922606171603223,0
H,2017-04-24,0.0,8.0,0.0,5.0,6.0,5.0,4.0,0.0,0.0,0.8854560256532099,-0.4647231720437685,val,17.0,0,0.6911813788384291,1
H,2017-05-01,18.0,0.0,8.0,0.0,5.0,6.0,5.0,4.0,0.0,0.8229838658936565,-0.5680647467311557,val,17.0,1,0.5230762476915028,0
H,2017-05-08,26.0,18.0,0.0,8.0,0.0,5.0,6.0,5.0,4.0,0.7485107481711013,-0.663122658240795,val,17.0,1,0.8799758261446451,1
H,2017-05-15,11.0,26.0,18.0,0.0,8.0,0.0,5.0,6.0,5.0,0.6631226582407952,-0.7485107481711012,val,17.0,0,0.8332207289842966,1
H,2017-05-22,21.0,11.0,26.0,18.0,0.0,8.0,0.0,5.0,6.0,0.5680647467311558,-0.8229838658936564,val,17.0,1,0.8364671414687681,1
H,2017-05-29,4.0,21.0,11.0,26.0,18.0,0.0,8.0,0.0,5.0,0.46472317204376906,-0.8854560256532096,val,17.0,0,0.8237673669705294,1
H,2017-06-05,0.0,4.0,21.0,11.0,26.0,18.0,0.0,8.0,0.0,0.35460488704253584,-0.9350162426854147,val,17.0,0,0.6954033211146897,1
H,2017-06-12,14.0,0.0,4.0,21.0,11.0,26.0,18.0,0.0,8.0,0.23931566428755768,-0.970941817426052,val,17.0,0,0.5285900003393166,0
H,2017-06-19,36.0,14.0,0.0,4.0,21.0,11.0,26.0,18.0,0.0,0.12053668025532308,-0.992708874098054,val,17.0,1,0.8626108305185288,1
H,2017-06-26,12.0,36.0,14.0,0.0,4.0,21.0,11.0,26.0,18.0,-3.216245299353273e-16,-1.0,val,17.0,0,0.8435167081336109,1
H,2017-07-03,15.0,12.0,36.0,14.0,0.0,4.0,21.0,11.0,26.0,-0.12053668025532283,-0.992708874098054,val,17.0,0,0.8112550213199574,1
H,2017-07-10,0.0,15.0,12.0,36.0,14.0,0.0,4.0,21.0,11.0,-0.23931566428755743,-0.9709418174260521,val,17.0,0,0.6462109656436112,0
H,2017-07-17,1.0,0.0,15.0,12.0,36.0,14.0,0.0,4.0,21.0,-0.3546048870425356,-0.9350162426854148,val,17.0,0,0.13367428085021593,0
H,2017-07-24,0.0,1.0,0.0,15.0,12.0,36.0,14.0,0.0,4.0,-0.46472317204376806,-0.8854560256532101,val,17.0,0,0.28045790071411236,0
H,2017-07-31,0.0,0.0,1.0,0.0,15.0,12.0,36.0,14.0,0.0,-0.5680647467311556,-0.8229838658936566,val,17.0,0,0.24247753131451025,0
H,2017-08-07,0.0,0.0,0.0,1.0,0.0,15.0,12.0,36.0,14.0,-0.663122658240795,-0.7485107481711013,val,17.0,0,0.1829520414885546,0
H,2017-08-14,0.0,0.0,0.0,0.0,1.0,0.0,15.0,12.0,36.0,-0.7485107481711011,-0.6631226582407952,val,17.0,0,0.08559738475674855,0
H,2017-08-21,0.0,0.0,0.0,0.0,0.0,1.0,0.0,15.0,12.0,-0.8229838658936564,-0.5680647467311559,val,17.0,0,0.051317608807740694,0
H,2017-08-28,0.0,0.0,0.0,0.0,0.0,0.0,1.0,0.0,15.0,-0.8854560256532096,-0.4647231720437691,val,17.0,0,0.02913641099672789,0
H,2017-09-04,0.0,0.0,0.0,0.0,0.0,0.0,0.0,1.0,0.0,-0.9350162426854147,-0.3546048870425359,val,17.0,0,0.030380318695762767,0
H,2017-09-11,0.0,0.0,0.0,0.0,0.0,0.0,0.0,0.0,1.0,-0.970941817426052,-0.23931566428755774,val,17.0,0,0.016245896512299067,0
H,2017-09-18,0.0,0.0,0.0,0.0,0.0,0.0,0.0,0.0,0.0,-0.992708874098054,-0.12053668025532357,val,17.0,0,0.012193023560114636,0
H,2017-09-25,0.0,0.0,0.0,0.0,0.0,0.0,0.0,0.0,0.0,-1.0,-1.8369701987210297e-16,val,17.0,0,0.008091681810665432,0
H,2017-10-02,0.0,0.0,0.0,0.0,0.0,0.0,0.0,0.0,0.0,-0.992708874098054,0.1205366802553232,val,17.0,0,0.005490457898428141,0
H,2017-10-09,0.0,0.0,0.0,0.0,0.0,0.0,0.0,0.0,0.0,-0.9709418174260521,0.23931566428755738,val,17.0,0,0.0038330208738699143,0
H,2017-10-16,0.0,0.0,0.0,0.0,0.0,0.0,0.0,0.0,0.0,-0.9350162426854148,0.35460488704253557,val,17.0,0,0.002768712198599736,0
H,2017-10-23,0.0,0.0,0.0,0.0,0.0,0.0,0.0,0.0,0.0,-0.8854560256532101,0.464723172043768,val,17.0,0,0.0020796049249813438,0
H,2017-10-30,0.0,0.0,0.0,0.0,0.0,0.0,0.0,0.0,0.0,-0.822983865893657,0.5680647467311548,val,17.0,0,0.0016312704834727692,0
H,2017-11-06,0.0,0.0,0.0,0.0,0.0,0.0,0.0,0.0,0.0,-0.7485107481711011,0.6631226582407952,val,17.0,0,0.0013411886803814438,0
H,2017-11-13,0.0,0.0,0.0,0.0,0.0,0.0,0.0,0.0,0.0,-0.6631226582407955,0.7485107481711007,val,17.0,0,0.0011591410711975566,0
H,2017-11-20,0.0,0.0,0.0,0.0,0.0,0.0,0.0,0.0,0.0,-0.5680647467311559,0.8229838658936564,val,17.0,0,0.001055366196990406,0
H,2017-11-27,0.0,0.0,0.0,0.0,0.0,0.0,0.0,0.0,0.0,-0.4647231720437684,0.88545602565321,val,17.0,0,0.0010136598144584543,0
H,2017-12-04,0.0,0.0,0.0,0.0,0.0,0.0,0.0,0.0,0.0,-0.35460488704253595,0.9350162426854147,val,17.0,0,0.001027689250419541,0
H,2017-12-11,0.0,0.0,0.0,0.0,0.0,0.0,0.0,0.0,0.0,-0.2393156642875578,0.970941817426052,val,17.0,0,0.0010995725046274078,0
H,2017-12-18,0.0,0.0,0.0,0.0,0.0,0.0,0.0,0.0,0.0,-0.12053668025532363,0.992708874098054,val,17.0,0,0.0012403520679879912,0
H,2017-12-25,0.0,0.0,0.0,0.0,0.0,0.0,0.0,0.0,0.0,6.432490598706546e-16,1.0,val,17.0,0,0.001472487075294112,0
H,2018-01-01,0.0,0.0,0.0,0.0,0.0,0.0,0.0,0.0,0.0,0.12053668025532305,0.992708874098054,test,17.0,0,0.0018350101283209402,0
H,2018-01-08,0.0,0.0,0.0,0.0,0.0,0.0,0.0,0.0,0.0,0.23931566428755774,0.970941817426052,test,17.0,0,0.0023926627010834706,0
H,2018-01-15,0.0,0.0,0.0,0.0,0.0,0.0,0.0,0.0,0.0,0.3546048870425356,0.9350162426854148,test,17.0,0,0.0032512491443357117,0
H,2018-01-22,0.0,0.0,0.0,0.0,0.0,0.0,0.0,0.0,0.0,0.4647231720437685,0.8854560256532099,test,17.0,0,0.004582706868592003,0
H,2018-01-29,0.0,0.0,0.0,0.0,0.0,0.0,0.0,0.0,0.0,0.5680647467311558,0.8229838658936564,test,17.0,0,0.006664881096988635,0
H,2018-02-05,0.0,0.0,0.0,0.0,0.0,0.0,0.0,0.0,0.0,0.6631226582407952,0.7485107481711011,test,17.0,0,0.009942118415087976,0
H,2018-02-12,0.0,0.0,0.0,0.0,0.0,0.0,0.0,0.0,0.0,0.7485107481711011,0.6631226582407953,test,17.0,0,0.015111771061456286,0
H,2018-02-19,0.0,0.0,0.0,0.0,0.0,0.0,0.0,0.0,0.0,0.8229838658936564,0.5680647467311559,test,17.0,0,0.023234451648620907,0
H,2018-02-26,0.0,0.0,0.0,0.0,0.0,0.0,0.0,0.0,0.0,0.8854560256532099,0.4647231720437686,test,17.0,0,0.035845078420768846,0
H,2018-03-05,0.0,0.0,0.0,0.0,0.0,0.0,0.0,0.0,0.0,0.9350162426854148,0.35460488704253557,test,17.0,0,0.05499895900443675,0
H,2018-03-12,0.0,0.0,0.0,0.0,0.0,0.0,0.0,0.0,0.0,0.970941817426052,0.23931566428755804,test,17.0,0,0.08312512207577291,0
H,2018-03-19,0.0,0.0,0.0,0.0,0.0,0.0,0.0,0.0,0.0,0.992708874098054,0.120536680255323,test,17.0,0,0.12252148218693314,0
H,2018-03-26,0.0,0.0,0.0,0.0,0.0,0.0,0.0,0.0,0.0,1.0,-1.6081226496766366e-16,test,17.0,0,0.17442354442181385,0
H,2018-04-02,0.0,0.0,0.0,0.0,0.0,0.0,0.0,0.0,0.0,0.992708874098054,-0.12053668025532288,test,17.0,0,0.23791376886335305,0
H,2018-04-09,0.0,0.0,0.0,0.0,0.0,0.0,0.0,0.0,0.0,0.9709418174260521,-0.2393156642875575,test,17.0,0,0.3093568509944325,0
H,2018-04-16,0.0,0.0,0.0,0.0,0.0,0.0,0.0,0.0,0.0,0.9350162426854148,-0.35460488704253545,test,17.0,0,0.38301063483920167,0
H,2018-04-23,0.0,0.0,0.0,0.0,0.0,0.0,0.0,0.0,0.0,0.8854560256532099,-0.4647231720437685,test,17.0,0,0.4526686731365207,0
H,2018-04-30,0.0,0.0,0.0,0.0,0.0,0.0,0.0,0.0,0.0,0.8229838658936565,-0.5680647467311557,test,17.0,0,0.513340350971132,0
H,2018-05-07,10.0,0.0,0.0,0.0,0.0,0.0,0.0,0.0,0.0,0.7485107481711013,-0.663122658240795,test,17.0,0,0.5620454149109937,0
H,2018-05-14,49.0,10.0,0.0,0.0,0.0,0.0,0.0,0.0,0.0,0.6631226582407952,-0.7485107481711012,test,17.0,1,0.8279392519116585,1
H,2018-05-21,14.0,49.0,10.0,0.0,0.0,0.0,0.0,0.0,0.0,0.5680647467311558,-0.8229838658936564,test,17.0,0,0.9181278740070193,1
H,2018-05-28,5.0,14.0,49.0,10.0,0.0,0.0,0.0,0.0,0.0,0.46472317204376906,-0.8854560256532096,test,17.0,0,0.8804090259818708,1
H,2018-06-04,5.0,5.0,14.0,49.0,10.0,0.0,0.0,0.0,0.0,0.35460488704253584,-0.9350162426854147,test,17.0,0,0.7341430952945248,1
H,2018-06-11,0.0,5.0,5.0,14.0,49.0,10.0,0.0,0.0,0.0,0.23931566428755768,-0.970941817426052,test,17.0,0,0.6272486671062351,0
H,2018-06-18,3.0,0.0,5.0,5.0,14.0,49.0,10.0,0.0,0.0,0.12053668025532308,-0.992708874098054,test,17.0,0,0.5550230735851486,0
H,2018-06-25,78.0,3.0,0.0,5.0,5.0,14.0,49.0,10.0,0.0,-3.216245299353273e-16,-1.0,test,17.0,1,0.8048601650607975,1
H,2018-07-02,11.0,78.0,3.0,0.0,5.0,5.0,14.0,49.0,10.0,-0.12053668025532283,-0.992708874098054,test,17.0,0,0.8789458161290827,1
H,2018-07-09,1.0,11.0,78.0,3.0,0.0,5.0,5.0,14.0,49.0,-0.23931566428755743,-0.9709418174260521,test,17.0,0,0.6774199428144921,1
H,2018-07-16,5.0,1.0,11.0,78.0,3.0,0.0,5.0,5.0,14.0,-0.3546048870425356,-0.9350162426854148,test,17.0,0,0.3827165568010827,0
H,2018-07-23,0.0,5.0,1.0,11.0,78.0,3.0,0.0,5.0,5.0,-0.46472317204376806,-0.8854560256532101,test,17.0,0,0.22072683729738235,0
H,2018-07-30,0.0,0.0,5.0,1.0,11.0,78.0,3.0,0.0,5.0,-0.5680647467311556,-0.8229838658936566,test,17.0,0,0.11750420864506116,0
H,2018-08-06,0.0,0.0,0.0,5.0,1.0,11.0,78.0,3.0,0.0,-0.663122658240795,-0.7485107481711013,test,17.0,0,0.28713960365787267,0
H,2018-08-13,0.0,0.0,0.0,0.0,5.0,1.0,11.0,78.0,3.0,-0.7485107481711011,-0.6631226582407952,test,17.0,0,0.11001831994621025,0
H,2018-08-20,0.0,0.0,0.0,0.0,0.0,5.0,1.0,11.0,78.0,-0.8229838658936564,-0.5680647467311559,test,17.0,0,0.04015911542214948,0
H,2018-08-27,0.0,0.0,0.0,0.0,0.0,0.0,5.0,1.0,11.0,-0.8854560256532096,-0.4647231720437691,test,17.0,0,0.039614927512030204,0
H,2018-09-03,0.0,0.0,0.0,0.0,0.0,0.0,0.0,5.0,1.0,-0.9350162426854147,-0.3546048870425359,test,17.0,0,0.0289032132555981,0
K,2015-04-06,27.000001,11.000003,0.0,0.0,0.0,0.0,0.0,0.0,0.0,0.9709418174260521,-0.2393156642875575,train,44.0,0,0.6023089341019598,0
K,2015-04-13,8.0,27.000001,11.000003,0.0,0.0,0.0,0.0,0.0,0.0,0.9350162426854148,-0.35460488704253545,train,44.0,0,0.7626150939708043,1
K,2015-04-20,21.0,8.0,27.000001,11.000003,0.0,0.0,0.0,0.0,0.0,0.8854560256532099,-0.4647231720437685,train,44.0,0,0.7365789191998863,1
K,2015-04-27,3.0,21.0,8.0,27.000001,11.000003,0.0,0.0,0.0,0.0,0.8229838658936565,-0.5680647467311557,train,44.0,0,0.7571025457766024,1
K,2015-05-04,16.0,3.0,21.0,8.0,27.000001,11.000003,0.0,0.0,0.0,0.7485107481711013,-0.663122658240795,train,44.0,0,0.5609602433619861,0
K,2015-05-11,16.0,16.0,3.0,21.0,8.0,27.000001,11.000003,0.0,0.0,0.6631226582407952,-0.7485107481711012,train,44.0,0,0.8678300726491422,1
K,2015-05-18,18.0,16.0,16.0,3.0,21.0,8.0,27.000001,11.000003,0.0,0.5680647467311558,-0.8229838658936564,train,44.0,0,0.8837612958893659,1
K,2015-05-25,10.0,18.0,16.0,16.0,3.0,21.0,8.0,27.000001,11.000003,0.46472317204376906,-0.8854560256532096,train,44.0,0,0.8781784775782652,1
K,2015-06-01,12.0,10.0,18.0,16.0,16.0,3.0,21.0,8.0,27.000001,0.35460488704253584,-0.9350162426854147,train,44.0,0,0.774070233739242,1
K,2015-06-08,4.0,12.0,10.0,18.0,16.0,16.0,3.0,21.0,8.0,0.23931566428755768,-0.970941817426052,train,44.0,0,0.7761319112746393,1
K,2015-06-15,17.0,4.0,12.0,10.0,18.0,16.0,16.0,3.0,21.0,0.12053668025532308,-0.992708874098054,train,44.0,0,0.6334293323448477,0
K,2015-06-22,8.0,17.0,4.0,12.0,10.0,18.0,16.0,16.0,3.0,-3.216245299353273e-16,-1.0,train,44.0,0,0.8329548498138298,1
K,2015-06-29,58.0,8.0,17.0,4.0,12.0,10.0,18.0,16.0,16.0,-0.12053668025532283,-0.992708874098054,train,44.0,1,0.6650842760670501,0
K,2015-07-06,100.0,58.0,8.0,17.0,4.0,12.0,10.0,18.0,16.0,-0.23931566428755743,-0.9709418174260521,train,44.0,1,0.8246966035803575,1
K,2015-07-13,104.0,100.0,58.0,8.0,17.0,4.0,12.0,10.0,18.0,-0.3546048870425356,-0.9350162426854148,train,44.0,1,0.7542203753521339,1
K,2015-07-20,100.0,104.0,100.0,58.0,8.0,17.0,4.0,12.0,10.0,-0.46472317204376806,-0.8854560256532101,train,44.0,1,0.7346186139941812,1
K,2015-07-27,141.0,100.0,104.0,100.0,58.0,8.0,17.0,4.0,12.0,-0.5680647467311556,-0.8229838658936566,train,44.0,1,0.5768035123111329,0
K,2015-08-03,27.0,141.0,100.0,104.0,100.0,58.0,8.0,17.0,4.0,-0.663122658240795,-0.7485107481711013,train,44.0,0,0.530271940834392,0
K,2015-08-10,8.0,27.0,141.0,100.0,104.0,100.0,58.0,8.0,17.0,-0.7485107481711011,-0.6631226582407952,train,44.0,0,0.2544186891126892,0
K,2015-08-17,1.0,8.0,27.0,141.0,100.0,104.0,100.0,58.0,8.0,-0.8229838658936564,-0.5680647467311559,train,44.0,0,0.16025464664065936,0
K,2015-08-24,2.0,1.0,8.0,27.0,141.0,100.0,104.0,100.0,58.0,-0.8854560256532096,-0.4647231720437691,train,44.0,0,0.034123897848848735,0
K,2015-08-31,0.0,2.0,1.0,8.0,27.0,141.0,100.0,104.0,100.0,-0.9350162426854147,-0.3546048870425359,train,44.0,0,0.033282518548383114,0
K,2015-09-07,0.0,0.0,2.0,1.0,8.0,27.0,141.0,100.0,104.0,-0.970941817426052,-0.23931566428755774,train,44.0,0,0.01627361979805707,0
K,2015-09-14,0.0,0.0,0.0,2.0,1.0,8.0,27.0,141.0,100.0,-0.992708874098054,-0.12053668025532357,train,44.0,0,0.011927096018381265,0
K,2015-09-21,0.0,0.0,0.0,0.0,2.0,1.0,8.0,27.0,141.0,-1.0,-1.8369701987210297e-16,train,44.0,0,0.004474023376358755,0
K,2015-09-28,0.0,0.0,0.0,0.0,0.0,2.0,1.0,8.0,27.0,-0.992708874098054,0.1205366802553232,train,44.0,0,0.0038181941560671,0
K,2015-10-05,0.0,0.0,0.0,0.0,0.0,0.0,2.0,1.0,8.0,-0.9709418174260521,0.23931566428755738,train,44.0,0,0.003182665289365215,0
K,2015-10-12,0.0,0.0,0.0,0.0,0.0,0.0,0.0,2.0,1.0,-0.9350162426854148,0.35460488704253557,train,44.0,0,0.0026304541023736043,0
K,2015-10-19,0.0,0.0,0.0,0.0,0.0,0.0,0.0,0.0,2.0,-0.8854560256532101,0.464723172043768,train,44.0,0,0.0016644227976547294,0
K,2015-10-26,0.0,0.0,0.0,0.0,0.0,0.0,0.0,0.0,0.0,-0.822983865893657,0.5680647467311548,train,44.0,0,0.0016312704834727692,0
K,2015-11-02,0.0,0.0,0.0,0.0,0.0,0.0,0.0,0.0,0.0,-0.7485107481711011,0.6631226582407952,train,44.0,0,0.0013411886803814438,0
K,2015-11-09,0.0,0.0,0.0,0.0,0.0,0.0,0.0,0.0,0.0,-0.6631226582407955,0.7485107481711007,train,44.0,0,0.0011591410711975566,0
K,2015-11-16,0.0,0.0,0.0,0.0,0.0,0.0,0.0,0.0,0.0,-0.5680647467311559,0.8229838658936564,train,44.0,0,0.001055366196990406,0
K,2015-11-23,0.0,0.0,0.0,0.0,0.0,0.0,0.0,0.0,0.0,-0.4647231720437684,0.88545602565321,train,44.0,0,0.0010136598144584543,0
K,2015-11-30,0.0,0.0,0.0,0.0,0.0,0.0,0.0,0.0,0.0,-0.35460488704253595,0.9350162426854147,train,44.0,0,0.001027689250419541,0
K,2015-12-07,0.0,0.0,0.0,0.0,0.0,0.0,0.0,0.0,0.0,-0.2393156642875578,0.970941817426052,train,44.0,0,0.0010995725046274078,0
K,2015-12-14,0.0,0.0,0.0,0.0,0.0,0.0,0.0,0.0,0.0,-0.12053668025532363,0.992708874098054,train,44.0,0,0.0012403520679879912,0
K,2015-12-21,0.0,0.0,0.0,0.0,0.0,0.0,0.0,0.0,0.0,6.432490598706546e-16,1.0,train,44.0,0,0.001472487075294112,0
K,2015-12-28,0.0,0.0,0.0,0.0,0.0,0.0,0.0,0.0,0.0,0.12053668025532314,0.992708874098054,train,44.0,0,0.0018350101283209402,0
K,2016-01-04,0.0,0.0,0.0,0.0,0.0,0.0,0.0,0.0,0.0,0.12053668025532305,0.992708874098054,train,44.0,0,0.0018350101283209402,0
K,2016-01-11,0.0,0.0,0.0,0.0,0.0,0.0,0.0,0.0,0.0,0.23931566428755774,0.970941817426052,train,44.0,0,0.0023926627010834706,0
K,2016-01-18,0.0,0.0,0.0,0.0,0.0,0.0,0.0,0.0,0.0,0.3546048870425356,0.9350162426854148,train,44.0,0,0.0032512491443357117,0
K,2016-01-25,0.0,0.0,0.0,0.0,0.0,0.0,0.0,0.0,0.0,0.4647231720437685,0.8854560256532099,train,44.0,0,0.004582706868592003,0
K,2016-02-01,0.0,0.0,0.0,0.0,0.0,0.0,0.0,0.0,0.0,0.5680647467311558,0.8229838658936564,train,44.0,0,0.006664881096988635,0
K,2016-02-08,0.0,0.0,0.0,0.0,0.0,0.0,0.0,0.0,0.0,0.6631226582407952,0.7485107481711011,train,44.0,0,0.009942118415087976,0
K,2016-02-15,0.0,0.0,0.0,0.0,0.0,0.0,0.0,0.0,0.0,0.7485107481711011,0.6631226582407953,train,44.0,0,0.015111771061456286,0
K,2016-02-22,0.0,0.0,0.0,0.0,0.0,0.0,0.0,0.0,0.0,0.8229838658936564,0.5680647467311559,train,44.0,0,0.023234451648620907,0
K,2016-02-29,0.0,0.0,0.0,0.0,0.0,0.0,0.0,0.0,0.0,0.8854560256532099,0.4647231720437686,train,44.0,0,0.035845078420768846,0
K,2016-03-07,0.0,0.0,0.0,0.0,0.0,0.0,0.0,0.0,0.0,0.9350162426854148,0.35460488704253557,train,44.0,0,0.05499895900443675,0
K,2016-03-14,4.0,0.0,0.0,0.0,0.0,0.0,0.0,0.0,0.0,0.970941817426052,0.23931566428755804,train,44.0,0,0.08312512207577291,0
K,2016-03-21,11.0,4.0,0.0,0.0,0.0,0.0,0.0,0.0,0.0,0.992708874098054,0.120536680255323,train,44.0,0,0.2350987726848622,0
K,2016-03-28,6.0,11.0,4.0,0.0,0.0,0.0,0.0,0.0,0.0,1.0,-1.6081226496766366e-16,train,44.0,0,0.41830537537300483,0
K,2016-04-04,19.0,6.0,11.0,4.0,0.0,0.0,0.0,0.0,0.0,0.992708874098054,-0.12053668025532288,train,44.0,0,0.4706538488803938,0
K,2016-04-11,140.0,19.0,6.0,11.0,4.0,0.0,0.0,0.0,0.0,0.9709418174260521,-0.2393156642875575,train,44.0,1,0.5998108664443013,0
K,2016-04-18,9.0,140.0,19.0,6.0,11.0,4.0,0.0,0.0,0.0,0.9350162426854148,-0.35460488704253545,train,44.0,0,0.8110364652563549,1
K,2016-04-25,7.0,9.0,140.0,19.0,6.0,11.0,4.0,0.0,0.0,0.8854560256532099,-0.4647231720437685,train,44.0,0,0.719578511979072,1
K,2016-05-02,58.0,7.0,9.0,140.0,19.0,6.0,11.0,4.0,0.0,0.8229838658936565,-0.5680647467311557,train,44.0,1,0.7680861941073546,1
K,2016-05-09,116.0,58.0,7.0,9.0,140.0,19.0,6.0,11.0,4.0,0.7485107481711013,-0.663122658240795,train,44.0,1,0.8030354040238235,1
K,2016-05-16,171.0,116.0,58.0,7.0,9.0,140.0,19.0,6.0,11.0,0.6631226582407952,-0.7485107481711012,train,44.0,1,0.9252691291848802,1
K,2016-05-23,14.0,171.0,116.0,58.0,7.0,9.0,140.0,19.0,6.0,0.5680647467311558,-0.8229838658936564,train,44.0,0,0.9707932996413344,1
K,2016-05-30,44.0,14.0,171.0,116.0,58.0,7.0,9.0,140.0,19.0,0.46472317204376906,-0.8854560256532096,train,44.0,0,0.7938464803186507,1
K,2016-06-06,19.0,44.0,14.0,171.0,116.0,58.0,7.0,9.0,140.0,0.35460488704253584,-0.9350162426854147,train,44.0,0,0.7445397531623272,1
K,2016-06-13,17.0,19.0,44.0,14.0,171.0,116.0,58.0,7.0,9.0,0.23931566428755768,-0.970941817426052,train,44.0,0,0.7826410829586099,1
K,2016-06-20,30.0,17.0,19.0,44.0,14.0,171.0,116.0,58.0,7.0,0.12053668025532308,-0.992708874098054,train,44.0,0,0.8907463189725692,1
K,2016-06-27,5.0,30.0,17.0,19.0,44.0,14.0,171.0,116.0,58.0,-3.216245299353273e-16,-1.0,train,44.0,0,0.8308080165114659,1
K,2016-07-04,0.0,5.0,30.0,17.0,19.0,44.0,14.0,171.0,116.0,-0.12053668025532283,-0.992708874098054,train,44.0,0,0.5518249049097642,0
K,2016-07-11,0.0,0.0,5.0,30.0,17.0,19.0,44.0,14.0,171.0,-0.23931566428755743,-0.9709418174260521,train,44.0,0,0.2756069619554118,0
K,2016-07-18,0.0,0.0,0.0,5.0,30.0,17.0,19.0,44.0,14.0,-0.3546048870425356,-0.9350162426854148,train,44.0,0,0.25640114581150625,0
K,2016-07-25,0.0,0.0,0.0,0.0,5.0,30.0,17.0,19.0,44.0,-0.46472317204376806,-0.8854560256532101,train,44.0,0,0.19731723920494904,0
K,2016-08-01,0.0,0.0,0.0,0.0,0.0,5.0,30.0,17.0,19.0,-0.5680647467311556,-0.8229838658936566,train,44.0,0,0.25175122216955004,0
K,2016-08-08,0.0,0.0,0.0,0.0,0.0,0.0,5.0,30.0,17.0,-0.663122658240795,-0.7485107481711013,train,44.0,0,0.14950550467820223,0
K,2016-08-15,0.0,0.0,0.0,0.0,0.0,0.0,0.0,5.0,30.0,-0.7485107481711011,-0.6631226582407952,train,44.0,0,0.0607722916604925,0
K,2016-08-22,0.0,0.0,0.0,0.0,0.0,0.0,0.0,0.0,5.0,-0.8229838658936564,-0.5680647467311559,train,44.0,0,0.04794060034316448,0
K,2016-08-29,0.0,0.0,0.0,0.0,0.0,0.0,0.0,0.0,0.0,-0.8854560256532096,-0.4647231720437691,train,44.0,0,0.04430489602021936,0
K,2016-09-05,0.0,0.0,0.0,0.0,0.0,0.0,0.0,0.0,0.0,-0.9350162426854147,-0.3546048870425359,train,44.0,0,0.028761966192994218,0
K,2016-09-12,0.0,0.0,0.0,0.0,0.0,0.0,0.0,0.0,0.0,-0.970941817426052,-0.23931566428755774,train,44.0,0,0.01865581403529651,0
K,2016-09-19,0.0,0.0,0.0,0.0,0.0,0.0,0.0,0.0,0.0,-0.992708874098054,-0.12053668025532357,train,44.0,0,0.012193023560114636,0
K,2016-09-26,0.0,0.0,0.0,0.0,0.0,0.0,0.0,0.0,0.0,-1.0,-1.8369701987210297e-16,train,44.0,0,0.008091681810665432,0
K,2016-10-03,0.0,0.0,0.0,0.0,0.0,0.0,0.0,0.0,0.0,-0.992708874098054,0.1205366802553232,train,44.0,0,0.005490457898428141,0
K,2016-10-10,0.0,0.0,0.0,0.0,0.0,0.0,0.0,0.0,0.0,-0.9709418174260521,0.23931566428755738,train,44.0,0,0.0038330208738699143,0
K,2016-10-17,0.0,0.0,0.0,0.0,0.0,0.0,0.0,0.0,0.0,-0.9350162426854148,0.35460488704253557,train,44.0,0,0.002768712198599736,0
K,2016-10-24,0.0,0.0,0.0,0.0,0.0,0.0,0.0,0.0,0.0,-0.8854560256532101,0.464723172043768,train,44.0,0,0.0020796049249813438,0
K,2016-10-31,0.0,0.0,0.0,0.0,0.0,0.0,0.0,0.0,0.0,-0.822983865893657,0.5680647467311548,train,44.0,0,0.0016312704834727692,0
K,2016-11-07,0.0,0.0,0.0,0.0,0.0,0.0,0.0,0.0,0.0,-0.7485107481711011,0.6631226582407952,train,44.0,0,0.0013411886803814438,0
K,2016-11-14,0.0,0.0,0.0,0.0,0.0,0.0,0.0,0.0,0.0,-0.6631226582407955,0.7485107481711007,train,44.0,0,0.0011591410711975566,0
K,2016-11-21,0.0,0.0,0.0,0.0,0.0,0.0,0.0,0.0,0.0,-0.5680647467311559,0.8229838658936564,train,44.0,0,0.001055366196990406,0
K,2016-11-28,0.0,0.0,0.0,0.0,0.0,0.0,0.0,0.0,0.0,-0.4647231720437684,0.88545602565321,train,44.0,0,0.0010136598144584543,0
K,2016-12-05,0.0,0.0,0.0,0.0,0.0,0.0,0.0,0.0,0.0,-0.35460488704253595,0.9350162426854147,train,44.0,0,0.001027689250419541,0
K,2016-12-12,0.0,0.0,0.0,0.0,0.0,0.0,0.0,0.0,0.0,-0.2393156642875578,0.970941817426052,train,44.0,0,0.0010995725046274078,0
K,2016-12-19,0.0,0.0,0.0,0.0,0.0,0.0,0.0,0.0,0.0,-0.12053668025532363,0.992708874098054,train,44.0,0,0.0012403520679879912,0
K,2016-12-26,0.0,0.0,0.0,0.0,0.0,0.0,0.0,0.0,0.0,6.432490598706546e-16,1.0,train,44.0,0,0.001472487075294112,0
K,2017-01-02,0.0,0.0,0.0,0.0,0.0,0.0,0.0,0.0,0.0,0.12053668025532305,0.992708874098054,val,44.0,0,0.0018350101283209402,0
K,2017-01-09,0.0,0.0,0.0,0.0,0.0,0.0,0.0,0.0,0.0,0.23931566428755774,0.970941817426052,val,44.0,0,0.0023926627010834706,0
K,2017-01-16,0.0,0.0,0.0,0.0,0.0,0.0,0.0,0.0,0.0,0.3546048870425356,0.9350162426854148,val,44.0,0,0.0032512491443357117,0
K,2017-01-23,0.0,0.0,0.0,0.0,0.0,0.0,0.0,0.0,0.0,0.4647231720437685,0.8854560256532099,val,44.0,0,0.004582706868592003,0
K,2017-01-30,0.0,0.0,0.0,0.0,0.0,0.0,0.0,0.0,0.0,0.5680647467311558,0.8229838658936564,val,44.0,0,0.006664881096988635,0
K,2017-02-06,0.0,0.0,0.0,0.0,0.0,0.0,0.0,0.0,0.0,0.6631226582407952,0.7485107481711011,val,44.0,0,0.009942118415087976,0
K,2017-02-13,0.0,0.0,0.0,0.0,0.0,0.0,0.0,0.0,0.0,0.7485107481711011,0.6631226582407953,val,44.0,0,0.015111771061456286,0
K,2017-02-20,0.0,0.0,0.0,0.0,0.0,0.0,0.0,0.0,0.0,0.8229838658936564,0.5680647467311559,val,44.0,0,0.023234451648620907,0
K,2017-02-27,0.0,0.0,0.0,0.0,0.0,0.0,0.0,0.0,0.0,0.8854560256532099,0.4647231720437686,val,44.0,0,0.035845078420768846,0
K,2017-03-06,12.0,0.0,0.0,0.0,0.0,0.0,0.0,0.0,0.0,0.9350162426854148,0.35460488704253557,val,44.0,0,0.05499895900443675,0
K,2017-03-13,30.0,12.0,0.0,0.0,0.0,0.0,0.0,0.0,0.0,0.970941817426052,0.23931566428755804,val,44.0,0,0.2417405578997774,0
K,2017-03-20,5.0,30.0,12.0,0.0,0.0,0.0,0.0,0.0,0.0,0.992708874098054,0.120536680255323,val,44.0,0,0.4317591329691943,0
K,2017-03-27,48.0,5.0,30.0,12.0,0.0,0.0,0.0,0.0,0.0,1.0,-1.6081226496766366e-16,val,44.0,1,0.3703536848397133,0
K,2017-04-03,50.0,48.0,5.0,30.0,12.0,0.0,0.0,0.0,0.0,0.992708874098054,-0.12053668025532288,val,44.0,1,0.5734041214755947,0
K,2017-04-10,1.0,50.0,48.0,5.0,30.0,12.0,0.0,0.0,0.0,0.9709418174260521,-0.2393156642875575,val,44.0,0,0.5982673270097907,0
K,2017-04-17,42.0,1.0,50.0,48.0,5.0,30.0,12.0,0.0,0.0,0.9350162426854148,-0.35460488704253545,val,44.0,0,0.531698767909329,0
K,2017-04-24,15.0,42.0,1.0,50.0,48.0,5.0,30.0,12.0,0.0,0.8854560256532099,-0.4647231720437685,val,44.0,0,0.8522261724175739,1
K,2017-05-01,13.0,15.0,42.0,1.0,50.0,48.0,5.0,30.0,12.0,0.8229838658936565,-0.5680647467311557,val,44.0,0,0.6463221019731313,0
K,2017-05-08,95.0,13.0,15.0,42.0,1.0,50.0,48.0,5.0,30.0,0.7485107481711013,-0.663122658240795,val,44.0,1,0.853478992198487,1
K,2017-05-15,61.0,95.0,13.0,15.0,42.0,1.0,50.0,48.0,5.0,0.6631226582407952,-0.7485107481711012,val,44.0,1,0.9271401670255419,1
K,2017-05-22,72.0,61.0,95.0,13.0,15.0,42.0,1.0,50.0,48.0,0.5680647467311558,-0.8229838658936564,val,44.0,1,0.8400372168038401,1
K,2017-05-29,52.0,72.0,61.0,95.0,13.0,15.0,42.0,1.0,50.0,0.46472317204376906,-0.8854560256532096,val,44.0,1,0.9002626624162181,1
K,2017-06-05,0.0,52.0,72.0,61.0,95.0,13.0,15.0,42.0,1.0,0.35460488704253584,-0.9350162426854147,val,44.0,0,0.9053237899350315,1
K,2017-06-12,44.0,0.0,52.0,72.0,61.0,95.0,13.0,15.0,42.0,0.23931566428755768,-0.970941817426052,val,44.0,0,0.4105955915125801,0
K,2017-06-19,51.0,44.0,0.0,52.0,72.0,61.0,95.0,13.0,15.0,0.12053668025532308,-0.992708874098054,val,44.0,1,0.8647481305475154,1
K,2017-06-26,129.0,51.0,44.0,0.0,52.0,72.0,61.0,95.0,13.0,-3.216245299353273e-16,-1.0,val,44.0,1,0.8518574170539215,1
K,2017-07-03,315.0,129.0,51.0,44.0,0.0,52.0,72.0,61.0,95.0,-0.12053668025532283,-0.992708874098054,val,44.0,1,0.9400744807939242,1
K,2017-07-10,21.0,315.0,129.0,51.0,44.0,0.0,52.0,72.0,61.0,-0.23931566428755743,-0.9709418174260521,val,44.0,0,0.8831172982643475,1
K,2017-07-17,15.0,21.0,315.0,129.0,51.0,44.0,0.0,52.0,72.0,-0.3546048870425356,-0.9350162426854148,val,44.0,0,0.4124810528728768,0
K,2017-07-24,0.0,15.0,21.0,315.0,129.0,51.0,44.0,0.0,52.0,-0.46472317204376806,-0.8854560256532101,val,44.0,0,0.3546408641278744,0
K,2017-07-31,0.0,0.0,15.0,21.0,315.0,129.0,51.0,44.0,0.0,-0.5680647467311556,-0.8229838658936566,val,44.0,0,0.17593783059181045,0
K,2017-08-07,1.0,0.0,0.0,15.0,21.0,315.0,129.0,51.0,44.0,-0.663122658240795,-0.7485107481711013,val,44.0,0,0.1292925130418843,0
K,2017-08-14,0.0,1.0,0.0,0.0,15.0,21.0,315.0,129.0,51.0,-0.7485107481711011,-0.6631226582407952,val,44.0,0,0.13505350412177547,0
K,2017-08-21,0.0,0.0,1.0,0.0,0.0,15.0,21.0,315.0,129.0,-0.8229838658936564,-0.5680647467311559,val,44.0,0,0.07187943045705708,0
K,2017-08-28,0.0,0.0,0.0,1.0,0.0,0.0,15.0,21.0,315.0,-0.8854560256532096,-0.4647231720437691,val,44.0,0,0.0310588408499866,0
K,2017-09-04,0.0,0.0,0.0,0.0,1.0,0.0,0.0,15.0,21.0,-0.9350162426854147,-0.3546048870425359,val,44.0,0,0.01642758976634789,0
K,2017-09-11,0.0,0.0,0.0,0.0,0.0,1.0,0.0,0.0,15.0,-0.970941817426052,-0.23931566428755774,val,44.0,0,0.010741608030610281,0
K,2017-09-18,0.0,0.0,0.0,0.0,0.0,0.0,1.0,0.0,0.0,-0.992708874098054,-0.12053668025532357,val,44.0,0,0.013838082968836348,0
K,2017-09-25,0.0,0.0,0.0,0.0,0.0,0.0,0.0,1.0,0.0,-1.0,-1.8369701987210297e-16,val,44.0,0,0.008557224573042334,0
K,2017-10-02,0.0,0.0,0.0,0.0,0.0,0.0,0.0,0.0,1.0,-0.992708874098054,0.1205366802553232,val,44.0,0,0.004772940956948395,0
K,2017-10-09,0.0,0.0,0.0,0.0,0.0,0.0,0.0,0.0,0.0,-0.9709418174260521,0.23931566428755738,val,44.0,0,0.0038330208738699143,0
K,2017-10-16,0.0,0.0,0.0,0.0,0.0,0.0,0.0,0.0,0.0,-0.9350162426854148,0.35460488704253557,val,44.0,0,0.002768712198599736,0
K,2017-10-23,0.0,0.0,0.0,0.0,0.0,0.0,0.0,0.0,0.0,-0.8854560256532101,0.464723172043768,val,44.0,0,0.0020796049249813438,0
K,2017-10-30,0.0,0.0,0.0,0.0,0.0,0.0,0.0,0.0,0.0,-0.822983865893657,0.5680647467311548,val,44.0,0,0.0016312704834727692,0
K,2017-11-06,0.0,0.0,0.0,0.0,0.0,0.0,0.0,0.0,0.0,-0.7485107481711011,0.6631226582407952,val,44.0,0,0.0013411886803814438,0
K,2017-11-13,0.0,0.0,0.0,0.0,0.0,0.0,0.0,0.0,0.0,-0.6631226582407955,0.7485107481711007,val,44.0,0,0.0011591410711975566,0
K,2017-11-20,0.0,0.0,0.0,0.0,0.0,0.0,0.0,0.0,0.0,-0.5680647467311559,0.8229838658936564,val,44.0,0,0.001055366196990406,0
K,2017-11-27,0.0,0.0,0.0,0.0,0.0,0.0,0.0,0.0,0.0,-0.4647231720437684,0.88545602565321,val,44.0,0,0.0010136598144584543,0
K,2017-12-04,0.0,0.0,0.0,0.0,0.0,0.0,0.0,0.0,0.0,-0.35460488704253595,0.9350162426854147,val,44.0,0,0.001027689250419541,0
K,2017-12-11,0.0,0.0,0.0,0.0,0.0,0.0,0.0,0.0,0.0,-0.2393156642875578,0.970941817426052,val,44.0,0,0.0010995725046274078,0
K,2017-12-18,0.0,0.0,0.0,0.0,0.0,0.0,0.0,0.0,0.0,-0.12053668025532363,0.992708874098054,val,44.0,0,0.0012403520679879912,0
K,2017-12-25,0.0,0.0,0.0,0.0,0.0,0.0,0.0,0.0,0.0,6.432490598706546e-16,1.0,val,44.0,0,0.001472487075294112,0
K,2018-01-01,0.0,0.0,0.0,0.0,0.0,0.0,0.0,0.0,0.0,0.12053668025532305,0.992708874098054,test,44.0,0,0.0018350101283209402,0
K,2018-01-08,0.0,0.0,0.0,0.0,0.0,0.0,0.0,0.0,0.0,0.23931566428755774,0.970941817426052,test,44.0,0,0.0023926627010834706,0
K,2018-01-15,0.0,0.0,0.0,0.0,0.0,0.0,0.0,0.0,0.0,0.3546048870425356,0.9350162426854148,test,44.0,0,0.0032512491443357117,0
K,2018-01-22,0.0,0.0,0.0,0.0,0.0,0.0,0.0,0.0,0.0,0.4647231720437685,0.8854560256532099,test,44.0,0,0.004582706868592003,0
K,2018-01-29,0.0,0.0,0.0,0.0,0.0,0.0,0.0,0.0,0.0,0.5680647467311558,0.8229838658936564,test,44.0,0,0.006664881096988635,0
K,2018-02-05,0.0,0.0,0.0,0.0,0.0,0.0,0.0,0.0,0.0,0.6631226582407952,0.7485107481711011,test,44.0,0,0.009942118415087976,0
K,2018-02-12,0.0,0.0,0.0,0.0,0.0,0.0,0.0,0.0,0.0,0.7485107481711011,0.6631226582407953,test,44.0,0,0.015111771061456286,0
K,2018-02-19,0.0,0.0,0.0,0.0,0.0,0.0,0.0,0.0,0.0,0.8229838658936564,0.5680647467311559,test,44.0,0,0.023234451648620907,0
K,2018-02-26,0.0,0.0,0.0,0.0,0.0,0.0,0.0,0.0,0.0,0.8854560256532099,0.4647231720437686,test,44.0,0,0.035845078420768846,0
K,2018-03-05,0.0,0.0,0.0,0.0,0.0,0.0,0.0,0.0,0.0,0.9350162426854148,0.35460488704253557,test,44.0,0,0.05499895900443675,0
K,2018-03-12,0.0,0.0,0.0,0.0,0.0,0.0,0.0,0.0,0.0,0.970941817426052,0.23931566428755804,test,44.0,0,0.08312512207577291,0
K,2018-03-19,0.0,0.0,0.0,0.0,0.0,0.0,0.0,0.0,0.0,0.992708874098054,0.120536680255323,test,44.0,0,0.12252148218693314,0
K,2018-03-26,0.0,0.0,0.0,0.0,0.0,0.0,0.0,0.0,0.0,1.0,-1.6081226496766366e-16,test,44.0,0,0.17442354442181385,0
K,2018-04-02,0.0,0.0,0.0,0.0,0.0,0.0,0.0,0.0,0.0,0.992708874098054,-0.12053668025532288,test,44.0,0,0.23791376886335305,0
K,2018-04-09,0.0,0.0,0.0,0.0,0.0,0.0,0.0,0.0,0.0,0.9709418174260521,-0.2393156642875575,test,44.0,0,0.3093568509944325,0
K,2018-04-16,0.0,0.0,0.0,0.0,0.0,0.0,0.0,0.0,0.0,0.9350162426854148,-0.35460488704253545,test,44.0,0,0.38301063483920167,0
K,2018-04-23,0.0,0.0,0.0,0.0,0.0,0.0,0.0,0.0,0.0,0.8854560256532099,-0.4647231720437685,test,44.0,0,0.4526686731365207,0
K,2018-04-30,59.0,0.0,0.0,0.0,0.0,0.0,0.0,0.0,0.0,0.8229838658936565,-0.5680647467311557,test,44.0,1,0.513340350971132,0
K,2018-05-07,62.0,59.0,0.0,0.0,0.0,0.0,0.0,0.0,0.0,0.7485107481711013,-0.663122658240795,test,44.0,1,0.9052282056088299,1
K,2018-05-14,40.0,62.0,59.0,0.0,0.0,0.0,0.0,0.0,0.0,0.6631226582407952,-0.7485107481711012,test,44.0,0,0.920090899334223,1
K,2018-05-21,2.0,40.0,62.0,59.0,0.0,0.0,0.0,0.0,0.0,0.5680647467311558,-0.8229838658936564,test,44.0,0,0.9266757703778763,1
K,2018-05-28,38.0,2.0,40.0,62.0,59.0,0.0,0.0,0.0,0.0,0.46472317204376906,-0.8854560256532096,test,44.0,0,0.5715446022766941,0
K,2018-06-04,4.0,38.0,2.0,40.0,62.0,59.0,0.0,0.0,0.0,0.35460488704253584,-0.9350162426854147,test,44.0,0,0.8183018582940919,1
K,2018-06-11,13.0,4.0,38.0,2.0,40.0,62.0,59.0,0.0,0.0,0.23931566428755768,-0.970941817426052,test,44.0,0,0.7631858528150768,1
K,2018-06-18,109.0,13.0,4.0,38.0,2.0,40.0,62.0,59.0,0.0,0.12053668025532308,-0.992708874098054,test,44.0,1,0.934695427477183,1
K,2018-06-25,148.0,109.0,13.0,4.0,38.0,2.0,40.0,62.0,59.0,-3.216245299353273e-16,-1.0,test,44.0,1,0.8640576591346572,1
K,2018-07-02,79.0,148.0,109.0,13.0,4.0,38.0,2.0,40.0,62.0,-0.12053668025532283,-0.992708874098054,test,44.0,1,0.8614071449531596,1
K,2018-07-09,25.0,79.0,148.0,109.0,13.0,4.0,38.0,2.0,40.0,-0.23931566428755743,-0.9709418174260521,test,44.0,0,0.8099371928603948,1
K,2018-07-16,0.0,25.0,79.0,148.0,109.0,13.0,4.0,38.0,2.0,-0.3546048870425356,-0.9350162426854148,test,44.0,0,0.6132566727586904,0
K,2018-07-23,0.0,0.0,25.0,79.0,148.0,109.0,13.0,4.0,38.0,-0.46472317204376806,-0.8854560256532101,test,44.0,0,0.11099235422185816,0
K,2018-07-30,3.0,0.0,0.0,25.0,79.0,148.0,109.0,13.0,4.0,-0.5680647467311556,-0.8229838658936566,test,44.0,0,0.1836825698952697,0
K,2018-08-06,0.0,3.0,0.0,0.0,25.0,79.0,148.0,109.0,13.0,-0.663122658240795,-0.7485107481711013,test,44.0,0,0.25099599945401513,0
K,2018-08-13,2.0,0.0,3.0,0.0,0.0,25.0,79.0,148.0,109.0,-0.7485107481711011,-0.6631226582407952,test,44.0,0,0.12974801549065276,0
K,2018-08-20,0.0,2.0,0.0,3.0,0.0,0.0,25.0,79.0,148.0,-0.8229838658936564,-0.5680647467311559,test,44.0,0,0.11183666927653718,0
K,2018-08-27,0.0,0.0,2.0,0.0,3.0,0.0,0.0,25.0,79.0,-0.8854560256532096,-0.4647231720437691,test,44.0,0,0.017416149940285217,0
K,2018-09-03,0.0,0.0,0.0,2.0,0.0,3.0,0.0,0.0,25.0,-0.9350162426854147,-0.3546048870425359,test,44.0,0,0.016001831193926903,0
N,2015-04-06,0.0,56.999998999999995,0.0,0.0,0.0,0.0,0.0,0.0,0.0,0.9709418174260521,-0.2393156642875575,train,35.0,0,0.766293606562775,1
N,2015-04-13,18.0,0.0,56.999998999999995,0.0,0.0,0.0,0.0,0.0,0.0,0.9350162426854148,-0.35460488704253545,train,35.0,0,0.38697633350742994,0
N,2015-04-20,42.0,18.0,0.0,56.999998999999995,0.0,0.0,0.0,0.0,0.0,0.8854560256532099,-0.4647231720437685,train,35.0,1,0.8117626289850421,1
N,2015-04-27,0.0,42.0,18.0,0.0,56.999998999999995,0.0,0.0,0.0,0.0,0.8229838658936565,-0.5680647467311557,train,35.0,0,0.7130254057188914,1
N,2015-05-04,0.0,0.0,42.0,18.0,0.0,56.999998999999995,0.0,0.0,0.0,0.7485107481711013,-0.663122658240795,train,35.0,0,0.6066849654010107,0
N,2015-05-11,0.0,0.0,0.0,42.0,18.0,0.0,56.999998999999995,0.0,0.0,0.6631226582407952,-0.7485107481711012,train,35.0,0,0.6489869837029821,0
N,2015-05-18,21.0,0.0,0.0,0.0,42.0,18.0,0.0,56.999998999999995,0.0,0.5680647467311558,-0.8229838658936564,train,35.0,0,0.4767666600575957,0
N,2015-05-25,133.0,21.0,0.0,0.0,0.0,42.0,18.0,0.0,56.999998999999995,0.46472317204376906,-0.8854560256532096,train,35.0,1,0.8558940660103981,1
N,2015-06-01,50.0,133.0,21.0,0.0,0.0,0.0,42.0,18.0,0.0,0.35460488704253584,-0.9350162426854147,train,35.0,1,0.9794745514359597,1
N,2015-06-08,26.0,50.0,133.0,21.0,0.0,0.0,0.0,42.0,18.0,0.23931566428755768,-0.970941817426052,train,35.0,0,0.905722093767401,1
N,2015-06-15,4.0,26.0,50.0,133.0,21.0,0.0,0.0,0.0,42.0,0.12053668025532308,-0.992708874098054,train,35.0,0,0.6650532803777359,0
N,2015-06-22,7.0,4.0,26.0,50.0,133.0,21.0,0.0,0.0,0.0,-3.216245299353273e-16,-1.0,train,35.0,0,0.4919754175704181,0
N,2015-06-29,6.0,7.0,4.0,26.0,50.0,133.0,21.0,0.0,0.0,-0.12053668025532283,-0.992708874098054,train,35.0,0,0.6804339951214784,1
N,2015-07-06,7.0,6.0,7.0,4.0,26.0,50.0,133.0,21.0,0.0,-0.23931566428755743,-0.9709418174260521,train,35.0,0,0.7461345465471311,1
N,2015-07-13,113.0,7.0,6.0,7.0,4.0,26.0,50.0,133.0,21.0,-0.3546048870425356,-0.9350162426854148,train,35.0,1,0.6484964950630557,0
N,2015-07-20,17.0,113.0,7.0,6.0,7.0,4.0,26.0,50.0,133.0,-0.46472317204376806,-0.8854560256532101,train,35.0,0,0.7063699100781407,1
N,2015-07-27,25.0,17.0,113.0,7.0,6.0,7.0,4.0,26.0,50.0,-0.5680647467311556,-0.8229838658936566,train,35.0,0,0.3731817634814645,0
N,2015-08-03,0.0,25.0,17.0,113.0,7.0,6.0,7.0,4.0,26.0,-0.663122658240795,-0.7485107481711013,train,35.0,0,0.3617646261800086,0
N,2015-08-10,0.0,0.0,25.0,17.0,113.0,7.0,6.0,7.0,4.0,-0.7485107481711011,-0.6631226582407952,train,35.0,0,0.04837676073464767,0
N,2015-08-17,0.0,0.0,0.0,25.0,17.0,113.0,7.0,6.0,7.0,-0.8229838658936564,-0.5680647467311559,train,35.0,0,0.04617745670504032,0
N,2015-08-24,0.0,0.0,0.0,0.0,25.0,17.0,113.0,7.0,6.0,-0.8854560256532096,-0.4647231720437691,train,35.0,0,0.03877523533317272,0
N,2015-08-31,0.0,0.0,0.0,0.0,0.0,25.0,17.0,113.0,7.0,-0.9350162426854147,-0.3546048870425359,train,35.0,0,0.04708723367178067,0
N,2015-09-07,0.0,0.0,0.0,0.0,0.0,0.0,25.0,17.0,113.0,-0.970941817426052,-0.23931566428755774,train,35.0,0,0.01651735911216767,0
N,2015-09-14,0.0,0.0,0.0,0.0,0.0,0.0,0.0,25.0,17.0,-0.992708874098054,-0.12053668025532357,train,35.0,0,0.008867295397157674,0
N,2015-09-21,0.0,0.0,0.0,0.0,0.0,0.0,0.0,0.0,25.0,-1.0,-1.8369701987210297e-16,train,35.0,0,0.004191584907308452,0
N,2015-09-28,0.0,0.0,0.0,0.0,0.0,0.0,0.0,0.0,0.0,-0.992708874098054,0.1205366802553232,train,35.0,0,0.005490457898428141,0
N,2015-10-05,0.0,0.0,0.0,0.0,0.0,0.0,0.0,0.0,0.0,-0.9709418174260521,0.23931566428755738,train,35.0,0,0.0038330208738699143,0
N,2015-10-12,0.0,0.0,0.0,0.0,0.0,0.0,0.0,0.0,0.0,-0.9350162426854148,0.35460488704253557,train,35.0,0,0.002768712198599736,0
N,2015-10-19,0.0,0.0,0.0,0.0,0.0,0.0,0.0,0.0,0.0,-0.8854560256532101,0.464723172043768,train,35.0,0,0.0020796049249813438,0
N,2015-10-26,0.0,0.0,0.0,0.0,0.0,0.0,0.0,0.0,0.0,-0.822983865893657,0.5680647467311548,train,35.0,0,0.0016312704834727692,0
N,2015-11-02,0.0,0.0,0.0,0.0,0.0,0.0,0.0,0.0,0.0,-0.7485107481711011,0.6631226582407952,train,35.0,0,0.0013411886803814438,0
N,2015-11-09,0.0,0.0,0.0,0.0,0.0,0.0,0.0,0.0,0.0,-0.6631226582407955,0.7485107481711007,train,35.0,0,0.0011591410711975566,0
N,2015-11-16,0.0,0.0,0.0,0.0,0.0,0.0,0.0,0.0,0.0,-0.5680647467311559,0.8229838658936564,train,35.0,0,0.001055366196990406,0
N,2015-11-23,0.0,0.0,0.0,0.0,0.0,0.0,0.0,0.0,0.0,-0.4647231720437684,0.88545602565321,train,35.0,0,0.0010136598144584543,0
N,2015-11-30,0.0,0.0,0.0,0.0,0.0,0.0,0.0,0.0,0.0,-0.35460488704253595,0.9350162426854147,train,35.0,0,0.001027689250419541,0
N,2015-12-07,0.0,0.0,0.0,0.0,0.0,0.0,0.0,0.0,0.0,-0.2393156642875578,0.970941817426052,train,35.0,0,0.0010995725046274078,0
N,2015-12-14,0.0,0.0,0.0,0.0,0.0,0.0,0.0,0.0,0.0,-0.12053668025532363,0.992708874098054,train,35.0,0,0.0012403520679879912,0
N,2015-12-21,0.0,0.0,0.0,0.0,0.0,0.0,0.0,0.0,0.0,6.432490598706546e-16,1.0,train,35.0,0,0.001472487075294112,0
N,2015-12-28,0.0,0.0,0.0,0.0,0.0,0.0,0.0,0.0,0.0,0.12053668025532314,0.992708874098054,train,35.0,0,0.0018350101283209402,0
N,2016-01-04,0.0,0.0,0.0,0.0,0.0,0.0,0.0,0.0,0.0,0.12053668025532305,0.992708874098054,train,35.0,0,0.0018350101283209402,0
N,2016-01-11,0.0,0.0,0.0,0.0,0.0,0.0,0.0,0.0,0.0,0.23931566428755774,0.970941817426052,train,35.0,0,0.0023926627010834706,0
N,2016-01-18,0.0,0.0,0.0,0.0,0.0,0.0,0.0,0.0,0.0,0.3546048870425356,0.9350162426854148,train,35.0,0,0.0032512491443357117,0
N,2016-01-25,0.0,0.0,0.0,0.0,0.0,0.0,0.0,0.0,0.0,0.4647231720437685,0.8854560256532099,train,35.0,0,0.004582706868592003,0
N,2016-02-01,0.0,0.0,0.0,0.0,0.0,0.0,0.0,0.0,0.0,0.5680647467311558,0.8229838658936564,train,35.0,0,0.006664881096988635,0
N,2016-02-08,0.0,0.0,0.0,0.0,0.0,0.0,0.0,0.0,0.0,0.6631226582407952,0.7485107481711011,train,35.0,0,0.009942118415087976,0
N,2016-02-15,0.0,0.0,0.0,0.0,0.0,0.0,0.0,0.0,0.0,0.7485107481711011,0.6631226582407953,train,35.0,0,0.015111771061456286,0
N,2016-02-22,0.0,0.0,0.0,0.0,0.0,0.0,0.0,0.0,0.0,0.8229838658936564,0.5680647467311559,train,35.0,0,0.023234451648620907,0
N,2016-02-29,0.0,0.0,0.0,0.0,0.0,0.0,0.0,0.0,0.0,0.8854560256532099,0.4647231720437686,train,35.0,0,0.035845078420768846,0
N,2016-03-07,0.0,0.0,0.0,0.0,0.0,0.0,0.0,0.0,0.0,0.9350162426854148,0.35460488704253557,train,35.0,0,0.05499895900443675,0
N,2016-03-14,0.0,0.0,0.0,0.0,0.0,0.0,0.0,0.0,0.0,0.970941817426052,0.23931566428755804,train,35.0,0,0.08312512207577291,0
N,2016-03-21,0.0,0.0,0.0,0.0,0.0,0.0,0.0,0.0,0.0,0.992708874098054,0.120536680255323,train,35.0,0,0.12252148218693314,0
N,2016-03-28,0.0,0.0,0.0,0.0,0.0,0.0,0.0,0.0,0.0,1.0,-1.6081226496766366e-16,train,35.0,0,0.17442354442181385,0
N,2016-04-04,4.0,0.0,0.0,0.0,0.0,0.0,0.0,0.0,0.0,0.992708874098054,-0.12053668025532288,train,35.0,0,0.23791376886335305,0
N,2016-04-11,0.0,4.0,0.0,0.0,0.0,0.0,0.0,0.0,0.0,0.9709418174260521,-0.2393156642875575,train,35.0,0,0.49647438929917864,0
N,2016-04-18,37.0,0.0,4.0,0.0,0.0,0.0,0.0,0.0,0.0,0.9350162426854148,-0.35460488704253545,train,35.0,1,0.3845806892947082,0
N,2016-04-25,1.0,37.0,0.0,4.0,0.0,0.0,0.0,0.0,0.0,0.8854560256532099,-0.4647231720437685,train,35.0,0,0.8423515729565061,1
N,2016-05-02,16.0,1.0,37.0,0.0,4.0,0.0,0.0,0.0,0.0,0.8229838658936565,-0.5680647467311557,train,35.0,0,0.5030231644562793,0
N,2016-05-09,3.0,16.0,1.0,37.0,0.0,4.0,0.0,0.0,0.0,0.7485107481711013,-0.663122658240795,train,35.0,0,0.8623026766089911,1
N,2016-05-16,33.0,3.0,16.0,1.0,37.0,0.0,4.0,0.0,0.0,0.6631226582407952,-0.7485107481711012,train,35.0,0,0.6282729686520437,0
N,2016-05-23,10.0,33.0,3.0,16.0,1.0,37.0,0.0,4.0,0.0,0.5680647467311558,-0.8229838658936564,train,35.0,0,0.9125521748924713,1
N,2016-05-30,22.0,10.0,33.0,3.0,16.0,1.0,37.0,0.0,4.0,0.46472317204376906,-0.8854560256532096,train,35.0,0,0.8088679874856096,1
N,2016-06-06,38.0,22.0,10.0,33.0,3.0,16.0,1.0,37.0,0.0,0.35460488704253584,-0.9350162426854147,train,35.0,1,0.9120586029854453,1
N,2016-06-13,13.0,38.0,22.0,10.0,33.0,3.0,16.0,1.0,37.0,0.23931566428755768,-0.970941817426052,train,35.0,0,0.7957661282310812,1
N,2016-06-20,25.0,13.0,38.0,22.0,10.0,33.0,3.0,16.0,1.0,0.12053668025532308,-0.992708874098054,train,35.0,0,0.8275861236571674,1
N,2016-06-27,1.0,25.0,13.0,38.0,22.0,10.0,33.0,3.0,16.0,-3.216245299353273e-16,-1.0,train,35.0,0,0.799023315789199,1
N,2016-07-04,35.0,1.0,25.0,13.0,38.0,22.0,10.0,33.0,3.0,-0.12053668025532283,-0.992708874098054,train,35.0,0,0.496219469970252,0
N,2016-07-11,43.0,35.0,1.0,25.0,13.0,38.0,22.0,10.0,33.0,-0.23931566428755743,-0.9709418174260521,train,35.0,1,0.7352664410384369,1
N,2016-07-18,411.0,43.0,35.0,1.0,25.0,13.0,38.0,22.0,10.0,-0.3546048870425356,-0.9350162426854148,train,35.0,1,0.7156688411413584,1
N,2016-07-25,37.0,411.0,43.0,35.0,1.0,25.0,13.0,38.0,22.0,-0.46472317204376806,-0.8854560256532101,train,35.0,1,0.8967398212639771,1
N,2016-08-01,0.0,37.0,411.0,43.0,35.0,1.0,25.0,13.0,38.0,-0.5680647467311556,-0.8229838658936566,train,35.0,0,0.45940664178560303,0
N,2016-08-08,0.0,0.0,37.0,411.0,43.0,35.0,1.0,25.0,13.0,-0.663122658240795,-0.7485107481711013,train,35.0,0,0.0760362829722863,0
N,2016-08-15,0.0,0.0,0.0,37.0,411.0,43.0,35.0,1.0,25.0,-0.7485107481711011,-0.6631226582407952,train,35.0,0,0.032051925427694264,0
N,2016-08-22,0.0,0.0,0.0,0.0,37.0,411.0,43.0,35.0,1.0,-0.8229838658936564,-0.5680647467311559,train,35.0,0,0.06642616816848414,0
N,2016-08-29,0.0,0.0,0.0,0.0,0.0,37.0,411.0,43.0,35.0,-0.8854560256532096,-0.4647231720437691,train,35.0,0,0.08615724423513384,0
N,2016-09-05,0.0,0.0,0.0,0.0,0.0,0.0,37.0,411.0,43.0,-0.9350162426854147,-0.3546048870425359,train,35.0,0,0.04208284669533778,0
N,2016-09-12,0.0,0.0,0.0,0.0,0.0,0.0,0.0,37.0,411.0,-0.970941817426052,-0.23931566428755774,train,35.0,0,0.0074687057550860605,0
N,2016-09-19,0.0,0.0,0.0,0.0,0.0,0.0,0.0,0.0,37.0,-0.992708874098054,-0.12053668025532357,train,35.0,0,0.005862058141709463,0
N,2016-09-26,0.0,0.0,0.0,0.0,0.0,0.0,0.0,0.0,0.0,-1.0,-1.8369701987210297e-16,train,35.0,0,0.008091681810665432,0
N,2016-10-03,0.0,0.0,0.0,0.0,0.0,0.0,0.0,0.0,0.0,-0.992708874098054,0.1205366802553232,train,35.0,0,0.005490457898428141,0
N,2016-10-10,0.0,0.0,0.0,0.0,0.0,0.0,0.0,0.0,0.0,-0.9709418174260521,0.23931566428755738,train,35.0,0,0.0038330208738699143,0
N,2016-10-17,0.0,0.0,0.0,0.0,0.0,0.0,0.0,0.0,0.0,-0.9350162426854148,0.35460488704253557,train,35.0,0,0.002768712198599736,0
N,2016-10-24,0.0,0.0,0.0,0.0,0.0,0.0,0.0,0.0,0.0,-0.8854560256532101,0.464723172043768,train,35.0,0,0.0020796049249813438,0
N,2016-10-31,0.0,0.0,0.0,0.0,0.0,0.0,0.0,0.0,0.0,-0.822983865893657,0.5680647467311548,train,35.0,0,0.0016312704834727692,0
N,2016-11-07,0.0,0.0,0.0,0.0,0.0,0.0,0.0,0.0,0.0,-0.7485107481711011,0.6631226582407952,train,35.0,0,0.0013411886803814438,0
N,2016-11-14,0.0,0.0,0.0,0.0,0.0,0.0,0.0,0.0,0.0,-0.6631226582407955,0.7485107481711007,train,35.0,0,0.0011591410711975566,0
N,2016-11-21,0.0,0.0,0.0,0.0,0.0,0.0,0.0,0.0,0.0,-0.5680647467311559,0.8229838658936564,train,35.0,0,0.001055366196990406,0
N,2016-11-28,0.0,0.0,0.0,0.0,0.0,0.0,0.0,0.0,0.0,-0.4647231720437684,0.88545602565321,train,35.0,0,0.0010136598144584543,0
N,2016-12-05,0.0,0.0,0.0,0.0,0.0,0.0,0.0,0.0,0.0,-0.35460488704253595,0.9350162426854147,train,35.0,0,0.001027689250419541,0
N,2016-12-12,0.0,0.0,0.0,0.0,0.0,0.0,0.0,0.0,0.0,-0.2393156642875578,0.970941817426052,train,35.0,0,0.0010995725046274078,0
N,2016-12-19,0.0,0.0,0.0,0.0,0.0,0.0,0.0,0.0,0.0,-0.12053668025532363,0.992708874098054,train,35.0,0,0.0012403520679879912,0
N,2016-12-26,0.0,0.0,0.0,0.0,0.0,0.0,0.0,0.0,0.0,6.432490598706546e-16,1.0,train,35.0,0,0.001472487075294112,0
N,2017-01-02,0.0,0.0,0.0,0.0,0.0,0.0,0.0,0.0,0.0,0.12053668025532305,0.992708874098054,val,35.0,0,0.0018350101283209402,0
N,2017-01-09,0.0,0.0,0.0,0.0,0.0,0.0,0.0,0.0,0.0,0.23931566428755774,0.970941817426052,val,35.0,0,0.0023926627010834706,0
N,2017-01-16,0.0,0.0,0.0,0.0,0.0,0.0,0.0,0.0,0.0,0.3546048870425356,0.9350162426854148,val,35.0,0,0.0032512491443357117,0
N,2017-01-23,0.0,0.0,0.0,0.0,0.0,0.0,0.0,0.0,0.0,0.4647231720437685,0.8854560256532099,val,35.0,0,0.004582706868592003,0
N,2017-01-30,0.0,0.0,0.0,0.0,0.0,0.0,0.0,0.0,0.0,0.5680647467311558,0.8229838658936564,val,35.0,0,0.006664881096988635,0
N,2017-02-06,0.0,0.0,0.0,0.0,0.0,0.0,0.0,0.0,0.0,0.6631226582407952,0.7485107481711011,val,35.0,0,0.009942118415087976,0
N,2017-02-13,0.0,0.0,0.0,0.0,0.0,0.0,0.0,0.0,0.0,0.7485107481711011,0.6631226582407953,val,35.0,0,0.015111771061456286,0
N,2017-02-20,0.0,0.0,0.0,0.0,0.0,0.0,0.0,0.0,0.0,0.8229838658936564,0.5680647467311559,val,35.0,0,0.023234451648620907,0
N,2017-02-27,0.0,0.0,0.0,0.0,0.0,0.0,0.0,0.0,0.0,0.8854560256532099,0.4647231720437686,val,35.0,0,0.035845078420768846,0
N,2017-03-06,0.0,0.0,0.0,0.0,0.0,0.0,0.0,0.0,0.0,0.9350162426854148,0.35460488704253557,val,35.0,0,0.05499895900443675,0
N,2017-03-13,0.0,0.0,0.0,0.0,0.0,0.0,0.0,0.0,0.0,0.970941817426052,0.23931566428755804,val,35.0,0,0.08312512207577291,0
N,2017-03-20,36.0,0.0,0.0,0.0,0.0,0.0,0.0,0.0,0.0,0.992708874098054,0.120536680255323,val,35.0,1,0.12252148218693314,0
N,2017-03-27,14.0,36.0,0.0,0.0,0.0,0.0,0.0,0.0,0.0,1.0,-1.6081226496766366e-16,val,35.0,0,0.5537052893996461,0
N,2017-04-03,23.0,14.0,36.0,0.0,0.0,0.0,0.0,0.0,0.0,0.992708874098054,-0.12053668025532288,val,35.0,0,0.5444726368358148,0
N,2017-04-10,10.0,23.0,14.0,36.0,0.0,0.0,0.0,0.0,0.0,0.9709418174260521,-0.2393156642875575,val,35.0,0,0.7213071986193715,1
N,2017-04-17,11.0,10.0,23.0,14.0,36.0,0.0,0.0,0.0,0.0,0.9350162426854148,-0.35460488704253545,val,35.0,0,0.49046304827194065,0
N,2017-04-24,3.0,11.0,10.0,23.0,14.0,36.0,0.0,0.0,0.0,0.8854560256532099,-0.4647231720437685,val,35.0,0,0.6341727921341628,0
N,2017-05-01,5.0,3.0,11.0,10.0,23.0,14.0,36.0,0.0,0.0,0.8229838658936565,-0.5680647467311557,val,35.0,0,0.6821442134097553,1
N,2017-05-08,35.0,5.0,3.0,11.0,10.0,23.0,14.0,36.0,0.0,0.7485107481711013,-0.663122658240795,val,35.0,0,0.8144704410348701,1
N,2017-05-15,145.0,35.0,5.0,3.0,11.0,10.0,23.0,14.0,36.0,0.6631226582407952,-0.7485107481711012,val,35.0,1,0.8461271539527854,1
N,2017-05-22,68.0,145.0,35.0,5.0,3.0,11.0,10.0,23.0,14.0,0.5680647467311558,-0.8229838658936564,val,35.0,1,0.9458858851670763,1
N,2017-05-29,79.0,68.0,145.0,35.0,5.0,3.0,11.0,10.0,23.0,0.46472317204376906,-0.8854560256532096,val,35.0,1,0.9156024809951311,1
N,2017-06-05,8.0,79.0,68.0,145.0,35.0,5.0,3.0,11.0,10.0,0.35460488704253584,-0.9350162426854147,val,35.0,0,0.8843692311357866,1
N,2017-06-12,18.0,8.0,79.0,68.0,145.0,35.0,5.0,3.0,11.0,0.23931566428755768,-0.970941817426052,val,35.0,0,0.6198898760555467,0
N,2017-06-19,81.0,18.0,8.0,79.0,68.0,145.0,35.0,5.0,3.0,0.12053668025532308,-0.992708874098054,val,35.0,1,0.8192796588465552,1
N,2017-06-26,136.0,81.0,18.0,8.0,79.0,68.0,145.0,35.0,5.0,-3.216245299353273e-16,-1.0,val,35.0,1,0.9029638225549809,1
N,2017-07-03,458.0,136.0,81.0,18.0,8.0,79.0,68.0,145.0,35.0,-0.12053668025532283,-0.992708874098054,val,35.0,1,0.920984748142953,1
N,2017-07-10,61.0,458.0,136.0,81.0,18.0,8.0,79.0,68.0,145.0,-0.23931566428755743,-0.9709418174260521,val,35.0,1,0.9127943202964764,1
N,2017-07-17,61.0,61.0,458.0,136.0,81.0,18.0,8.0,79.0,68.0,-0.3546048870425356,-0.9350162426854148,val,35.0,1,0.6210538463468318,0
N,2017-07-24,12.0,61.0,61.0,458.0,136.0,81.0,18.0,8.0,79.0,-0.46472317204376806,-0.8854560256532101,val,35.0,0,0.5033778418573318,0
N,2017-07-31,3.0,12.0,61.0,61.0,458.0,136.0,81.0,18.0,8.0,-0.5680647467311556,-0.8229838658936566,val,35.0,0,0.32042827783718125,0
N,2017-08-07,0.0,3.0,12.0,61.0,61.0,458.0,136.0,81.0,18.0,-0.663122658240795,-0.7485107481711013,val,35.0,0,0.2352030872350375,0
N,2017-08-14,0.0,0.0,3.0,12.0,61.0,61.0,458.0,136.0,81.0,-0.7485107481711011,-0.6631226582407952,val,35.0,0,0.08257937362112089,0
N,2017-08-21,0.0,0.0,0.0,3.0,12.0,61.0,61.0,458.0,136.0,-0.8229838658936564,-0.5680647467311559,val,35.0,0,0.051954925729301306,0
N,2017-08-28,0.0,0.0,0.0,0.0,3.0,12.0,61.0,61.0,458.0,-0.8854560256532096,-0.4647231720437691,val,35.0,0,0.02801097138487388,0
N,2017-09-04,0.0,0.0,0.0,0.0,0.0,3.0,12.0,61.0,61.0,-0.9350162426854147,-0.3546048870425359,val,35.0,0,0.028159847693067907,0
N,2017-09-11,0.0,0.0,0.0,0.0,0.0,0.0,3.0,12.0,61.0,-0.970941817426052,-0.23931566428755774,val,35.0,0,0.012922900422816515,0
N,2017-09-18,0.0,0.0,0.0,0.0,0.0,0.0,0.0,3.0,12.0,-0.992708874098054,-0.12053668025532357,val,35.0,0,0.008140599697383758,0
N,2017-09-25,0.0,0.0,0.0,0.0,0.0,0.0,0.0,0.0,3.0,-1.0,-1.8369701987210297e-16,val,35.0,0,0.00611829637594589,0
N,2017-10-02,0.0,0.0,0.0,0.0,0.0,0.0,0.0,0.0,0.0,-0.992708874098054,0.1205366802553232,val,35.0,0,0.005490457898428141,0
N,2017-10-09,0.0,0.0,0.0,0.0,0.0,0.0,0.0,0.0,0.0,-0.9709418174260521,0.23931566428755738,val,35.0,0,0.0038330208738699143,0
N,2017-10-16,0.0,0.0,0.0,0.0,0.0,0.0,0.0,0.0,0.0,-0.9350162426854148,0.35460488704253557,val,35.0,0,0.002768712198599736,0
N,2017-10-23,0.0,0.0,0.0,0.0,0.0,0.0,0.0,0.0,0.0,-0.8854560256532101,0.464723172043768,val,35.0,0,0.0020796049249813438,0
N,2017-10-30,0.0,0.0,0.0,0.0,0.0,0.0,0.0,0.0,0.0,-0.822983865893657,0.5680647467311548,val,35.0,0,0.0016312704834727692,0
N,2017-11-06,0.0,0.0,0.0,0.0,0.0,0.0,0.0,0.0,0.0,-0.7485107481711011,0.6631226582407952,val,35.0,0,0.0013411886803814438,0
N,2017-11-13,0.0,0.0,0.0,0.0,0.0,0.0,0.0,0.0,0.0,-0.6631226582407955,0.7485107481711007,val,35.0,0,0.0011591410711975566,0
N,2017-11-20,0.0,0.0,0.0,0.0,0.0,0.0,0.0,0.0,0.0,-0.5680647467311559,0.8229838658936564,val,35.0,0,0.001055366196990406,0
N,2017-11-27,0.0,0.0,0.0,0.0,0.0,0.0,0.0,0.0,0.0,-0.4647231720437684,0.88545602565321,val,35.0,0,0.0010136598144584543,0
N,2017-12-04,0.0,0.0,0.0,0.0,0.0,0.0,0.0,0.0,0.0,-0.35460488704253595,0.9350162426854147,val,35.0,0,0.001027689250419541,0
N,2017-12-11,0.0,0.0,0.0,0.0,0.0,0.0,0.0,0.0,0.0,-0.2393156642875578,0.970941817426052,val,35.0,0,0.0010995725046274078,0
N,2017-12-18,0.0,0.0,0.0,0.0,0.0,0.0,0.0,0.0,0.0,-0.12053668025532363,0.992708874098054,val,35.0,0,0.0012403520679879912,0
N,2017-12-25,0.0,0.0,0.0,0.0,0.0,0.0,0.0,0.0,0.0,6.432490598706546e-16,1.0,val,35.0,0,0.001472487075294112,0
N,2018-01-01,0.0,0.0,0.0,0.0,0.0,0.0,0.0,0.0,0.0,0.12053668025532305,0.992708874098054,test,35.0,0,0.0018350101283209402,0
N,2018-01-08,0.0,0.0,0.0,0.0,0.0,0.0,0.0,0.0,0.0,0.23931566428755774,0.970941817426052,test,35.0,0,0.0023926627010834706,0
N,2018-01-15,0.0,0.0,0.0,0.0,0.0,0.0,0.0,0.0,0.0,0.3546048870425356,0.9350162426854148,test,35.0,0,0.0032512491443357117,0
N,2018-01-22,0.0,0.0,0.0,0.0,0.0,0.0,0.0,0.0,0.0,0.4647231720437685,0.8854560256532099,test,35.0,0,0.004582706868592003,0
N,2018-01-29,0.0,0.0,0.0,0.0,0.0,0.0,0.0,0.0,0.0,0.5680647467311558,0.8229838658936564,test,35.0,0,0.006664881096988635,0
N,2018-02-05,0.0,0.0,0.0,0.0,0.0,0.0,0.0,0.0,0.0,0.6631226582407952,0.7485107481711011,test,35.0,0,0.009942118415087976,0
N,2018-02-12,0.0,0.0,0.0,0.0,0.0,0.0,0.0,0.0,0.0,0.7485107481711011,0.6631226582407953,test,35.0,0,0.015111771061456286,0
N,2018-02-19,0.0,0.0,0.0,0.0,0.0,0.0,0.0,0.0,0.0,0.8229838658936564,0.5680647467311559,test,35.0,0,0.023234451648620907,0
N,2018-02-26,0.0,0.0,0.0,0.0,0.0,0.0,0.0,0.0,0.0,0.8854560256532099,0.4647231720437686,test,35.0,0,0.035845078420768846,0
N,2018-03-05,0.0,0.0,0.0,0.0,0.0,0.0,0.0,0.0,0.0,0.9350162426854148,0.35460488704253557,test,35.0,0,0.05499895900443675,0
N,2018-03-12,0.0,0.0,0.0,0.0,0.0,0.0,0.0,0.0,0.0,0.970941817426052,0.23931566428755804,test,35.0,0,0.08312512207577291,0
N,2018-03-19,0.0,0.0,0.0,0.0,0.0,0.0,0.0,0.0,0.0,0.992708874098054,0.120536680255323,test,35.0,0,0.12252148218693314,0
N,2018-03-26,0.0,0.0,0.0,0.0,0.0,0.0,0.0,0.0,0.0,1.0,-1.6081226496766366e-16,test,35.0,0,0.17442354442181385,0
N,2018-04-02,0.0,0.0,0.0,0.0,0.0,0.0,0.0,0.0,0.0,0.992708874098054,-0.12053668025532288,test,35.0,0,0.23791376886335305,0
N,2018-04-09,0.0,0.0,0.0,0.0,0.0,0.0,0.0,0.0,0.0,0.9709418174260521,-0.2393156642875575,test,35.0,0,0.3093568509944325,0
N,2018-04-16,0.0,0.0,0.0,0.0,0.0,0.0,0.0,0.0,0.0,0.9350162426854148,-0.35460488704253545,test,35.0,0,0.38301063483920167,0
N,2018-04-23,0.0,0.0,0.0,0.0,0.0,0.0,0.0,0.0,0.0,0.8854560256532099,-0.4647231720437685,test,35.0,0,0.4526686731365207,0
N,2018-04-30,15.0,0.0,0.0,0.0,0.0,0.0,0.0,0.0,0.0,0.8229838658936565,-0.5680647467311557,test,35.0,0,0.513340350971132,0
N,2018-05-07,15.0,15.0,0.0,0.0,0.0,0.0,0.0,0.0,0.0,0.7485107481711013,-0.663122658240795,test,35.0,0,0.8332344230876523,1
N,2018-05-14,53.0,15.0,15.0,0.0,0.0,0.0,0.0,0.0,0.0,0.6631226582407952,-0.7485107481711012,test,35.0,1,0.8539872037675121,1
N,2018-05-21,10.0,53.0,15.0,15.0,0.0,0.0,0.0,0.0,0.0,0.5680647467311558,-0.8229838658936564,test,35.0,0,0.9307589999085384,1
N,2018-05-28,9.0,10.0,53.0,15.0,15.0,0.0,0.0,0.0,0.0,0.46472317204376906,-0.8854560256532096,test,35.0,0,0.7651980683784853,1
N,2018-06-04,3.0,9.0,10.0,53.0,15.0,15.0,0.0,0.0,0.0,0.35460488704253584,-0.9350162426854147,test,35.0,0,0.7665056268433946,1
N,2018-06-11,0.0,3.0,9.0,10.0,53.0,15.0,15.0,0.0,0.0,0.23931566428755768,-0.970941817426052,test,35.0,0,0.6907180255940129,1
N,2018-06-18,30.0,0.0,3.0,9.0,10.0,53.0,15.0,15.0,0.0,0.12053668025532308,-0.992708874098054,test,35.0,0,0.6495556245187822,0
N,2018-06-25,24.0,30.0,0.0,3.0,9.0,10.0,53.0,15.0,15.0,-3.216245299353273e-16,-1.0,test,35.0,0,0.8525385806174615,1
N,2018-07-02,2.0,24.0,30.0,0.0,3.0,9.0,10.0,53.0,15.0,-0.12053668025532283,-0.992708874098054,test,35.0,0,0.80244836869534,1
N,2018-07-09,1.0,2.0,24.0,30.0,0.0,3.0,9.0,10.0,53.0,-0.23931566428755743,-0.9709418174260521,test,35.0,0,0.5533632378612324,0
N,2018-07-16,1.0,1.0,2.0,24.0,30.0,0.0,3.0,9.0,10.0,-0.3546048870425356,-0.9350162426854148,test,35.0,0,0.26559890364408567,0
N,2018-07-23,0.0,1.0,1.0,2.0,24.0,30.0,0.0,3.0,9.0,-0.46472317204376806,-0.8854560256532101,test,35.0,0,0.15242989616904554,0
N,2018-07-30,0.0,0.0,1.0,1.0,2.0,24.0,30.0,0.0,3.0,-0.5680647467311556,-0.8229838658936566,test,35.0,0,0.2273244772734525,0
N,2018-08-06,0.0,0.0,0.0,1.0,1.0,2.0,24.0,30.0,0.0,-0.663122658240795,-0.7485107481711013,test,35.0,0,0.2654560076627455,0
N,2018-08-13,2.0,0.0,0.0,0.0,1.0,1.0,2.0,24.0,30.0,-0.7485107481711011,-0.6631226582407952,test,35.0,0,0.07003676115908901,0
N,2018-08-20,0.0,2.0,0.0,0.0,0.0,1.0,1.0,2.0,24.0,-0.8229838658936564,-0.5680647467311559,test,35.0,0,0.07451940131655346,0
N,2018-08-27,0.0,0.0,2.0,0.0,0.0,0.0,1.0,1.0,2.0,-0.8854560256532096,-0.4647231720437691,test,35.0,0,0.04288951025061262,0
N,2018-09-03,0.0,0.0,0.0,2.0,0.0,0.0,0.0,1.0,1.0,-0.9350162426854147,-0.3546048870425359,test,35.0,0,0.027986936394177656,0
P,2015-04-06,0.9999996999999999,0.0,0.0,0.0,0.0,0.0,0.0,0.0,0.0,0.9709418174260521,-0.2393156642875575,train,0.0,1,0.3093568509944325,0
P,2015-04-13,0.0,0.9999996999999999,0.0,0.0,0.0,0.0,0.0,0.0,0.0,0.9350162426854148,-0.35460488704253545,train,0.0,0,0.4658098190306735,0
P,2015-04-20,0.0,0.0,0.9999996999999999,0.0,0.0,0.0,0.0,0.0,0.0,0.8854560256532099,-0.4647231720437685,train,0.0,0,0.45337715825498304,0
P,2015-04-27,0.0,0.0,0.0,0.9999996999999999,0.0,0.0,0.0,0.0,0.0,0.8229838658936565,-0.5680647467311557,train,0.0,0,0.5222010008056559,0
P,2015-05-04,0.0,0.0,0.0,0.0,0.9999996999999999,0.0,0.0,0.0,0.0,0.7485107481711013,-0.663122658240795,train,0.0,0,0.5197088343024309,0
P,2015-05-11,0.0,0.0,0.0,0.0,0.0,0.9999996999999999,0.0,0.0,0.0,0.6631226582407952,-0.7485107481711012,train,0.0,0,0.5983373607453312,0
P,2015-05-18,0.0,0.0,0.0,0.0,0.0,0.0,0.9999996999999999,0.0,0.0,0.5680647467311558,-0.8229838658936564,train,0.0,0,0.649683727671163,0
P,2015-05-25,0.0,0.0,0.0,0.0,0.0,0.0,0.0,0.9999996999999999,0.0,0.46472317204376906,-0.8854560256532096,train,0.0,0,0.6424911752954686,0
P,2015-06-01,8.0,0.0,0.0,0.0,0.0,0.0,0.0,0.0,0.9999996999999999,0.35460488704253584,-0.9350162426854147,train,0.0,1,0.5927280601482818,0
P,2015-06-08,3.0,8.0,0.0,0.0,0.0,0.0,0.0,0.0,0.0,0.23931566428755768,-0.970941817426052,train,0.0,1,0.8213515109003671,1
P,2015-06-15,0.0,3.0,8.0,0.0,0.0,0.0,0.0,0.0,0.0,0.12053668025532308,-0.992708874098054,train,0.0,0,0.7342750761380346,1
P,2015-06-22,0.0,0.0,3.0,8.0,0.0,0.0,0.0,0.0,0.0,-3.216245299353273e-16,-1.0,train,0.0,0,0.5681122290595081,0
P,2015-06-29,3.0,0.0,0.0,3.0,8.0,0.0,0.0,0.0,0.0,-0.12053668025532283,-0.992708874098054,train,0.0,1,0.3695132207851063,0
P,2015-07-06,0.0,3.0,0.0,0.0,3.0,8.0,0.0,0.0,0.0,-0.23931566428755743,-0.9709418174260521,train,0.0,0,0.5043921357941646,0
P,2015-07-13,0.0,0.0,3.0,0.0,0.0,3.0,8.0,0.0,0.0,-0.3546048870425356,-0.9350162426854148,train,0.0,0,0.4452924029061494,0
P,2015-07-20,0.0,0.0,0.0,3.0,0.0,0.0,3.0,8.0,0.0,-0.46472317204376806,-0.8854560256532101,train,0.0,0,0.3831322273303775,0
P,2015-07-27,1.0,0.0,0.0,0.0,3.0,0.0,0.0,3.0,8.0,-0.5680647467311556,-0.8229838658936566,train,0.0,1,0.11570268395598149,0
P,2015-08-03,0.0,1.0,0.0,0.0,0.0,3.0,0.0,0.0,3.0,-0.663122658240795,-0.7485107481711013,train,0.0,0,0.1547134478374482,0
P,2015-08-10,0.0,0.0,1.0,0.0,0.0,0.0,3.0,0.0,0.0,-0.7485107481711011,-0.6631226582407952,train,0.0,0,0.12708060705483762,0
P,2015-08-17,0.0,0.0,0.0,1.0,0.0,0.0,0.0,3.0,0.0,-0.8229838658936564,-0.5680647467311559,train,0.0,0,0.07752405109473368,0
P,2015-08-24,0.0,0.0,0.0,0.0,1.0,0.0,0.0,0.0,3.0,-0.8854560256532096,-0.4647231720437691,train,0.0,0,0.028651613707768697,0
P,2015-08-31,0.0,0.0,0.0,0.0,0.0,1.0,0.0,0.0,0.0,-0.9350162426854147,-0.3546048870425359,train,0.0,0,0.028846322554597594,0
P,2015-09-07,0.0,0.0,0.0,0.0,0.0,0.0,1.0,0.0,0.0,-0.970941817426052,-0.23931566428755774,train,0.0,0,0.02115414778639684,0
P,2015-09-14,0.0,0.0,0.0,0.0,0.0,0.0,0.0,1.0,0.0,-0.992708874098054,-0.12053668025532357,train,0.0,0,0.012891464117906168,0
P,2015-09-21,0.0,0.0,0.0,0.0,0.0,0.0,0.0,0.0,1.0,-1.0,-1.8369701987210297e-16,train,0.0,0,0.0070366308365686124,0
P,2015-09-28,0.0,0.0,0.0,0.0,0.0,0.0,0.0,0.0,0.0,-0.992708874098054,0.1205366802553232,train,0.0,0,0.005490457898428141,0
P,2015-10-05,0.0,0.0,0.0,0.0,0.0,0.0,0.0,0.0,0.0,-0.9709418174260521,0.23931566428755738,train,0.0,0,0.0038330208738699143,0
P,2015-10-12,0.0,0.0,0.0,0.0,0.0,0.0,0.0,0.0,0.0,-0.9350162426854148,0.35460488704253557,train,0.0,0,0.002768712198599736,0
P,2015-10-19,0.0,0.0,0.0,0.0,0.0,0.0,0.0,0.0,0.0,-0.8854560256532101,0.464723172043768,train,0.0,0,0.0020796049249813438,0
P,2015-10-26,0.0,0.0,0.0,0.0,0.0,0.0,0.0,0.0,0.0,-0.822983865893657,0.5680647467311548,train,0.0,0,0.0016312704834727692,0
P,2015-11-02,0.0,0.0,0.0,0.0,0.0,0.0,0.0,0.0,0.0,-0.7485107481711011,0.6631226582407952,train,0.0,0,0.0013411886803814438,0
P,2015-11-09,0.0,0.0,0.0,0.0,0.0,0.0,0.0,0.0,0.0,-0.6631226582407955,0.7485107481711007,train,0.0,0,0.0011591410711975566,0
P,2015-11-16,0.0,0.0,0.0,0.0,0.0,0.0,0.0,0.0,0.0,-0.5680647467311559,0.8229838658936564,train,0.0,0,0.001055366196990406,0
P,2015-11-23,0.0,0.0,0.0,0.0,0.0,0.0,0.0,0.0,0.0,-0.4647231720437684,0.88545602565321,train,0.0,0,0.0010136598144584543,0
P,2015-11-30,0.0,0.0,0.0,0.0,0.0,0.0,0.0,0.0,0.0,-0.35460488704253595,0.9350162426854147,train,0.0,0,0.001027689250419541,0
P,2015-12-07,0.0,0.0,0.0,0.0,0.0,0.0,0.0,0.0,0.0,-0.2393156642875578,0.970941817426052,train,0.0,0,0.0010995725046274078,0
P,2015-12-14,0.0,0.0,0.0,0.0,0.0,0.0,0.0,0.0,0.0,-0.12053668025532363,0.992708874098054,train,0.0,0,0.0012403520679879912,0
P,2015-12-21,0.0,0.0,0.0,0.0,0.0,0.0,0.0,0.0,0.0,6.432490598706546e-16,1.0,train,0.0,0,0.001472487075294112,0
P,2015-12-28,0.0,0.0,0.0,0.0,0.0,0.0,0.0,0.0,0.0,0.12053668025532314,0.992708874098054,train,0.0,0,0.0018350101283209402,0
P,2016-01-04,0.0,0.0,0.0,0.0,0.0,0.0,0.0,0.0,0.0,0.12053668025532305,0.992708874098054,train,0.0,0,0.0018350101283209402,0
P,2016-01-11,0.0,0.0,0.0,0.0,0.0,0.0,0.0,0.0,0.0,0.23931566428755774,0.970941817426052,train,0.0,0,0.0023926627010834706,0
P,2016-01-18,0.0,0.0,0.0,0.0,0.0,0.0,0.0,0.0,0.0,0.3546048870425356,0.9350162426854148,train,0.0,0,0.0032512491443357117,0
P,2016-01-25,0.0,0.0,0.0,0.0,0.0,0.0,0.0,0.0,0.0,0.4647231720437685,0.8854560256532099,train,0.0,0,0.004582706868592003,0
P,2016-02-01,0.0,0.0,0.0,0.0,0.0,0.0,0.0,0.0,0.0,0.5680647467311558,0.8229838658936564,train,0.0,0,0.006664881096988635,0
P,2016-02-08,0.0,0.0,0.0,0.0,0.0,0.0,0.0,0.0,0.0,0.6631226582407952,0.7485107481711011,train,0.0,0,0.009942118415087976,0
P,2016-02-15,0.0,0.0,0.0,0.0,0.0,0.0,0.0,0.0,0.0,0.7485107481711011,0.6631226582407953,train,0.0,0,0.015111771061456286,0
P,2016-02-22,0.0,0.0,0.0,0.0,0.0,0.0,0.0,0.0,0.0,0.8229838658936564,0.5680647467311559,train,0.0,0,0.023234451648620907,0
P,2016-02-29,0.0,0.0,0.0,0.0,0.0,0.0,0.0,0.0,0.0,0.8854560256532099,0.4647231720437686,train,0.0,0,0.035845078420768846,0
P,2016-03-07,0.0,0.0,0.0,0.0,0.0,0.0,0.0,0.0,0.0,0.9350162426854148,0.35460488704253557,train,0.0,0,0.05499895900443675,0
P,2016-03-14,0.0,0.0,0.0,0.0,0.0,0.0,0.0,0.0,0.0,0.970941817426052,0.23931566428755804,train,0.0,0,0.08312512207577291,0
P,2016-03-21,0.0,0.0,0.0,0.0,0.0,0.0,0.0,0.0,0.0,0.992708874098054,0.120536680255323,train,0.0,0,0.12252148218693314,0
P,2016-03-28,0.0,0.0,0.0,0.0,0.0,0.0,0.0,0.0,0.0,1.0,-1.6081226496766366e-16,train,0.0,0,0.17442354442181385,0
P,2016-04-04,0.0,0.0,0.0,0.0,0.0,0.0,0.0,0.0,0.0,0.992708874098054,-0.12053668025532288,train,0.0,0,0.23791376886335305,0
P,2016-04-11,0.0,0.0,0.0,0.0,0.0,0.0,0.0,0.0,0.0,0.9709418174260521,-0.2393156642875575,train,0.0,0,0.3093568509944325,0
P,2016-04-18,0.0,0.0,0.0,0.0,0.0,0.0,0.0,0.0,0.0,0.9350162426854148,-0.35460488704253545,train,0.0,0,0.38301063483920167,0
P,2016-04-25,0.0,0.0,0.0,0.0,0.0,0.0,0.0,0.0,0.0,0.8854560256532099,-0.4647231720437685,train,0.0,0,0.4526686731365207,0
P,2016-05-02,0.0,0.0,0.0,0.0,0.0,0.0,0.0,0.0,0.0,0.8229838658936565,-0.5680647467311557,train,0.0,0,0.513340350971132,0
P,2016-05-09,0.0,0.0,0.0,0.0,0.0,0.0,0.0,0.0,0.0,0.7485107481711013,-0.663122658240795,train,0.0,0,0.5620454149109937,0
P,2016-05-16,0.0,0.0,0.0,0.0,0.0,0.0,0.0,0.0,0.0,0.6631226582407952,-0.7485107481711012,train,0.0,0,0.5976124370762488,0
P,2016-05-23,0.0,0.0,0.0,0.0,0.0,0.0,0.0,0.0,0.0,0.5680647467311558,-0.8229838658936564,train,0.0,0,0.6199702811935952,0
P,2016-05-30,0.0,0.0,0.0,0.0,0.0,0.0,0.0,0.0,0.0,0.46472317204376906,-0.8854560256532096,train,0.0,0,0.6294327992864549,0
P,2016-06-06,0.0,0.0,0.0,0.0,0.0,0.0,0.0,0.0,0.0,0.35460488704253584,-0.9350162426854147,train,0.0,0,0.6262177555541816,0
P,2016-06-13,0.0,0.0,0.0,0.0,0.0,0.0,0.0,0.0,0.0,0.23931566428755768,-0.970941817426052,train,0.0,0,0.6102454742059311,0
P,2016-06-20,0.0,0.0,0.0,0.0,0.0,0.0,0.0,0.0,0.0,0.12053668025532308,-0.992708874098054,train,0.0,0,0.5812068111984415,0
P,2016-06-27,0.0,0.0,0.0,0.0,0.0,0.0,0.0,0.0,0.0,-3.216245299353273e-16,-1.0,train,0.0,0,0.538906039597998,0
P,2016-07-04,0.0,0.0,0.0,0.0,0.0,0.0,0.0,0.0,0.0,-0.12053668025532283,-0.992708874098054,train,0.0,0,0.4838753748844228,0
P,2016-07-11,0.0,0.0,0.0,0.0,0.0,0.0,0.0,0.0,0.0,-0.23931566428755743,-0.9709418174260521,train,0.0,0,0.4181344067028478,0
P,2016-07-18,0.0,0.0,0.0,0.0,0.0,0.0,0.0,0.0,0.0,-0.3546048870425356,-0.9350162426854148,train,0.0,0,0.3457146159700717,0
P,2016-07-25,0.0,0.0,0.0,0.0,0.0,0.0,0.0,0.0,0.0,-0.46472317204376806,-0.8854560256532101,train,0.0,0,0.27239258991562865,0
P,2016-08-01,0.0,0.0,0.0,0.0,0.0,0.0,0.0,0.0,0.0,-0.5680647467311556,-0.8229838658936566,train,0.0,0,0.20437466602823165,0
P,2016-08-08,0.0,0.0,0.0,0.0,0.0,0.0,0.0,0.0,0.0,-0.663122658240795,-0.7485107481711013,train,0.0,0,0.14648924044068048,0
P,2016-08-15,0.0,0.0,0.0,0.0,0.0,0.0,0.0,0.0,0.0,-0.7485107481711011,-0.6631226582407952,train,0.0,0,0.10098431484725731,0
P,2016-08-22,0.0,0.0,0.0,0.0,0.0,0.0,0.0,0.0,0.0,-0.8229838658936564,-0.5680647467311559,train,0.0,0,0.06756061409827285,0
P,2016-08-29,0.0,0.0,0.0,0.0,0.0,0.0,0.0,0.0,0.0,-0.8854560256532096,-0.4647231720437691,train,0.0,0,0.04430489602021936,0
P,2016-09-05,0.0,0.0,0.0,0.0,0.0,0.0,0.0,0.0,0.0,-0.9350162426854147,-0.3546048870425359,train,0.0,0,0.028761966192994218,0
P,2016-09-12,0.0,0.0,0.0,0.0,0.0,0.0,0.0,0.0,0.0,-0.970941817426052,-0.23931566428755774,train,0.0,0,0.01865581403529651,0
P,2016-09-19,0.0,0.0,0.0,0.0,0.0,0.0,0.0,0.0,0.0,-0.992708874098054,-0.12053668025532357,train,0.0,0,0.012193023560114636,0
P,2016-09-26,0.0,0.0,0.0,0.0,0.0,0.0,0.0,0.0,0.0,-1.0,-1.8369701987210297e-16,train,0.0,0,0.008091681810665432,0
P,2016-10-03,0.0,0.0,0.0,0.0,0.0,0.0,0.0,0.0,0.0,-0.992708874098054,0.1205366802553232,train,0.0,0,0.005490457898428141,0
P,2016-10-10,0.0,0.0,0.0,0.0,0.0,0.0,0.0,0.0,0.0,-0.9709418174260521,0.23931566428755738,train,0.0,0,0.0038330208738699143,0
P,2016-10-17,0.0,0.0,0.0,0.0,0.0,0.0,0.0,0.0,0.0,-0.9350162426854148,0.35460488704253557,train,0.0,0,0.002768712198599736,0
P,2016-10-24,0.0,0.0,0.0,0.0,0.0,0.0,0.0,0.0,0.0,-0.8854560256532101,0.464723172043768,train,0.0,0,0.0020796049249813438,0
P,2016-10-31,0.0,0.0,0.0,0.0,0.0,0.0,0.0,0.0,0.0,-0.822983865893657,0.5680647467311548,train,0.0,0,0.0016312704834727692,0
P,2016-11-07,0.0,0.0,0.0,0.0,0.0,0.0,0.0,0.0,0.0,-0.7485107481711011,0.6631226582407952,train,0.0,0,0.0013411886803814438,0
P,2016-11-14,0.0,0.0,0.0,0.0,0.0,0.0,0.0,0.0,0.0,-0.6631226582407955,0.7485107481711007,train,0.0,0,0.0011591410711975566,0
P,2016-11-21,0.0,0.0,0.0,0.0,0.0,0.0,0.0,0.0,0.0,-0.5680647467311559,0.8229838658936564,train,0.0,0,0.001055366196990406,0
P,2016-11-28,0.0,0.0,0.0,0.0,0.0,0.0,0.0,0.0,0.0,-0.4647231720437684,0.88545602565321,train,0.0,0,0.0010136598144584543,0
P,2016-12-05,0.0,0.0,0.0,0.0,0.0,0.0,0.0,0.0,0.0,-0.35460488704253595,0.9350162426854147,train,0.0,0,0.001027689250419541,0
P,2016-12-12,0.0,0.0,0.0,0.0,0.0,0.0,0.0,0.0,0.0,-0.2393156642875578,0.970941817426052,train,0.0,0,0.0010995725046274078,0
P,2016-12-19,0.0,0.0,0.0,0.0,0.0,0.0,0.0,0.0,0.0,-0.12053668025532363,0.992708874098054,train,0.0,0,0.0012403520679879912,0
P,2016-12-26,0.0,0.0,0.0,0.0,0.0,0.0,0.0,0.0,0.0,6.432490598706546e-16,1.0,train,0.0,0,0.001472487075294112,0
P,2017-01-02,0.0,0.0,0.0,0.0,0.0,0.0,0.0,0.0,0.0,0.12053668025532305,0.992708874098054,val,0.0,0,0.0018350101283209402,0
P,2017-01-09,0.0,0.0,0.0,0.0,0.0,0.0,0.0,0.0,0.0,0.23931566428755774,0.970941817426052,val,0.0,0,0.0023926627010834706,0
P,2017-01-16,0.0,0.0,0.0,0.0,0.0,0.0,0.0,0.0,0.0,0.3546048870425356,0.9350162426854148,val,0.0,0,0.0032512491443357117,0
P,2017-01-23,0.0,0.0,0.0,0.0,0.0,0.0,0.0,0.0,0.0,0.4647231720437685,0.8854560256532099,val,0.0,0,0.004582706868592003,0
P,2017-01-30,0.0,0.0,0.0,0.0,0.0,0.0,0.0,0.0,0.0,0.5680647467311558,0.8229838658936564,val,0.0,0,0.006664881096988635,0
P,2017-02-06,0.0,0.0,0.0,0.0,0.0,0.0,0.0,0.0,0.0,0.6631226582407952,0.7485107481711011,val,0.0,0,0.009942118415087976,0
P,2017-02-13,0.0,0.0,0.0,0.0,0.0,0.0,0.0,0.0,0.0,0.7485107481711011,0.6631226582407953,val,0.0,0,0.015111771061456286,0
P,2017-02-20,0.0,0.0,0.0,0.0,0.0,0.0,0.0,0.0,0.0,0.8229838658936564,0.5680647467311559,val,0.0,0,0.023234451648620907,0
P,2017-02-27,0.0,0.0,0.0,0.0,0.0,0.0,0.0,0.0,0.0,0.8854560256532099,0.4647231720437686,val,0.0,0,0.035845078420768846,0
P,2017-03-06,0.0,0.0,0.0,0.0,0.0,0.0,0.0,0.0,0.0,0.9350162426854148,0.35460488704253557,val,0.0,0,0.05499895900443675,0
P,2017-03-13,0.0,0.0,0.0,0.0,0.0,0.0,0.0,0.0,0.0,0.970941817426052,0.23931566428755804,val,0.0,0,0.08312512207577291,0
P,2017-03-20,0.0,0.0,0.0,0.0,0.0,0.0,0.0,0.0,0.0,0.992708874098054,0.120536680255323,val,0.0,0,0.12252148218693314,0
P,2017-03-27,0.0,0.0,0.0,0.0,0.0,0.0,0.0,0.0,0.0,1.0,-1.6081226496766366e-16,val,0.0,0,0.17442354442181385,0
P,2017-04-03,0.0,0.0,0.0,0.0,0.0,0.0,0.0,0.0,0.0,0.992708874098054,-0.12053668025532288,val,0.0,0,0.23791376886335305,0
P,2017-04-10,0.0,0.0,0.0,0.0,0.0,0.0,0.0,0.0,0.0,0.9709418174260521,-0.2393156642875575,val,0.0,0,0.3093568509944325,0
P,2017-04-17,0.0,0.0,0.0,0.0,0.0,0.0,0.0,0.0,0.0,0.9350162426854148,-0.35460488704253545,val,0.0,0,0.38301063483920167,0
P,2017-04-24,0.0,0.0,0.0,0.0,0.0,0.0,0.0,0.0,0.0,0.8854560256532099,-0.4647231720437685,val,0.0,0,0.4526686731365207,0
P,2017-05-01,0.0,0.0,0.0,0.0,0.0,0.0,0.0,0.0,0.0,0.8229838658936565,-0.5680647467311557,val,0.0,0,0.513340350971132,0
P,2017-05-08,0.0,0.0,0.0,0.0,0.0,0.0,0.0,0.0,0.0,0.7485107481711013,-0.663122658240795,val,0.0,0,0.5620454149109937,0
P,2017-05-15,0.0,0.0,0.0,0.0,0.0,0.0,0.0,0.0,0.0,0.6631226582407952,-0.7485107481711012,val,0.0,0,0.5976124370762488,0
P,2017-05-22,0.0,0.0,0.0,0.0,0.0,0.0,0.0,0.0,0.0,0.5680647467311558,-0.8229838658936564,val,0.0,0,0.6199702811935952,0
P,2017-05-29,0.0,0.0,0.0,0.0,0.0,0.0,0.0,0.0,0.0,0.46472317204376906,-0.8854560256532096,val,0.0,0,0.6294327992864549,0
P,2017-06-05,0.0,0.0,0.0,0.0,0.0,0.0,0.0,0.0,0.0,0.35460488704253584,-0.9350162426854147,val,0.0,0,0.6262177555541816,0
P,2017-06-12,0.0,0.0,0.0,0.0,0.0,0.0,0.0,0.0,0.0,0.23931566428755768,-0.970941817426052,val,0.0,0,0.6102454742059311,0
P,2017-06-19,0.0,0.0,0.0,0.0,0.0,0.0,0.0,0.0,0.0,0.12053668025532308,-0.992708874098054,val,0.0,0,0.5812068111984415,0
P,2017-06-26,0.0,0.0,0.0,0.0,0.0,0.0,0.0,0.0,0.0,-3.216245299353273e-16,-1.0,val,0.0,0,0.538906039597998,0
P,2017-07-03,0.0,0.0,0.0,0.0,0.0,0.0,0.0,0.0,0.0,-0.12053668025532283,-0.992708874098054,val,0.0,0,0.4838753748844228,0
P,2017-07-10,0.0,0.0,0.0,0.0,0.0,0.0,0.0,0.0,0.0,-0.23931566428755743,-0.9709418174260521,val,0.0,0,0.4181344067028478,0
P,2017-07-17,0.0,0.0,0.0,0.0,0.0,0.0,0.0,0.0,0.0,-0.3546048870425356,-0.9350162426854148,val,0.0,0,0.3457146159700717,0
P,2017-07-24,0.0,0.0,0.0,0.0,0.0,0.0,0.0,0.0,0.0,-0.46472317204376806,-0.8854560256532101,val,0.0,0,0.27239258991562865,0
P,2017-07-31,0.0,0.0,0.0,0.0,0.0,0.0,0.0,0.0,0.0,-0.5680647467311556,-0.8229838658936566,val,0.0,0,0.20437466602823165,0
P,2017-08-07,0.0,0.0,0.0,0.0,0.0,0.0,0.0,0.0,0.0,-0.663122658240795,-0.7485107481711013,val,0.0,0,0.14648924044068048,0
P,2017-08-14,0.0,0.0,0.0,0.0,0.0,0.0,0.0,0.0,0.0,-0.7485107481711011,-0.6631226582407952,val,0.0,0,0.10098431484725731,0
P,2017-08-21,0.0,0.0,0.0,0.0,0.0,0.0,0.0,0.0,0.0,-0.8229838658936564,-0.5680647467311559,val,0.0,0,0.06756061409827285,0
P,2017-08-28,0.0,0.0,0.0,0.0,0.0,0.0,0.0,0.0,0.0,-0.8854560256532096,-0.4647231720437691,val,0.0,0,0.04430489602021936,0
P,2017-09-04,0.0,0.0,0.0,0.0,0.0,0.0,0.0,0.0,0.0,-0.9350162426854147,-0.3546048870425359,val,0.0,0,0.028761966192994218,0
P,2017-09-11,0.0,0.0,0.0,0.0,0.0,0.0,0.0,0.0,0.0,-0.970941817426052,-0.23931566428755774,val,0.0,0,0.01865581403529651,0
P,2017-09-18,0.0,0.0,0.0,0.0,0.0,0.0,0.0,0.0,0.0,-0.992708874098054,-0.12053668025532357,val,0.0,0,0.012193023560114636,0
P,2017-09-25,0.0,0.0,0.0,0.0,0.0,0.0,0.0,0.0,0.0,-1.0,-1.8369701987210297e-16,val,0.0,0,0.008091681810665432,0
P,2017-10-02,0.0,0.0,0.0,0.0,0.0,0.0,0.0,0.0,0.0,-0.992708874098054,0.1205366802553232,val,0.0,0,0.005490457898428141,0
P,2017-10-09,0.0,0.0,0.0,0.0,0.0,0.0,0.0,0.0,0.0,-0.9709418174260521,0.23931566428755738,val,0.0,0,0.0038330208738699143,0
P,2017-10-16,0.0,0.0,0.0,0.0,0.0,0.0,0.0,0.0,0.0,-0.9350162426854148,0.35460488704253557,val,0.0,0,0.002768712198599736,0
P,2017-10-23,0.0,0.0,0.0,0.0,0.0,0.0,0.0,0.0,0.0,-0.8854560256532101,0.464723172043768,val,0.0,0,0.0020796049249813438,0
P,2017-10-30,0.0,0.0,0.0,0.0,0.0,0.0,0.0,0.0,0.0,-0.822983865893657,0.5680647467311548,val,0.0,0,0.0016312704834727692,0
P,2017-11-06,0.0,0.0,0.0,0.0,0.0,0.0,0.0,0.0,0.0,-0.7485107481711011,0.6631226582407952,val,0.0,0,0.0013411886803814438,0
P,2017-11-13,0.0,0.0,0.0,0.0,0.0,0.0,0.0,0.0,0.0,-0.6631226582407955,0.7485107481711007,val,0.0,0,0.0011591410711975566,0
P,2017-11-20,0.0,0.0,0.0,0.0,0.0,0.0,0.0,0.0,0.0,-0.5680647467311559,0.8229838658936564,val,0.0,0,0.001055366196990406,0
P,2017-11-27,0.0,0.0,0.0,0.0,0.0,0.0,0.0,0.0,0.0,-0.4647231720437684,0.88545602565321,val,0.0,0,0.0010136598144584543,0
P,2017-12-04,0.0,0.0,0.0,0.0,0.0,0.0,0.0,0.0,0.0,-0.35460488704253595,0.9350162426854147,val,0.0,0,0.001027689250419541,0
P,2017-12-11,0.0,0.0,0.0,0.0,0.0,0.0,0.0,0.0,0.0,-0.2393156642875578,0.970941817426052,val,0.0,0,0.0010995725046274078,0
P,2017-12-18,0.0,0.0,0.0,0.0,0.0,0.0,0.0,0.0,0.0,-0.12053668025532363,0.992708874098054,val,0.0,0,0.0012403520679879912,0
P,2017-12-25,0.0,0.0,0.0,0.0,0.0,0.0,0.0,0.0,0.0,6.432490598706546e-16,1.0,val,0.0,0,0.001472487075294112,0
P,2018-01-01,0.0,0.0,0.0,0.0,0.0,0.0,0.0,0.0,0.0,0.12053668025532305,0.992708874098054,test,0.0,0,0.0018350101283209402,0
P,2018-01-08,0.0,0.0,0.0,0.0,0.0,0.0,0.0,0.0,0.0,0.23931566428755774,0.970941817426052,test,0.0,0,0.0023926627010834706,0
P,2018-01-15,0.0,0.0,0.0,0.0,0.0,0.0,0.0,0.0,0.0,0.3546048870425356,0.9350162426854148,test,0.0,0,0.0032512491443357117,0
P,2018-01-22,0.0,0.0,0.0,0.0,0.0,0.0,0.0,0.0,0.0,0.4647231720437685,0.8854560256532099,test,0.0,0,0.004582706868592003,0
P,2018-01-29,0.0,0.0,0.0,0.0,0.0,0.0,0.0,0.0,0.0,0.5680647467311558,0.8229838658936564,test,0.0,0,0.006664881096988635,0
P,2018-02-05,0.0,0.0,0.0,0.0,0.0,0.0,0.0,0.0,0.0,0.6631226582407952,0.7485107481711011,test,0.0,0,0.009942118415087976,0
P,2018-02-12,0.0,0.0,0.0,0.0,0.0,0.0,0.0,0.0,0.0,0.7485107481711011,0.6631226582407953,test,0.0,0,0.015111771061456286,0
P,2018-02-19,0.0,0.0,0.0,0.0,0.0,0.0,0.0,0.0,0.0,0.8229838658936564,0.5680647467311559,test,0.0,0,0.023234451648620907,0
P,2018-02-26,0.0,0.0,0.0,0.0,0.0,0.0,0.0,0.0,0.0,0.8854560256532099,0.4647231720437686,test,0.0,0,0.035845078420768846,0
P,2018-03-05,0.0,0.0,0.0,0.0,0.0,0.0,0.0,0.0,0.0,0.9350162426854148,0.35460488704253557,test,0.0,0,0.05499895900443675,0
P,2018-03-12,0.0,0.0,0.0,0.0,0.0,0.0,0.0,0.0,0.0,0.970941817426052,0.23931566428755804,test,0.0,0,0.08312512207577291,0
P,2018-03-19,0.0,0.0,0.0,0.0,0.0,0.0,0.0,0.0,0.0,0.992708874098054,0.120536680255323,test,0.0,0,0.12252148218693314,0
P,2018-03-26,0.0,0.0,0.0,0.0,0.0,0.0,0.0,0.0,0.0,1.0,-1.6081226496766366e-16,test,0.0,0,0.17442354442181385,0
P,2018-04-02,0.0,0.0,0.0,0.0,0.0,0.0,0.0,0.0,0.0,0.992708874098054,-0.12053668025532288,test,0.0,0,0.23791376886335305,0
P,2018-04-09,0.0,0.0,0.0,0.0,0.0,0.0,0.0,0.0,0.0,0.9709418174260521,-0.2393156642875575,test,0.0,0,0.3093568509944325,0
P,2018-04-16,0.0,0.0,0.0,0.0,0.0,0.0,0.0,0.0,0.0,0.9350162426854148,-0.35460488704253545,test,0.0,0,0.38301063483920167,0
P,2018-04-23,0.0,0.0,0.0,0.0,0.0,0.0,0.0,0.0,0.0,0.8854560256532099,-0.4647231720437685,test,0.0,0,0.4526686731365207,0
P,2018-04-30,0.0,0.0,0.0,0.0,0.0,0.0,0.0,0.0,0.0,0.8229838658936565,-0.5680647467311557,test,0.0,0,0.513340350971132,0
P,2018-05-07,0.0,0.0,0.0,0.0,0.0,0.0,0.0,0.0,0.0,0.7485107481711013,-0.663122658240795,test,0.0,0,0.5620454149109937,0
P,2018-05-14,0.0,0.0,0.0,0.0,0.0,0.0,0.0,0.0,0.0,0.6631226582407952,-0.7485107481711012,test,0.0,0,0.5976124370762488,0
P,2018-05-21,0.0,0.0,0.0,0.0,0.0,0.0,0.0,0.0,0.0,0.5680647467311558,-0.8229838658936564,test,0.0,0,0.6199702811935952,0
P,2018-05-28,0.0,0.0,0.0,0.0,0.0,0.0,0.0,0.0,0.0,0.46472317204376906,-0.8854560256532096,test,0.0,0,0.6294327992864549,0
P,2018-06-04,0.0,0.0,0.0,0.0,0.0,0.0,0.0,0.0,0.0,0.35460488704253584,-0.9350162426854147,test,0.0,0,0.6262177555541816,0
P,2018-06-11,0.0,0.0,0.0,0.0,0.0,0.0,0.0,0.0,0.0,0.23931566428755768,-0.970941817426052,test,0.0,0,0.6102454742059311,0
P,2018-06-18,0.0,0.0,0.0,0.0,0.0,0.0,0.0,0.0,0.0,0.12053668025532308,-0.992708874098054,test,0.0,0,0.5812068111984415,0
P,2018-06-25,0.0,0.0,0.0,0.0,0.0,0.0,0.0,0.0,0.0,-3.216245299353273e-16,-1.0,test,0.0,0,0.538906039597998,0
P,2018-07-02,0.0,0.0,0.0,0.0,0.0,0.0,0.0,0.0,0.0,-0.12053668025532283,-0.992708874098054,test,0.0,0,0.4838753748844228,0
P,2018-07-09,0.0,0.0,0.0,0.0,0.0,0.0,0.0,0.0,0.0,-0.23931566428755743,-0.9709418174260521,test,0.0,0,0.4181344067028478,0
P,2018-07-16,0.0,0.0,0.0,0.0,0.0,0.0,0.0,0.0,0.0,-0.3546048870425356,-0.9350162426854148,test,0.0,0,0.3457146159700717,0
P,2018-07-23,0.0,0.0,0.0,0.0,0.0,0.0,0.0,0.0,0.0,-0.46472317204376806,-0.8854560256532101,test,0.0,0,0.27239258991562865,0
P,2018-07-30,0.0,0.0,0.0,0.0,0.0,0.0,0.0,0.0,0.0,-0.5680647467311556,-0.8229838658936566,test,0.0,0,0.20437466602823165,0
P,2018-08-06,0.0,0.0,0.0,0.0,0.0,0.0,0.0,0.0,0.0,-0.663122658240795,-0.7485107481711013,test,0.0,0,0.14648924044068048,0
P,2018-08-13,0.0,0.0,0.0,0.0,0.0,0.0,0.0,0.0,0.0,-0.7485107481711011,-0.6631226582407952,test,0.0,0,0.10098431484725731,0
P,2018-08-20,0.0,0.0,0.0,0.0,0.0,0.0,0.0,0.0,0.0,-0.8229838658936564,-0.5680647467311559,test,0.0,0,0.06756061409827285,0
P,2018-08-27,0.0,0.0,0.0,0.0,0.0,0.0,0.0,0.0,0.0,-0.8854560256532096,-0.4647231720437691,test,0.0,0,0.04430489602021936,0
P,2018-09-03,0.0,0.0,0.0,0.0,0.0,0.0,0.0,0.0,0.0,-0.9350162426854147,-0.3546048870425359,test,0.0,0,0.028761966192994218,0
RT,2015-04-06,94.001,9.0,0.0,8.0,0.0,0.0,0.0,0.0,0.0,0.9709418174260521,-0.2393156642875575,train,75.0,1,0.6078318105505486,0
RT,2015-04-13,6.0,94.001,9.0,0.0,8.0,0.0,0.0,0.0,0.0,0.9350162426854148,-0.35460488704253545,train,75.0,0,0.7728519672112171,1
RT,2015-04-20,13.0,6.0,94.001,9.0,0.0,8.0,0.0,0.0,0.0,0.8854560256532099,-0.4647231720437685,train,75.0,0,0.7130655316958878,1
RT,2015-04-27,0.0,13.0,6.0,94.001,9.0,0.0,8.0,0.0,0.0,0.8229838658936565,-0.5680647467311557,train,75.0,0,0.8066095400236725,1
RT,2015-05-04,20.0,0.0,13.0,6.0,94.001,9.0,0.0,8.0,0.0,0.7485107481711013,-0.663122658240795,train,75.0,0,0.3607865199187874,0
RT,2015-05-11,28.0,20.0,0.0,13.0,6.0,94.001,9.0,0.0,8.0,0.6631226582407952,-0.7485107481711012,train,75.0,0,0.824023552238555,1
RT,2015-05-18,7.0,28.0,20.0,0.0,13.0,6.0,94.001,9.0,0.0,0.5680647467311558,-0.8229838658936564,train,75.0,0,0.9270057899820414,1
RT,2015-05-25,18.0,7.0,28.0,20.0,0.0,13.0,6.0,94.001,9.0,0.46472317204376906,-0.8854560256532096,train,75.0,0,0.8801049389719102,1
RT,2015-06-01,38.0,18.0,7.0,28.0,20.0,0.0,13.0,6.0,94.001,0.35460488704253584,-0.9350162426854147,train,75.0,0,0.7526777278301012,1
RT,2015-06-08,41.0,38.0,18.0,7.0,28.0,20.0,0.0,13.0,6.0,0.23931566428755768,-0.970941817426052,train,75.0,0,0.7969118351875256,1
RT,2015-06-15,67.0,41.0,38.0,18.0,7.0,28.0,20.0,0.0,13.0,0.12053668025532308,-0.992708874098054,train,75.0,0,0.8648428423161526,1
RT,2015-06-22,37.0,67.0,41.0,38.0,18.0,7.0,28.0,20.0,0.0,-3.216245299353273e-16,-1.0,train,75.0,0,0.9297342239135664,1
RT,2015-06-29,375.0,37.0,67.0,41.0,38.0,18.0,7.0,28.0,20.0,-0.12053668025532283,-0.992708874098054,train,75.0,1,0.7463320228803529,1
RT,2015-07-06,356.0,375.0,37.0,67.0,41.0,38.0,18.0,7.0,28.0,-0.23931566428755743,-0.9709418174260521,train,75.0,1,0.8736583597181996,1
RT,2015-07-13,285.0,356.0,375.0,37.0,67.0,41.0,38.0,18.0,7.0,-0.3546048870425356,-0.9350162426854148,train,75.0,1,0.87293445631876,1
RT,2015-07-20,37.0,285.0,356.0,375.0,37.0,67.0,41.0,38.0,18.0,-0.46472317204376806,-0.8854560256532101,train,75.0,0,0.8365623170332291,1
RT,2015-07-27,49.0,37.0,285.0,356.0,375.0,37.0,67.0,41.0,38.0,-0.5680647467311556,-0.8229838658936566,train,75.0,0,0.41232196059169346,0
RT,2015-08-03,0.0,49.0,37.0,285.0,356.0,375.0,37.0,67.0,41.0,-0.663122658240795,-0.7485107481711013,train,75.0,0,0.3310365770234919,0
RT,2015-08-10,0.0,0.0,49.0,37.0,285.0,356.0,375.0,37.0,67.0,-0.7485107481711011,-0.6631226582407952,train,75.0,0,0.05655292302561377,0
RT,2015-08-17,0.0,0.0,0.0,49.0,37.0,285.0,356.0,375.0,37.0,-0.8229838658936564,-0.5680647467311559,train,75.0,0,0.0784213602129432,0
RT,2015-08-24,0.0,0.0,0.0,0.0,49.0,37.0,285.0,356.0,375.0,-0.8854560256532096,-0.4647231720437691,train,75.0,0,0.0241767279621468,0
RT,2015-08-31,0.0,0.0,0.0,0.0,0.0,49.0,37.0,285.0,356.0,-0.9350162426854147,-0.3546048870425359,train,75.0,0,0.027572308771620604,0
RT,2015-09-07,0.0,0.0,0.0,0.0,0.0,0.0,49.0,37.0,285.0,-0.970941817426052,-0.23931566428755774,train,75.0,0,0.016436025791938695,0
RT,2015-09-14,0.0,0.0,0.0,0.0,0.0,0.0,0.0,49.0,37.0,-0.992708874098054,-0.12053668025532357,train,75.0,0,0.008041925591403123,0
RT,2015-09-21,0.0,0.0,0.0,0.0,0.0,0.0,0.0,0.0,49.0,-1.0,-1.8369701987210297e-16,train,75.0,0,0.0036722164143400326,0
RT,2015-09-28,0.0,0.0,0.0,0.0,0.0,0.0,0.0,0.0,0.0,-0.992708874098054,0.1205366802553232,train,75.0,0,0.005490457898428141,0
RT,2015-10-05,0.0,0.0,0.0,0.0,0.0,0.0,0.0,0.0,0.0,-0.9709418174260521,0.23931566428755738,train,75.0,0,0.0038330208738699143,0
RT,2015-10-12,0.0,0.0,0.0,0.0,0.0,0.0,0.0,0.0,0.0,-0.9350162426854148,0.35460488704253557,train,75.0,0,0.002768712198599736,0
RT,2015-10-19,0.0,0.0,0.0,0.0,0.0,0.0,0.0,0.0,0.0,-0.8854560256532101,0.464723172043768,train,75.0,0,0.0020796049249813438,0
RT,2015-10-26,0.0,0.0,0.0,0.0,0.0,0.0,0.0,0.0,0.0,-0.822983865893657,0.5680647467311548,train,75.0,0,0.0016312704834727692,0
RT,2015-11-02,0.0,0.0,0.0,0.0,0.0,0.0,0.0,0.0,0.0,-0.7485107481711011,0.6631226582407952,train,75.0,0,0.0013411886803814438,0
RT,2015-11-09,0.0,0.0,0.0,0.0,0.0,0.0,0.0,0.0,0.0,-0.6631226582407955,0.7485107481711007,train,75.0,0,0.0011591410711975566,0
RT,2015-11-16,0.0,0.0,0.0,0.0,0.0,0.0,0.0,0.0,0.0,-0.5680647467311559,0.8229838658936564,train,75.0,0,0.001055366196990406,0
RT,2015-11-23,0.0,0.0,0.0,0.0,0.0,0.0,0.0,0.0,0.0,-0.4647231720437684,0.88545602565321,train,75.0,0,0.0010136598144584543,0
RT,2015-11-30,0.0,0.0,0.0,0.0,0.0,0.0,0.0,0.0,0.0,-0.35460488704253595,0.9350162426854147,train,75.0,0,0.001027689250419541,0
RT,2015-12-07,0.0,0.0,0.0,0.0,0.0,0.0,0.0,0.0,0.0,-0.2393156642875578,0.970941817426052,train,75.0,0,0.0010995725046274078,0
RT,2015-12-14,0.0,0.0,0.0,0.0,0.0,0.0,0.0,0.0,0.0,-0.12053668025532363,0.992708874098054,train,75.0,0,0.0012403520679879912,0
RT,2015-12-21,0.0,0.0,0.0,0.0,0.0,0.0,0.0,0.0,0.0,6.432490598706546e-16,1.0,train,75.0,0,0.001472487075294112,0
RT,2015-12-28,0.0,0.0,0.0,0.0,0.0,0.0,0.0,0.0,0.0,0.12053668025532314,0.992708874098054,train,75.0,0,0.0018350101283209402,0
RT,2016-01-04,0.0,0.0,0.0,0.0,0.0,0.0,0.0,0.0,0.0,0.12053668025532305,0.992708874098054,train,75.0,0,0.0018350101283209402,0
RT,2016-01-11,0.0,0.0,0.0,0.0,0.0,0.0,0.0,0.0,0.0,0.23931566428755774,0.970941817426052,train,75.0,0,0.0023926627010834706,0
RT,2016-01-18,0.0,0.0,0.0,0.0,0.0,0.0,0.0,0.0,0.0,0.3546048870425356,0.9350162426854148,train,75.0,0,0.0032512491443357117,0
RT,2016-01-25,0.0,0.0,0.0,0.0,0.0,0.0,0.0,0.0,0.0,0.4647231720437685,0.8854560256532099,train,75.0,0,0.004582706868592003,0
RT,2016-02-01,0.0,0.0,0.0,0.0,0.0,0.0,0.0,0.0,0.0,0.5680647467311558,0.8229838658936564,train,75.0,0,0.006664881096988635,0
RT,2016-02-08,0.0,0.0,0.0,0.0,0.0,0.0,0.0,0.0,0.0,0.6631226582407952,0.7485107481711011,train,75.0,0,0.009942118415087976,0
RT,2016-02-15,0.0,0.0,0.0,0.0,0.0,0.0,0.0,0.0,0.0,0.7485107481711011,0.6631226582407953,train,75.0,0,0.015111771061456286,0
RT,2016-02-22,0.0,0.0,0.0,0.0,0.0,0.0,0.0,0.0,0.0,0.8229838658936564,0.5680647467311559,train,75.0,0,0.023234451648620907,0
RT,2016-02-29,0.0,0.0,0.0,0.0,0.0,0.0,0.0,0.0,0.0,0.8854560256532099,0.4647231720437686,train,75.0,0,0.035845078420768846,0
RT,2016-03-07,0.0,0.0,0.0,0.0,0.0,0.0,0.0,0.0,0.0,0.9350162426854148,0.35460488704253557,train,75.0,0,0.05499895900443675,0
RT,2016-03-14,9.0,0.0,0.0,0.0,0.0,0.0,0.0,0.0,0.0,0.970941817426052,0.23931566428755804,train,75.0,0,0.08312512207577291,0
RT,2016-03-21,8.0,9.0,0.0,0.0,0.0,0.0,0.0,0.0,0.0,0.992708874098054,0.120536680255323,train,75.0,0,0.301550295061203,0
RT,2016-03-28,50.0,8.0,9.0,0.0,0.0,0.0,0.0,0.0,0.0,1.0,-1.6081226496766366e-16,train,75.0,0,0.3851109165704354,0
RT,2016-04-04,39.0,50.0,8.0,9.0,0.0,0.0,0.0,0.0,0.0,0.992708874098054,-0.12053668025532288,train,75.0,0,0.7089675229174887,1
RT,2016-04-11,126.0,39.0,50.0,8.0,9.0,0.0,0.0,0.0,0.0,0.9709418174260521,-0.2393156642875575,train,75.0,1,0.6381545288100045,0
RT,2016-04-18,3.0,126.0,39.0,50.0,8.0,9.0,0.0,0.0,0.0,0.9350162426854148,-0.35460488704253545,train,75.0,0,0.829748426749664,1
RT,2016-04-25,7.0,3.0,126.0,39.0,50.0,8.0,9.0,0.0,0.0,0.8854560256532099,-0.4647231720437685,train,75.0,0,0.5415137277484018,0
RT,2016-05-02,165.0,7.0,3.0,126.0,39.0,50.0,8.0,9.0,0.0,0.8229838658936565,-0.5680647467311557,train,75.0,1,0.736846189401101,1
RT,2016-05-09,48.0,165.0,7.0,3.0,126.0,39.0,50.0,8.0,9.0,0.7485107481711013,-0.663122658240795,train,75.0,0,0.8906648188996189,1
RT,2016-05-16,75.0,48.0,165.0,7.0,3.0,126.0,39.0,50.0,8.0,0.6631226582407952,-0.7485107481711012,train,75.0,0,0.935056554330597,1
RT,2016-05-23,198.0,75.0,48.0,165.0,7.0,3.0,126.0,39.0,50.0,0.5680647467311558,-0.8229838658936564,train,75.0,1,0.9417190942998621,1
RT,2016-05-30,121.0,198.0,75.0,48.0,165.0,7.0,3.0,126.0,39.0,0.46472317204376906,-0.8854560256532096,train,75.0,1,0.8802056988860005,1
RT,2016-06-06,61.0,121.0,198.0,75.0,48.0,165.0,7.0,3.0,126.0,0.35460488704253584,-0.9350162426854147,train,75.0,0,0.8446016555758773,1
RT,2016-06-13,15.0,61.0,121.0,198.0,75.0,48.0,165.0,7.0,3.0,0.23931566428755768,-0.970941817426052,train,75.0,0,0.9273683879388622,1
RT,2016-06-20,120.0001,15.0,61.0,121.0,198.0,75.0,48.0,165.0,7.0,0.12053668025532308,-0.992708874098054,train,75.0,1,0.79894868011783,1
RT,2016-06-27,25.0,120.0001,15.0,61.0,121.0,198.0,75.0,48.0,165.0,-3.216245299353273e-16,-1.0,train,75.0,0,0.8389186684116311,1
RT,2016-07-04,0.0,25.0,120.0001,15.0,61.0,121.0,198.0,75.0,48.0,-0.12053668025532283,-0.992708874098054,train,75.0,0,0.7757268646738132,1
RT,2016-07-11,0.0,0.0,25.0,120.0001,15.0,61.0,121.0,198.0,75.0,-0.23931566428755743,-0.9709418174260521,train,75.0,0,0.4265579792492716,0
RT,2016-07-18,0.0,0.0,0.0,25.0,120.0001,15.0,61.0,121.0,198.0,-0.3546048870425356,-0.9350162426854148,train,75.0,0,0.1736581489433086,0
RT,2016-07-25,0.0,0.0,0.0,0.0,25.0,120.0001,15.0,61.0,121.0,-0.46472317204376806,-0.8854560256532101,train,75.0,0,0.1312021587660292,0
RT,2016-08-01,0.0,0.0,0.0,0.0,0.0,25.0,120.0001,15.0,61.0,-0.5680647467311556,-0.8229838658936566,train,75.0,0,0.2553363411325611,0
RT,2016-08-08,0.0,0.0,0.0,0.0,0.0,0.0,25.0,120.0001,15.0,-0.663122658240795,-0.7485107481711013,train,75.0,0,0.20874975854778074,0
RT,2016-08-15,0.0,0.0,0.0,0.0,0.0,0.0,0.0,25.0,120.0001,-0.7485107481711011,-0.6631226582407952,train,75.0,0,0.052393376047007625,0
RT,2016-08-22,0.0,0.0,0.0,0.0,0.0,0.0,0.0,0.0,25.0,-0.8229838658936564,-0.5680647467311559,train,75.0,0,0.0360385938115308,0
RT,2016-08-29,0.0,0.0,0.0,0.0,0.0,0.0,0.0,0.0,0.0,-0.8854560256532096,-0.4647231720437691,train,75.0,0,0.04430489602021936,0
RT,2016-09-05,0.0,0.0,0.0,0.0,0.0,0.0,0.0,0.0,0.0,-0.9350162426854147,-0.3546048870425359,train,75.0,0,0.028761966192994218,0
RT,2016-09-12,0.0,0.0,0.0,0.0,0.0,0.0,0.0,0.0,0.0,-0.970941817426052,-0.23931566428755774,train,75.0,0,0.01865581403529651,0
RT,2016-09-19,0.0,0.0,0.0,0.0,0.0,0.0,0.0,0.0,0.0,-0.992708874098054,-0.12053668025532357,train,75.0,0,0.012193023560114636,0
RT,2016-09-26,0.0,0.0,0.0,0.0,0.0,0.0,0.0,0.0,0.0,-1.0,-1.8369701987210297e-16,train,75.0,0,0.008091681810665432,0
RT,2016-10-03,0.0,0.0,0.0,0.0,0.0,0.0,0.0,0.0,0.0,-0.992708874098054,0.1205366802553232,train,75.0,0,0.005490457898428141,0
RT,2016-10-10,0.0,0.0,0.0,0.0,0.0,0.0,0.0,0.0,0.0,-0.9709418174260521,0.23931566428755738,train,75.0,0,0.0038330208738699143,0
RT,2016-10-17,0.0,0.0,0.0,0.0,0.0,0.0,0.0,0.0,0.0,-0.9350162426854148,0.35460488704253557,train,75.0,0,0.002768712198599736,0
RT,2016-10-24,0.0,0.0,0.0,0.0,0.0,0.0,0.0,0.0,0.0,-0.8854560256532101,0.464723172043768,train,75.0,0,0.0020796049249813438,0
RT,2016-10-31,0.0,0.0,0.0,0.0,0.0,0.0,0.0,0.0,0.0,-0.822983865893657,0.5680647467311548,train,75.0,0,0.0016312704834727692,0
RT,2016-11-07,0.0,0.0,0.0,0.0,0.0,0.0,0.0,0.0,0.0,-0.7485107481711011,0.6631226582407952,train,75.0,0,0.0013411886803814438,0
RT,2016-11-14,0.0,0.0,0.0,0.0,0.0,0.0,0.0,0.0,0.0,-0.6631226582407955,0.7485107481711007,train,75.0,0,0.0011591410711975566,0
RT,2016-11-21,0.0,0.0,0.0,0.0,0.0,0.0,0.0,0.0,0.0,-0.5680647467311559,0.8229838658936564,train,75.0,0,0.001055366196990406,0
RT,2016-11-28,0.0,0.0,0.0,0.0,0.0,0.0,0.0,0.0,0.0,-0.4647231720437684,0.88545602565321,train,75.0,0,0.0010136598144584543,0
RT,2016-12-05,0.0,0.0,0.0,0.0,0.0,0.0,0.0,0.0,0.0,-0.35460488704253595,0.9350162426854147,train,75.0,0,0.001027689250419541,0
RT,2016-12-12,0.0,0.0,0.0,0.0,0.0,0.0,0.0,0.0,0.0,-0.2393156642875578,0.970941817426052,train,75.0,0,0.0010995725046274078,0
RT,2016-12-19,0.0,0.0,0.0,0.0,0.0,0.0,0.0,0.0,0.0,-0.12053668025532363,0.992708874098054,train,75.0,0,0.0012403520679879912,0
RT,2016-12-26,0.0,0.0,0.0,0.0,0.0,0.0,0.0,0.0,0.0,6.432490598706546e-16,1.0,train,75.0,0,0.001472487075294112,0
RT,2017-01-02,0.0,0.0,0.0,0.0,0.0,0.0,0.0,0.0,0.0,0.12053668025532305,0.992708874098054,val,75.0,0,0.0018350101283209402,0
RT,2017-01-09,0.0,0.0,0.0,0.0,0.0,0.0,0.0,0.0,0.0,0.23931566428755774,0.970941817426052,val,75.0,0,0.0023926627010834706,0
RT,2017-01-16,0.0,0.0,0.0,0.0,0.0,0.0,0.0,0.0,0.0,0.3546048870425356,0.9350162426854148,val,75.0,0,0.0032512491443357117,0
RT,2017-01-23,0.0,0.0,0.0,0.0,0.0,0.0,0.0,0.0,0.0,0.4647231720437685,0.8854560256532099,val,75.0,0,0.004582706868592003,0
RT,2017-01-30,0.0,0.0,0.0,0.0,0.0,0.0,0.0,0.0,0.0,0.5680647467311558,0.8229838658936564,val,75.0,0,0.006664881096988635,0
RT,2017-02-06,0.0,0.0,0.0,0.0,0.0,0.0,0.0,0.0,0.0,0.6631226582407952,0.7485107481711011,val,75.0,0,0.009942118415087976,0
RT,2017-02-13,0.0,0.0,0.0,0.0,0.0,0.0,0.0,0.0,0.0,0.7485107481711011,0.6631226582407953,val,75.0,0,0.015111771061456286,0
RT,2017-02-20,0.0,0.0,0.0,0.0,0.0,0.0,0.0,0.0,0.0,0.8229838658936564,0.5680647467311559,val,75.0,0,0.023234451648620907,0
RT,2017-02-27,0.0,0.0,0.0,0.0,0.0,0.0,0.0,0.0,0.0,0.8854560256532099,0.4647231720437686,val,75.0,0,0.035845078420768846,0
RT,2017-03-06,6.666667,0.0,0.0,0.0,0.0,0.0,0.0,0.0,0.0,0.9350162426854148,0.35460488704253557,val,75.0,0,0.05499895900443675,0
RT,2017-03-13,28.333334,6.666667,0.0,0.0,0.0,0.0,0.0,0.0,0.0,0.970941817426052,0.23931566428755804,val,75.0,0,0.19749180727710772,0
RT,2017-03-20,4.0,28.333334,6.666667,0.0,0.0,0.0,0.0,0.0,0.0,0.992708874098054,0.120536680255323,val,75.0,0,0.4245925943652799,0
RT,2017-03-27,63.0,4.0,28.333334,6.666667,0.0,0.0,0.0,0.0,0.0,1.0,-1.6081226496766366e-16,val,75.0,0,0.3435875972989543,0
RT,2017-04-03,97.0,63.0,4.0,28.333334,6.666667,0.0,0.0,0.0,0.0,0.992708874098054,-0.12053668025532288,val,75.0,1,0.6348458597537612,0
RT,2017-04-10,28.0,97.0,63.0,4.0,28.333334,6.666667,0.0,0.0,0.0,0.9709418174260521,-0.2393156642875575,val,75.0,0,0.672942361692872,1
RT,2017-04-17,16.0,28.0,97.0,63.0,4.0,28.333334,6.666667,0.0,0.0,0.9350162426854148,-0.35460488704253545,val,75.0,0,0.8023858944090683,1
RT,2017-04-24,72.0,16.0,28.0,97.0,63.0,4.0,28.333334,6.666667,0.0,0.8854560256532099,-0.4647231720437685,val,75.0,0,0.7724113500771334,1
RT,2017-05-01,41.0,72.0,16.0,28.0,97.0,63.0,4.0,28.333334,6.666667,0.8229838658936565,-0.5680647467311557,val,75.0,0,0.800523045869574,1
RT,2017-05-08,48.0,41.0,72.0,16.0,28.0,97.0,63.0,4.0,28.333334,0.7485107481711013,-0.663122658240795,val,75.0,0,0.8388895328873568,1
RT,2017-05-15,35.0,48.0,41.0,72.0,16.0,28.0,97.0,63.0,4.0,0.6631226582407952,-0.7485107481711012,val,75.0,0,0.9379476338459448,1
RT,2017-05-22,96.0,35.0,48.0,41.0,72.0,16.0,28.0,97.0,63.0,0.5680647467311558,-0.8229838658936564,val,75.0,1,0.8265661406155453,1
RT,2017-05-29,52.0,96.0,35.0,48.0,41.0,72.0,16.0,28.0,97.0,0.46472317204376906,-0.8854560256532096,val,75.0,0,0.8757032555066191,1
RT,2017-06-05,2.0,52.0,96.0,35.0,48.0,41.0,72.0,16.0,28.0,0.35460488704253584,-0.9350162426854147,val,75.0,0,0.8873198421700671,1
RT,2017-06-12,107.0,2.0,52.0,96.0,35.0,48.0,41.0,72.0,16.0,0.23931566428755768,-0.970941817426052,val,75.0,1,0.6979871530090148,1
RT,2017-06-19,137.0,107.0,2.0,52.0,96.0,35.0,48.0,41.0,72.0,0.12053668025532308,-0.992708874098054,val,75.0,1,0.8668554965773213,1
RT,2017-06-26,97.0,137.0,107.0,2.0,52.0,96.0,35.0,48.0,41.0,-3.216245299353273e-16,-1.0,val,75.0,1,0.8710658917232624,1
RT,2017-07-03,128.0,97.0,137.0,107.0,2.0,52.0,96.0,35.0,48.0,-0.12053668025532283,-0.992708874098054,val,75.0,1,0.9267444703868525,1
RT,2017-07-10,23.0,128.0,97.0,137.0,107.0,2.0,52.0,96.0,35.0,-0.23931566428755743,-0.9709418174260521,val,75.0,0,0.8255936844335534,1
RT,2017-07-17,9.0,23.0,128.0,97.0,137.0,107.0,2.0,52.0,96.0,-0.3546048870425356,-0.9350162426854148,val,75.0,0,0.39648925029460624,0
RT,2017-07-24,1.0,9.0,23.0,128.0,97.0,137.0,107.0,2.0,52.0,-0.46472317204376806,-0.8854560256532101,val,75.0,0,0.3659846740906837,0
RT,2017-07-31,0.0,1.0,9.0,23.0,128.0,97.0,137.0,107.0,2.0,-0.5680647467311556,-0.8229838658936566,val,75.0,0,0.2781152442741386,0
RT,2017-08-07,0.0,0.0,1.0,9.0,23.0,128.0,97.0,137.0,107.0,-0.663122658240795,-0.7485107481711013,val,75.0,0,0.10867111154473356,0
RT,2017-08-14,0.0,0.0,0.0,1.0,9.0,23.0,128.0,97.0,137.0,-0.7485107481711011,-0.6631226582407952,val,75.0,0,0.0807482590212918,0
RT,2017-08-21,0.0,0.0,0.0,0.0,1.0,9.0,23.0,128.0,97.0,-0.8229838658936564,-0.5680647467311559,val,75.0,0,0.061048486303453664,0
RT,2017-08-28,0.0,0.0,0.0,0.0,0.0,1.0,9.0,23.0,128.0,-0.8854560256532096,-0.4647231720437691,val,75.0,0,0.033223608823792,0
RT,2017-09-04,0.0,0.0,0.0,0.0,0.0,0.0,1.0,9.0,23.0,-0.9350162426854147,-0.3546048870425359,val,75.0,0,0.0208500033053404,0
RT,2017-09-11,0.0,0.0,0.0,0.0,0.0,0.0,0.0,1.0,9.0,-0.970941817426052,-0.23931566428755774,val,75.0,0,0.012444116331465364,0
RT,2017-09-18,0.0,0.0,0.0,0.0,0.0,0.0,0.0,0.0,1.0,-0.992708874098054,-0.12053668025532357,val,75.0,0,0.010608930038684036,0
RT,2017-09-25,0.0,0.0,0.0,0.0,0.0,0.0,0.0,0.0,0.0,-1.0,-1.8369701987210297e-16,val,75.0,0,0.008091681810665432,0
RT,2017-10-02,0.0,0.0,0.0,0.0,0.0,0.0,0.0,0.0,0.0,-0.992708874098054,0.1205366802553232,val,75.0,0,0.005490457898428141,0
RT,2017-10-09,0.0,0.0,0.0,0.0,0.0,0.0,0.0,0.0,0.0,-0.9709418174260521,0.23931566428755738,val,75.0,0,0.0038330208738699143,0
RT,2017-10-16,0.0,0.0,0.0,0.0,0.0,0.0,0.0,0.0,0.0,-0.9350162426854148,0.35460488704253557,val,75.0,0,0.002768712198599736,0
RT,2017-10-23,0.0,0.0,0.0,0.0,0.0,0.0,0.0,0.0,0.0,-0.8854560256532101,0.464723172043768,val,75.0,0,0.0020796049249813438,0
RT,2017-10-30,0.0,0.0,0.0,0.0,0.0,0.0,0.0,0.0,0.0,-0.822983865893657,0.5680647467311548,val,75.0,0,0.0016312704834727692,0
RT,2017-11-06,0.0,0.0,0.0,0.0,0.0,0.0,0.0,0.0,0.0,-0.7485107481711011,0.6631226582407952,val,75.0,0,0.0013411886803814438,0
RT,2017-11-13,0.0,0.0,0.0,0.0,0.0,0.0,0.0,0.0,0.0,-0.6631226582407955,0.7485107481711007,val,75.0,0,0.0011591410711975566,0
RT,2017-11-20,0.0,0.0,0.0,0.0,0.0,0.0,0.0,0.0,0.0,-0.5680647467311559,0.8229838658936564,val,75.0,0,0.001055366196990406,0
RT,2017-11-27,0.0,0.0,0.0,0.0,0.0,0.0,0.0,0.0,0.0,-0.4647231720437684,0.88545602565321,val,75.0,0,0.0010136598144584543,0
RT,2017-12-04,0.0,0.0,0.0,0.0,0.0,0.0,0.0,0.0,0.0,-0.35460488704253595,0.9350162426854147,val,75.0,0,0.001027689250419541,0
RT,2017-12-11,0.0,0.0,0.0,0.0,0.0,0.0,0.0,0.0,0.0,-0.2393156642875578,0.970941817426052,val,75.0,0,0.0010995725046274078,0
RT,2017-12-18,0.0,0.0,0.0,0.0,0.0,0.0,0.0,0.0,0.0,-0.12053668025532363,0.992708874098054,val,75.0,0,0.0012403520679879912,0
RT,2017-12-25,0.0,0.0,0.0,0.0,0.0,0.0,0.0,0.0,0.0,6.432490598706546e-16,1.0,val,75.0,0,0.001472487075294112,0
RT,2018-01-01,0.0,0.0,0.0,0.0,0.0,0.0,0.0,0.0,0.0,0.12053668025532305,0.992708874098054,test,75.0,0,0.0018350101283209402,0
RT,2018-01-08,0.0,0.0,0.0,0.0,0.0,0.0,0.0,0.0,0.0,0.23931566428755774,0.970941817426052,test,75.0,0,0.0023926627010834706,0
RT,2018-01-15,0.0,0.0,0.0,0.0,0.0,0.0,0.0,0.0,0.0,0.3546048870425356,0.9350162426854148,test,75.0,0,0.0032512491443357117,0
RT,2018-01-22,0.0,0.0,0.0,0.0,0.0,0.0,0.0,0.0,0.0,0.4647231720437685,0.8854560256532099,test,75.0,0,0.004582706868592003,0
RT,2018-01-29,0.0,0.0,0.0,0.0,0.0,0.0,0.0,0.0,0.0,0.5680647467311558,0.8229838658936564,test,75.0,0,0.006664881096988635,0
RT,2018-02-05,0.0,0.0,0.0,0.0,0.0,0.0,0.0,0.0,0.0,0.6631226582407952,0.7485107481711011,test,75.0,0,0.009942118415087976,0
RT,2018-02-12,0.0,0.0,0.0,0.0,0.0,0.0,0.0,0.0,0.0,0.7485107481711011,0.6631226582407953,test,75.0,0,0.015111771061456286,0
RT,2018-02-19,0.0,0.0,0.0,0.0,0.0,0.0,0.0,0.0,0.0,0.8229838658936564,0.5680647467311559,test,75.0,0,0.023234451648620907,0
RT,2018-02-26,0.0,0.0,0.0,0.0,0.0,0.0,0.0,0.0,0.0,0.8854560256532099,0.4647231720437686,test,75.0,0,0.035845078420768846,0
RT,2018-03-05,0.0,0.0,0.0,0.0,0.0,0.0,0.0,0.0,0.0,0.9350162426854148,0.35460488704253557,test,75.0,0,0.05499895900443675,0
RT,2018-03-12,0.0,0.0,0.0,0.0,0.0,0.0,0.0,0.0,0.0,0.970941817426052,0.23931566428755804,test,75.0,0,0.08312512207577291,0
RT,2018-03-19,0.0,0.0,0.0,0.0,0.0,0.0,0.0,0.0,0.0,0.992708874098054,0.120536680255323,test,75.0,0,0.12252148218693314,0
RT,2018-03-26,0.0,0.0,0.0,0.0,0.0,0.0,0.0,0.0,0.0,1.0,-1.6081226496766366e-16,test,75.0,0,0.17442354442181385,0
RT,2018-04-02,0.0,0.0,0.0,0.0,0.0,0.0,0.0,0.0,0.0,0.992708874098054,-0.12053668025532288,test,75.0,0,0.23791376886335305,0
RT,2018-04-09,0.0,0.0,0.0,0.0,0.0,0.0,0.0,0.0,0.0,0.9709418174260521,-0.2393156642875575,test,75.0,0,0.3093568509944325,0
RT,2018-04-16,0.0,0.0,0.0,0.0,0.0,0.0,0.0,0.0,0.0,0.9350162426854148,-0.35460488704253545,test,75.0,0,0.38301063483920167,0
RT,2018-04-23,0.0,0.0,0.0,0.0,0.0,0.0,0.0,0.0,0.0,0.8854560256532099,-0.4647231720437685,test,75.0,0,0.4526686731365207,0
RT,2018-04-30,37.0,0.0,0.0,0.0,0.0,0.0,0.0,0.0,0.0,0.8229838658936565,-0.5680647467311557,test,75.0,0,0.513340350971132,0
RT,2018-05-07,8.0,37.0,0.0,0.0,0.0,0.0,0.0,0.0,0.0,0.7485107481711013,-0.663122658240795,test,75.0,0,0.8841970540070344,1
RT,2018-05-14,53.0,8.0,37.0,0.0,0.0,0.0,0.0,0.0,0.0,0.6631226582407952,-0.7485107481711012,test,75.0,0,0.8157355660877296,1
RT,2018-05-21,9.0,53.0,8.0,37.0,0.0,0.0,0.0,0.0,0.0,0.5680647467311558,-0.8229838658936564,test,75.0,0,0.9334119053564401,1
RT,2018-05-28,28.0,9.0,53.0,8.0,37.0,0.0,0.0,0.0,0.0,0.46472317204376906,-0.8854560256532096,test,75.0,0,0.7093693552011843,1
RT,2018-06-04,19.0,28.0,9.0,53.0,8.0,37.0,0.0,0.0,0.0,0.35460488704253584,-0.9350162426854147,test,75.0,0,0.8647868684967989,1
RT,2018-06-11,27.0,19.0,28.0,9.0,53.0,8.0,37.0,0.0,0.0,0.23931566428755768,-0.970941817426052,test,75.0,0,0.8518935979733696,1
RT,2018-06-18,26.0,27.0,19.0,28.0,9.0,53.0,8.0,37.0,0.0,0.12053668025532308,-0.992708874098054,test,75.0,0,0.9088156947444044,1
RT,2018-06-25,72.0,26.0,27.0,19.0,28.0,9.0,53.0,8.0,37.0,-3.216245299353273e-16,-1.0,test,75.0,0,0.785519086998168,1
RT,2018-07-02,52.0,72.0,26.0,27.0,19.0,28.0,9.0,53.0,8.0,-0.12053668025532283,-0.992708874098054,test,75.0,0,0.8587316172107767,1
RT,2018-07-09,4.0,52.0,72.0,26.0,27.0,19.0,28.0,9.0,53.0,-0.23931566428755743,-0.9709418174260521,test,75.0,0,0.7301867143767845,1
RT,2018-07-16,0.0,4.0,52.0,72.0,26.0,27.0,19.0,28.0,9.0,-0.3546048870425356,-0.9350162426854148,test,75.0,0,0.487774008908599,0
RT,2018-07-23,0.0,0.0,4.0,52.0,72.0,26.0,27.0,19.0,28.0,-0.46472317204376806,-0.8854560256532101,test,75.0,0,0.1627610632546953,0
RT,2018-07-30,0.0,0.0,0.0,4.0,52.0,72.0,26.0,27.0,19.0,-0.5680647467311556,-0.8229838658936566,test,75.0,0,0.12316912615347946,0
RT,2018-08-06,0.0,0.0,0.0,0.0,4.0,52.0,72.0,26.0,27.0,-0.663122658240795,-0.7485107481711013,test,75.0,0,0.1472863193192804,0
RT,2018-08-13,0.0,0.0,0.0,0.0,0.0,4.0,52.0,72.0,26.0,-0.7485107481711011,-0.6631226582407952,test,75.0,0,0.14615969565525402,0
RT,2018-08-20,0.0,0.0,0.0,0.0,0.0,0.0,4.0,52.0,72.0,-0.8229838658936564,-0.5680647467311559,test,75.0,0,0.053389047683695755,0
RT,2018-08-27,0.0,0.0,0.0,0.0,0.0,0.0,0.0,4.0,52.0,-0.8854560256532096,-0.4647231720437691,test,75.0,0,0.023051857611266033,0
RT,2018-09-03,0.0,0.0,0.0,0.0,0.0,0.0,0.0,0.0,4.0,-0.9350162426854147,-0.3546048870425359,test,75.0,0,0.02091041086714645,0
SP,2015-04-06,7.0,2.9999998,0.0,0.0,0.0,0.0,0.0,0.0,0.0,0.9709418174260521,-0.2393156642875575,train,13.0,0,0.46916453788983237,0
SP,2015-04-13,5.0,7.0,2.9999998,0.0,0.0,0.0,0.0,0.0,0.0,0.9350162426854148,-0.35460488704253545,train,13.0,0,0.6337580779677612,0
SP,2015-04-20,5.0,5.0,7.0,2.9999998,0.0,0.0,0.0,0.0,0.0,0.8854560256532099,-0.4647231720437685,train,13.0,0,0.683102912641711,1
SP,2015-04-27,3.0,5.0,5.0,7.0,2.9999998,0.0,0.0,0.0,0.0,0.8229838658936565,-0.5680647467311557,train,13.0,0,0.6691748907665123,0
SP,2015-05-04,3.0,3.0,5.0,5.0,7.0,2.9999998,0.0,0.0,0.0,0.7485107481711013,-0.663122658240795,train,13.0,0,0.6277276795381029,0
SP,2015-05-11,1.0,3.0,3.0,5.0,5.0,7.0,2.9999998,0.0,0.0,0.6631226582407952,-0.7485107481711012,train,13.0,0,0.7304957592527404,1
SP,2015-05-18,12.0,1.0,3.0,3.0,5.0,5.0,7.0,2.9999998,0.0,0.5680647467311558,-0.8229838658936564,train,13.0,0,0.725170099068641,1
SP,2015-05-25,2.0,12.0,1.0,3.0,3.0,5.0,5.0,7.0,2.9999998,0.46472317204376906,-0.8854560256532096,train,13.0,0,0.8515543653552415,1
SP,2015-06-01,9.0,2.0,12.0,1.0,3.0,3.0,5.0,5.0,7.0,0.35460488704253584,-0.9350162426854147,train,13.0,0,0.6943428275723007,1
SP,2015-06-08,9.0,9.0,2.0,12.0,1.0,3.0,3.0,5.0,5.0,0.23931566428755768,-0.970941817426052,train,13.0,0,0.8301740301222232,1
SP,2015-06-15,7.0,9.0,9.0,2.0,12.0,1.0,3.0,3.0,5.0,0.12053668025532308,-0.992708874098054,train,13.0,0,0.7108372752023724,1
SP,2015-06-22,52.0,7.0,9.0,9.0,2.0,12.0,1.0,3.0,3.0,-3.216245299353273e-16,-1.0,train,13.0,1,0.7316584560218693,1
SP,2015-06-29,13.0,52.0,7.0,9.0,9.0,2.0,12.0,1.0,3.0,-0.12053668025532283,-0.992708874098054,train,13.0,0,0.8449893994983686,1
SP,2015-07-06,4.0,13.0,52.0,7.0,9.0,9.0,2.0,12.0,1.0,-0.23931566428755743,-0.9709418174260521,train,13.0,0,0.6901302328393507,1
SP,2015-07-13,5.0,4.0,13.0,52.0,7.0,9.0,9.0,2.0,12.0,-0.3546048870425356,-0.9350162426854148,train,13.0,0,0.46454827075005467,0
SP,2015-07-20,0.0,5.0,4.0,13.0,52.0,7.0,9.0,9.0,2.0,-0.46472317204376806,-0.8854560256532101,train,13.0,0,0.36813910980539866,0
SP,2015-07-27,0.0,0.0,5.0,4.0,13.0,52.0,7.0,9.0,9.0,-0.5680647467311556,-0.8229838658936566,train,13.0,0,0.14219575892377348,0
SP,2015-08-03,0.0,0.0,0.0,5.0,4.0,13.0,52.0,7.0,9.0,-0.663122658240795,-0.7485107481711013,train,13.0,0,0.16531294223598086,0
SP,2015-08-10,0.0,0.0,0.0,0.0,5.0,4.0,13.0,52.0,7.0,-0.7485107481711011,-0.6631226582407952,train,13.0,0,0.09697432414323819,0
SP,2015-08-17,0.0,0.0,0.0,0.0,0.0,5.0,4.0,13.0,52.0,-0.8229838658936564,-0.5680647467311559,train,13.0,0,0.05162215547935727,0
SP,2015-08-24,0.0,0.0,0.0,0.0,0.0,0.0,5.0,4.0,13.0,-0.8854560256532096,-0.4647231720437691,train,13.0,0,0.04129404065513899,0
SP,2015-08-31,0.0,0.0,0.0,0.0,0.0,0.0,0.0,5.0,4.0,-0.9350162426854147,-0.3546048870425359,train,13.0,0,0.024113805432161083,0
SP,2015-09-07,0.0,0.0,0.0,0.0,0.0,0.0,0.0,0.0,5.0,-0.970941817426052,-0.23931566428755774,train,13.0,0,0.01303944451227792,0
SP,2015-09-14,0.0,0.0,0.0,0.0,0.0,0.0,0.0,0.0,0.0,-0.992708874098054,-0.12053668025532357,train,13.0,0,0.012193023560114636,0
SP,2015-09-21,0.0,0.0,0.0,0.0,0.0,0.0,0.0,0.0,0.0,-1.0,-1.8369701987210297e-16,train,13.0,0,0.008091681810665432,0
SP,2015-09-28,0.0,0.0,0.0,0.0,0.0,0.0,0.0,0.0,0.0,-0.992708874098054,0.1205366802553232,train,13.0,0,0.005490457898428141,0
SP,2015-10-05,0.0,0.0,0.0,0.0,0.0,0.0,0.0,0.0,0.0,-0.9709418174260521,0.23931566428755738,train,13.0,0,0.0038330208738699143,0
SP,2015-10-12,0.0,0.0,0.0,0.0,0.0,0.0,0.0,0.0,0.0,-0.9350162426854148,0.35460488704253557,train,13.0,0,0.002768712198599736,0
SP,2015-10-19,0.0,0.0,0.0,0.0,0.0,0.0,0.0,0.0,0.0,-0.8854560256532101,0.464723172043768,train,13.0,0,0.0020796049249813438,0
SP,2015-10-26,0.0,0.0,0.0,0.0,0.0,0.0,0.0,0.0,0.0,-0.822983865893657,0.5680647467311548,train,13.0,0,0.0016312704834727692,0
SP,2015-11-02,0.0,0.0,0.0,0.0,0.0,0.0,0.0,0.0,0.0,-0.7485107481711011,0.6631226582407952,train,13.0,0,0.0013411886803814438,0
SP,2015-11-09,0.0,0.0,0.0,0.0,0.0,0.0,0.0,0.0,0.0,-0.6631226582407955,0.7485107481711007,train,13.0,0,0.0011591410711975566,0
SP,2015-11-16,0.0,0.0,0.0,0.0,0.0,0.0,0.0,0.0,0.0,-0.5680647467311559,0.8229838658936564,train,13.0,0,0.001055366196990406,0
SP,2015-11-23,0.0,0.0,0.0,0.0,0.0,0.0,0.0,0.0,0.0,-0.4647231720437684,0.88545602565321,train,13.0,0,0.0010136598144584543,0
SP,2015-11-30,0.0,0.0,0.0,0.0,0.0,0.0,0.0,0.0,0.0,-0.35460488704253595,0.9350162426854147,train,13.0,0,0.001027689250419541,0
SP,2015-12-07,0.0,0.0,0.0,0.0,0.0,0.0,0.0,0.0,0.0,-0.2393156642875578,0.970941817426052,train,13.0,0,0.0010995725046274078,0
SP,2015-12-14,0.0,0.0,0.0,0.0,0.0,0.0,0.0,0.0,0.0,-0.12053668025532363,0.992708874098054,train,13.0,0,0.0012403520679879912,0
SP,2015-12-21,0.0,0.0,0.0,0.0,0.0,0.0,0.0,0.0,0.0,6.432490598706546e-16,1.0,train,13.0,0,0.001472487075294112,0
SP,2015-12-28,0.0,0.0,0.0,0.0,0.0,0.0,0.0,0.0,0.0,0.12053668025532314,0.992708874098054,train,13.0,0,0.0018350101283209402,0
SP,2016-01-04,0.0,0.0,0.0,0.0,0.0,0.0,0.0,0.0,0.0,0.12053668025532305,0.992708874098054,train,13.0,0,0.0018350101283209402,0
SP,2016-01-11,0.0,0.0,0.0,0.0,0.0,0.0,0.0,0.0,0.0,0.23931566428755774,0.970941817426052,train,13.0,0,0.0023926627010834706,0
SP,2016-01-18,0.0,0.0,0.0,0.0,0.0,0.0,0.0,0.0,0.0,0.3546048870425356,0.9350162426854148,train,13.0,0,0.0032512491443357117,0
SP,2016-01-25,0.0,0.0,0.0,0.0,0.0,0.0,0.0,0.0,0.0,0.4647231720437685,0.8854560256532099,train,13.0,0,0.004582706868592003,0
SP,2016-02-01,0.0,0.0,0.0,0.0,0.0,0.0,0.0,0.0,0.0,0.5680647467311558,0.8229838658936564,train,13.0,0,0.006664881096988635,0
SP,2016-02-08,0.0,0.0,0.0,0.0,0.0,0.0,0.0,0.0,0.0,0.6631226582407952,0.7485107481711011,train,13.0,0,0.009942118415087976,0
SP,2016-02-15,0.0,0.0,0.0,0.0,0.0,0.0,0.0,0.0,0.0,0.7485107481711011,0.6631226582407953,train,13.0,0,0.015111771061456286,0
SP,2016-02-22,0.0,0.0,0.0,0.0,0.0,0.0,0.0,0.0,0.0,0.8229838658936564,0.5680647467311559,train,13.0,0,0.023234451648620907,0
SP,2016-02-29,0.0,0.0,0.0,0.0,0.0,0.0,0.0,0.0,0.0,0.8854560256532099,0.4647231720437686,train,13.0,0,0.035845078420768846,0
SP,2016-03-07,0.0,0.0,0.0,0.0,0.0,0.0,0.0,0.0,0.0,0.9350162426854148,0.35460488704253557,train,13.0,0,0.05499895900443675,0
SP,2016-03-14,1.0,0.0,0.0,0.0,0.0,0.0,0.0,0.0,0.0,0.970941817426052,0.23931566428755804,train,13.0,0,0.08312512207577291,0
SP,2016-03-21,13.0,1.0,0.0,0.0,0.0,0.0,0.0,0.0,0.0,0.992708874098054,0.120536680255323,train,13.0,0,0.16397404966435625,0
SP,2016-03-28,13.0,13.0,1.0,0.0,0.0,0.0,0.0,0.0,0.0,1.0,-1.6081226496766366e-16,train,13.0,0,0.4358698455509739,0
SP,2016-04-04,10.0,13.0,13.0,1.0,0.0,0.0,0.0,0.0,0.0,0.992708874098054,-0.12053668025532288,train,13.0,0,0.5438911725136418,0
SP,2016-04-11,39.0,10.0,13.0,13.0,1.0,0.0,0.0,0.0,0.0,0.9709418174260521,-0.2393156642875575,train,13.0,1,0.5860958981947836,0
SP,2016-04-18,2.0,39.0,10.0,13.0,13.0,1.0,0.0,0.0,0.0,0.9350162426854148,-0.35460488704253545,train,13.0,0,0.696397614689027,1
SP,2016-04-25,1.0,2.0,39.0,10.0,13.0,13.0,1.0,0.0,0.0,0.8854560256532099,-0.4647231720437685,train,13.0,0,0.4942233098985461,0
SP,2016-05-02,21.0,1.0,2.0,39.0,10.0,13.0,13.0,1.0,0.0,0.8229838658936565,-0.5680647467311557,train,13.0,1,0.6347234011395572,0
SP,2016-05-09,6.0,21.0,1.0,2.0,39.0,10.0,13.0,13.0,1.0,0.7485107481711013,-0.663122658240795,train,13.0,0,0.8158855237282947,1
SP,2016-05-16,18.0,6.0,21.0,1.0,2.0,39.0,10.0,13.0,13.0,0.6631226582407952,-0.7485107481711012,train,13.0,1,0.7800250632041713,1
SP,2016-05-23,37.0,18.0,6.0,21.0,1.0,2.0,39.0,10.0,13.0,0.5680647467311558,-0.8229838658936564,train,13.0,1,0.9067851938052427,1
SP,2016-05-30,28.0,37.0,18.0,6.0,21.0,1.0,2.0,39.0,10.0,0.46472317204376906,-0.8854560256532096,train,13.0,1,0.8433819652429233,1
SP,2016-06-06,12.0,28.0,37.0,18.0,6.0,21.0,1.0,2.0,39.0,0.35460488704253584,-0.9350162426854147,train,13.0,0,0.7917647219896343,1
SP,2016-06-13,5.0,12.0,28.0,37.0,18.0,6.0,21.0,1.0,2.0,0.23931566428755768,-0.970941817426052,train,13.0,0,0.8312984828765186,1
SP,2016-06-20,7.0,5.0,12.0,28.0,37.0,18.0,6.0,21.0,1.0,0.12053668025532308,-0.992708874098054,train,13.0,0,0.7265996839755192,1
SP,2016-06-27,17.0,7.0,5.0,12.0,28.0,37.0,18.0,6.0,21.0,-3.216245299353273e-16,-1.0,train,13.0,1,0.640260933558357,0
SP,2016-07-04,23.0,17.0,7.0,5.0,12.0,28.0,37.0,18.0,6.0,-0.12053668025532283,-0.992708874098054,train,13.0,1,0.7947071671308695,1
SP,2016-07-11,10.0,23.0,17.0,7.0,5.0,12.0,28.0,37.0,18.0,-0.23931566428755743,-0.9709418174260521,train,13.0,0,0.7750671711636558,1
SP,2016-07-18,4.0,10.0,23.0,17.0,7.0,5.0,12.0,28.0,37.0,-0.3546048870425356,-0.9350162426854148,train,13.0,0,0.5509543955146985,0
SP,2016-07-25,3.0,4.0,10.0,23.0,17.0,7.0,5.0,12.0,28.0,-0.46472317204376806,-0.8854560256532101,train,13.0,0,0.2959093986229404,0
SP,2016-08-01,0.0,3.0,4.0,10.0,23.0,17.0,7.0,5.0,12.0,-0.5680647467311556,-0.8229838658936566,train,13.0,0,0.2124648337162751,0
SP,2016-08-08,0.0,0.0,3.0,4.0,10.0,23.0,17.0,7.0,5.0,-0.663122658240795,-0.7485107481711013,train,13.0,0,0.12891673583498436,0
SP,2016-08-15,0.0,0.0,0.0,3.0,4.0,10.0,23.0,17.0,7.0,-0.7485107481711011,-0.6631226582407952,train,13.0,0,0.10907732187925731,0
SP,2016-08-22,0.0,0.0,0.0,0.0,3.0,4.0,10.0,23.0,17.0,-0.8229838658936564,-0.5680647467311559,train,13.0,0,0.05500603648952046,0
SP,2016-08-29,0.0,0.0,0.0,0.0,0.0,3.0,4.0,10.0,23.0,-0.8854560256532096,-0.4647231720437691,train,13.0,0,0.03849904011730832,0
SP,2016-09-05,0.0,0.0,0.0,0.0,0.0,0.0,3.0,4.0,10.0,-0.9350162426854147,-0.3546048870425359,train,13.0,0,0.026107684323228495,0
SP,2016-09-12,0.0,0.0,0.0,0.0,0.0,0.0,0.0,3.0,4.0,-0.970941817426052,-0.23931566428755774,train,13.0,0,0.015115462432952045,0
SP,2016-09-19,0.0,0.0,0.0,0.0,0.0,0.0,0.0,0.0,3.0,-0.992708874098054,-0.12053668025532357,train,13.0,0,0.00922871608165631,0
SP,2016-09-26,0.0,0.0,0.0,0.0,0.0,0.0,0.0,0.0,0.0,-1.0,-1.8369701987210297e-16,train,13.0,0,0.008091681810665432,0
SP,2016-10-03,0.0,0.0,0.0,0.0,0.0,0.0,0.0,0.0,0.0,-0.992708874098054,0.1205366802553232,train,13.0,0,0.005490457898428141,0
SP,2016-10-10,0.0,0.0,0.0,0.0,0.0,0.0,0.0,0.0,0.0,-0.9709418174260521,0.23931566428755738,train,13.0,0,0.0038330208738699143,0
SP,2016-10-17,0.0,0.0,0.0,0.0,0.0,0.0,0.0,0.0,0.0,-0.9350162426854148,0.35460488704253557,train,13.0,0,0.002768712198599736,0
SP,2016-10-24,0.0,0.0,0.0,0.0,0.0,0.0,0.0,0.0,0.0,-0.8854560256532101,0.464723172043768,train,13.0,0,0.0020796049249813438,0
SP,2016-10-31,0.0,0.0,0.0,0.0,0.0,0.0,0.0,0.0,0.0,-0.822983865893657,0.5680647467311548,train,13.0,0,0.0016312704834727692,0
SP,2016-11-07,0.0,0.0,0.0,0.0,0.0,0.0,0.0,0.0,0.0,-0.7485107481711011,0.6631226582407952,train,13.0,0,0.0013411886803814438,0
SP,2016-11-14,0.0,0.0,0.0,0.0,0.0,0.0,0.0,0.0,0.0,-0.6631226582407955,0.7485107481711007,train,13.0,0,0.0011591410711975566,0
SP,2016-11-21,0.0,0.0,0.0,0.0,0.0,0.0,0.0,0.0,0.0,-0.5680647467311559,0.8229838658936564,train,13.0,0,0.001055366196990406,0
SP,2016-11-28,0.0,0.0,0.0,0.0,0.0,0.0,0.0,0.0,0.0,-0.4647231720437684,0.88545602565321,train,13.0,0,0.0010136598144584543,0
SP,2016-12-05,0.0,0.0,0.0,0.0,0.0,0.0,0.0,0.0,0.0,-0.35460488704253595,0.9350162426854147,train,13.0,0,0.001027689250419541,0
SP,2016-12-12,0.0,0.0,0.0,0.0,0.0,0.0,0.0,0.0,0.0,-0.2393156642875578,0.970941817426052,train,13.0,0,0.0010995725046274078,0
SP,2016-12-19,0.0,0.0,0.0,0.0,0.0,0.0,0.0,0.0,0.0,-0.12053668025532363,0.992708874098054,train,13.0,0,0.0012403520679879912,0
SP,2016-12-26,0.0,0.0,0.0,0.0,0.0,0.0,0.0,0.0,0.0,6.432490598706546e-16,1.0,train,13.0,0,0.001472487075294112,0
SP,2017-01-02,0.0,0.0,0.0,0.0,0.0,0.0,0.0,0.0,0.0,0.12053668025532305,0.992708874098054,val,13.0,0,0.0018350101283209402,0
SP,2017-01-09,0.0,0.0,0.0,0.0,0.0,0.0,0.0,0.0,0.0,0.23931566428755774,0.970941817426052,val,13.0,0,0.0023926627010834706,0
SP,2017-01-16,0.0,0.0,0.0,0.0,0.0,0.0,0.0,0.0,0.0,0.3546048870425356,0.9350162426854148,val,13.0,0,0.0032512491443357117,0
SP,2017-01-23,0.0,0.0,0.0,0.0,0.0,0.0,0.0,0.0,0.0,0.4647231720437685,0.8854560256532099,val,13.0,0,0.004582706868592003,0
SP,2017-01-30,0.0,0.0,0.0,0.0,0.0,0.0,0.0,0.0,0.0,0.5680647467311558,0.8229838658936564,val,13.0,0,0.006664881096988635,0
SP,2017-02-06,0.0,0.0,0.0,0.0,0.0,0.0,0.0,0.0,0.0,0.6631226582407952,0.7485107481711011,val,13.0,0,0.009942118415087976,0
SP,2017-02-13,0.0,0.0,0.0,0.0,0.0,0.0,0.0,0.0,0.0,0.7485107481711011,0.6631226582407953,val,13.0,0,0.015111771061456286,0
SP,2017-02-20,0.0,0.0,0.0,0.0,0.0,0.0,0.0,0.0,0.0,0.8229838658936564,0.5680647467311559,val,13.0,0,0.023234451648620907,0
SP,2017-02-27,0.0,0.0,0.0,0.0,0.0,0.0,0.0,0.0,0.0,0.8854560256532099,0.4647231720437686,val,13.0,0,0.035845078420768846,0
SP,2017-03-06,10.0,0.0,0.0,0.0,0.0,0.0,0.0,0.0,0.0,0.9350162426854148,0.35460488704253557,val,13.0,0,0.05499895900443675,0
SP,2017-03-13,8.0,10.0,0.0,0.0,0.0,0.0,0.0,0.0,0.0,0.970941817426052,0.23931566428755804,val,13.0,0,0.2270474564905964,0
SP,2017-03-20,2.0,8.0,10.0,0.0,0.0,0.0,0.0,0.0,0.0,0.992708874098054,0.120536680255323,val,13.0,0,0.2928280879528628,0
SP,2017-03-27,10.0,2.0,8.0,10.0,0.0,0.0,0.0,0.0,0.0,1.0,-1.6081226496766366e-16,val,13.0,0,0.2923146126422193,0
SP,2017-04-03,22.0,10.0,2.0,8.0,10.0,0.0,0.0,0.0,0.0,0.992708874098054,-0.12053668025532288,val,13.0,1,0.3865808021115214,0
SP,2017-04-10,0.0,22.0,10.0,2.0,8.0,10.0,0.0,0.0,0.0,0.9709418174260521,-0.2393156642875575,val,13.0,0,0.567057034987389,0
SP,2017-04-17,34.0,0.0,22.0,10.0,2.0,8.0,10.0,0.0,0.0,0.9350162426854148,-0.35460488704253545,val,13.0,1,0.46050387092000145,0
SP,2017-04-24,12.0,34.0,0.0,22.0,10.0,2.0,8.0,10.0,0.0,0.8854560256532099,-0.4647231720437685,val,13.0,0,0.8493982043540603,1
SP,2017-05-01,13.0,12.0,34.0,0.0,22.0,10.0,2.0,8.0,10.0,0.8229838658936565,-0.5680647467311557,val,13.0,0,0.612852087423993,0
SP,2017-05-08,15.0,13.0,12.0,34.0,0.0,22.0,10.0,2.0,8.0,0.7485107481711013,-0.663122658240795,val,13.0,1,0.8625083021186465,1
SP,2017-05-15,4.0,15.0,13.0,12.0,34.0,0.0,22.0,10.0,2.0,0.6631226582407952,-0.7485107481711012,val,13.0,0,0.8283606817402219,1
SP,2017-05-22,8.0,4.0,15.0,13.0,12.0,34.0,0.0,22.0,10.0,0.5680647467311558,-0.8229838658936564,val,13.0,0,0.6404663685213025,0
SP,2017-05-29,1.0,8.0,4.0,15.0,13.0,12.0,34.0,0.0,22.0,0.46472317204376906,-0.8854560256532096,val,13.0,0,0.757340096990678,1
SP,2017-06-05,0.0,1.0,8.0,4.0,15.0,13.0,12.0,34.0,0.0,0.35460488704253584,-0.9350162426854147,val,13.0,0,0.7388989687310071,1
SP,2017-06-12,25.0,0.0,1.0,8.0,4.0,15.0,13.0,12.0,34.0,0.23931566428755768,-0.970941817426052,val,13.0,1,0.5385616788822807,0
SP,2017-06-19,0.0,25.0,0.0,1.0,8.0,4.0,15.0,13.0,12.0,0.12053668025532308,-0.992708874098054,val,13.0,0,0.8366487543913447,1
SP,2017-06-26,1.0,0.0,25.0,0.0,1.0,8.0,4.0,15.0,13.0,-3.216245299353273e-16,-1.0,val,13.0,0,0.4989384199528179,0
SP,2017-07-03,5.0,1.0,0.0,25.0,0.0,1.0,8.0,4.0,15.0,-0.12053668025532283,-0.992708874098054,val,13.0,0,0.6033605162968556,0
SP,2017-07-10,0.0,5.0,1.0,0.0,25.0,0.0,1.0,8.0,4.0,-0.23931566428755743,-0.9709418174260521,val,13.0,0,0.4327001932172856,0
SP,2017-07-17,0.0,0.0,5.0,1.0,0.0,25.0,0.0,1.0,8.0,-0.3546048870425356,-0.9350162426854148,val,13.0,0,0.2747412146777116,0
SP,2017-07-24,0.0,0.0,0.0,5.0,1.0,0.0,25.0,0.0,1.0,-0.46472317204376806,-0.8854560256532101,val,13.0,0,0.3544767972838806,0
SP,2017-07-31,0.0,0.0,0.0,0.0,5.0,1.0,0.0,25.0,0.0,-0.5680647467311556,-0.8229838658936566,val,13.0,0,0.17770357880734639,0
SP,2017-08-07,1.0,0.0,0.0,0.0,0.0,5.0,1.0,0.0,25.0,-0.663122658240795,-0.7485107481711013,val,13.0,0,0.09211617160858226,0
SP,2017-08-14,0.0,1.0,0.0,0.0,0.0,0.0,5.0,1.0,0.0,-0.7485107481711011,-0.6631226582407952,val,13.0,0,0.18867399680278735,0
SP,2017-08-21,0.0,0.0,1.0,0.0,0.0,0.0,0.0,5.0,1.0,-0.8229838658936564,-0.5680647467311559,val,13.0,0,0.06806020925469992,0
SP,2017-08-28,0.0,0.0,0.0,1.0,0.0,0.0,0.0,0.0,5.0,-0.8854560256532096,-0.4647231720437691,val,13.0,0,0.032303557462529164,0
SP,2017-09-04,0.0,0.0,0.0,0.0,1.0,0.0,0.0,0.0,0.0,-0.9350162426854147,-0.3546048870425359,val,13.0,0,0.024361004596883368,0
SP,2017-09-11,0.0,0.0,0.0,0.0,0.0,1.0,0.0,0.0,0.0,-0.970941817426052,-0.23931566428755774,val,13.0,0,0.018711100955650845,0
SP,2017-09-18,0.0,0.0,0.0,0.0,0.0,0.0,1.0,0.0,0.0,-0.992708874098054,-0.12053668025532357,val,13.0,0,0.013838082968836348,0
SP,2017-09-25,0.0,0.0,0.0,0.0,0.0,0.0,0.0,1.0,0.0,-1.0,-1.8369701987210297e-16,val,13.0,0,0.008557224573042334,0
SP,2017-10-02,0.0,0.0,0.0,0.0,0.0,0.0,0.0,0.0,1.0,-0.992708874098054,0.1205366802553232,val,13.0,0,0.004772940956948395,0
SP,2017-10-09,0.0,0.0,0.0,0.0,0.0,0.0,0.0,0.0,0.0,-0.9709418174260521,0.23931566428755738,val,13.0,0,0.0038330208738699143,0
SP,2017-10-16,0.0,0.0,0.0,0.0,0.0,0.0,0.0,0.0,0.0,-0.9350162426854148,0.35460488704253557,val,13.0,0,0.002768712198599736,0
SP,2017-10-23,0.0,0.0,0.0,0.0,0.0,0.0,0.0,0.0,0.0,-0.8854560256532101,0.464723172043768,val,13.0,0,0.0020796049249813438,0
SP,2017-10-30,0.0,0.0,0.0,0.0,0.0,0.0,0.0,0.0,0.0,-0.822983865893657,0.5680647467311548,val,13.0,0,0.0016312704834727692,0
SP,2017-11-06,0.0,0.0,0.0,0.0,0.0,0.0,0.0,0.0,0.0,-0.7485107481711011,0.6631226582407952,val,13.0,0,0.0013411886803814438,0
SP,2017-11-13,0.0,0.0,0.0,0.0,0.0,0.0,0.0,0.0,0.0,-0.6631226582407955,0.7485107481711007,val,13.0,0,0.0011591410711975566,0
SP,2017-11-20,0.0,0.0,0.0,0.0,0.0,0.0,0.0,0.0,0.0,-0.5680647467311559,0.8229838658936564,val,13.0,0,0.001055366196990406,0
SP,2017-11-27,0.0,0.0,0.0,0.0,0.0,0.0,0.0,0.0,0.0,-0.4647231720437684,0.88545602565321,val,13.0,0,0.0010136598144584543,0
SP,2017-12-04,0.0,0.0,0.0,0.0,0.0,0.0,0.0,0.0,0.0,-0.35460488704253595,0.9350162426854147,val,13.0,0,0.001027689250419541,0
SP,2017-12-11,0.0,0.0,0.0,0.0,0.0,0.0,0.0,0.0,0.0,-0.2393156642875578,0.970941817426052,val,13.0,0,0.0010995725046274078,0
SP,2017-12-18,0.0,0.0,0.0,0.0,0.0,0.0,0.0,0.0,0.0,-0.12053668025532363,0.992708874098054,val,13.0,0,0.0012403520679879912,0
SP,2017-12-25,0.0,0.0,0.0,0.0,0.0,0.0,0.0,0.0,0.0,6.432490598706546e-16,1.0,val,13.0,0,0.001472487075294112,0
SP,2018-01-01,0.0,0.0,0.0,0.0,0.0,0.0,0.0,0.0,0.0,0.12053668025532305,0.992708874098054,test,13.0,0,0.0018350101283209402,0
SP,2018-01-08,0.0,0.0,0.0,0.0,0.0,0.0,0.0,0.0,0.0,0.23931566428755774,0.970941817426052,test,13.0,0,0.0023926627010834706,0
SP,2018-01-15,0.0,0.0,0.0,0.0,0.0,0.0,0.0,0.0,0.0,0.3546048870425356,0.9350162426854148,test,13.0,0,0.0032512491443357117,0
SP,2018-01-22,0.0,0.0,0.0,0.0,0.0,0.0,0.0,0.0,0.0,0.4647231720437685,0.8854560256532099,test,13.0,0,0.004582706868592003,0
SP,2018-01-29,0.0,0.0,0.0,0.0,0.0,0.0,0.0,0.0,0.0,0.5680647467311558,0.8229838658936564,test,13.0,0,0.006664881096988635,0
SP,2018-02-05,0.0,0.0,0.0,0.0,0.0,0.0,0.0,0.0,0.0,0.6631226582407952,0.7485107481711011,test,13.0,0,0.009942118415087976,0
SP,2018-02-12,0.0,0.0,0.0,0.0,0.0,0.0,0.0,0.0,0.0,0.7485107481711011,0.6631226582407953,test,13.0,0,0.015111771061456286,0
SP,2018-02-19,0.0,0.0,0.0,0.0,0.0,0.0,0.0,0.0,0.0,0.8229838658936564,0.5680647467311559,test,13.0,0,0.023234451648620907,0
SP,2018-02-26,0.0,0.0,0.0,0.0,0.0,0.0,0.0,0.0,0.0,0.8854560256532099,0.4647231720437686,test,13.0,0,0.035845078420768846,0
SP,2018-03-05,0.0,0.0,0.0,0.0,0.0,0.0,0.0,0.0,0.0,0.9350162426854148,0.35460488704253557,test,13.0,0,0.05499895900443675,0
SP,2018-03-12,0.0,0.0,0.0,0.0,0.0,0.0,0.0,0.0,0.0,0.970941817426052,0.23931566428755804,test,13.0,0,0.08312512207577291,0
SP,2018-03-19,0.0,0.0,0.0,0.0,0.0,0.0,0.0,0.0,0.0,0.992708874098054,0.120536680255323,test,13.0,0,0.12252148218693314,0
SP,2018-03-26,0.0,0.0,0.0,0.0,0.0,0.0,0.0,0.0,0.0,1.0,-1.6081226496766366e-16,test,13.0,0,0.17442354442181385,0
SP,2018-04-02,0.0,0.0,0.0,0.0,0.0,0.0,0.0,0.0,0.0,0.992708874098054,-0.12053668025532288,test,13.0,0,0.23791376886335305,0
SP,2018-04-09,0.0,0.0,0.0,0.0,0.0,0.0,0.0,0.0,0.0,0.9709418174260521,-0.2393156642875575,test,13.0,0,0.3093568509944325,0
SP,2018-04-16,0.0,0.0,0.0,0.0,0.0,0.0,0.0,0.0,0.0,0.9350162426854148,-0.35460488704253545,test,13.0,0,0.38301063483920167,0
SP,2018-04-23,0.0,0.0,0.0,0.0,0.0,0.0,0.0,0.0,0.0,0.8854560256532099,-0.4647231720437685,test,13.0,0,0.4526686731365207,0
SP,2018-04-30,14.0,0.0,0.0,0.0,0.0,0.0,0.0,0.0,0.0,0.8229838658936565,-0.5680647467311557,test,13.0,1,0.513340350971132,0
SP,2018-05-07,4.0,14.0,0.0,0.0,0.0,0.0,0.0,0.0,0.0,0.7485107481711013,-0.663122658240795,test,13.0,0,0.8287914271933319,1
SP,2018-05-14,31.0,4.0,14.0,0.0,0.0,0.0,0.0,0.0,0.0,0.6631226582407952,-0.7485107481711012,test,13.0,1,0.7677629410355715,1
SP,2018-05-21,4.0,31.0,4.0,14.0,0.0,0.0,0.0,0.0,0.0,0.5680647467311558,-0.8229838658936564,test,13.0,0,0.9116365674591985,1
SP,2018-05-28,7.0,4.0,31.0,4.0,14.0,0.0,0.0,0.0,0.0,0.46472317204376906,-0.8854560256532096,test,13.0,0,0.6789662853171778,1
SP,2018-06-04,3.0,7.0,4.0,31.0,4.0,14.0,0.0,0.0,0.0,0.35460488704253584,-0.9350162426854147,test,13.0,0,0.79170438580563,1
SP,2018-06-11,10.0,3.0,7.0,4.0,31.0,4.0,14.0,0.0,0.0,0.23931566428755768,-0.970941817426052,test,13.0,0,0.7055705901798256,1
SP,2018-06-18,69.0,10.0,3.0,7.0,4.0,31.0,4.0,14.0,0.0,0.12053668025532308,-0.992708874098054,test,13.0,1,0.8522769567444825,1
SP,2018-06-25,6.0,69.0,10.0,3.0,7.0,4.0,31.0,4.0,14.0,-3.216245299353273e-16,-1.0,test,13.0,0,0.8846268865253155,1
SP,2018-07-02,0.0,6.0,69.0,10.0,3.0,7.0,4.0,31.0,4.0,-0.12053668025532283,-0.992708874098054,test,13.0,0,0.721223259878638,1
SP,2018-07-09,0.0,0.0,6.0,69.0,10.0,3.0,7.0,4.0,31.0,-0.23931566428755743,-0.9709418174260521,test,13.0,0,0.2937579909863106,0
SP,2018-07-16,0.0,0.0,0.0,6.0,69.0,10.0,3.0,7.0,4.0,-0.3546048870425356,-0.9350162426854148,test,13.0,0,0.18623695058049747,0
SP,2018-07-23,0.0,0.0,0.0,0.0,6.0,69.0,10.0,3.0,7.0,-0.46472317204376806,-0.8854560256532101,test,13.0,0,0.21268025826945244,0
SP,2018-07-30,0.0,0.0,0.0,0.0,0.0,6.0,69.0,10.0,3.0,-0.5680647467311556,-0.8229838658936566,test,13.0,0,0.3427270235597397,0
SP,2018-08-06,0.0,0.0,0.0,0.0,0.0,0.0,6.0,69.0,10.0,-0.663122658240795,-0.7485107481711013,test,13.0,0,0.17600290876149158,0
SP,2018-08-13,0.0,0.0,0.0,0.0,0.0,0.0,0.0,6.0,69.0,-0.7485107481711011,-0.6631226582407952,test,13.0,0,0.05261041392667126,0
SP,2018-08-20,0.0,0.0,0.0,0.0,0.0,0.0,0.0,0.0,6.0,-0.8229838658936564,-0.5680647467311559,test,13.0,0,0.046531765423490364,0
SP,2018-08-27,0.0,0.0,0.0,0.0,0.0,0.0,0.0,0.0,0.0,-0.8854560256532096,-0.4647231720437691,test,13.0,0,0.04430489602021936,0
SP,2018-09-03,0.0,0.0,0.0,0.0,0.0,0.0,0.0,0.0,0.0,-0.9350162426854147,-0.3546048870425359,test,13.0,0,0.028761966192994218,0
SX,2015-04-06,6.0000003,19.000002,0.0,0.0,0.0,0.0,0.0,0.0,0.0,0.9709418174260521,-0.2393156642875575,train,22.0,0,0.660500771453288,0
SX,2015-04-13,16.0,6.0000003,19.000002,0.0,0.0,0.0,0.0,0.0,0.0,0.9350162426854148,-0.35460488704253545,train,22.0,0,0.6200000449405663,0
SX,2015-04-20,4.0,16.0,6.0000003,19.000002,0.0,0.0,0.0,0.0,0.0,0.8854560256532099,-0.4647231720437685,train,22.0,0,0.7958394340916348,1
SX,2015-04-27,22.0,4.0,16.0,6.0000003,19.000002,0.0,0.0,0.0,0.0,0.8229838658936565,-0.5680647467311557,train,22.0,0,0.5538975750954874,0
SX,2015-05-04,11.0,22.0,4.0,16.0,6.0000003,19.000002,0.0,0.0,0.0,0.7485107481711013,-0.663122658240795,train,22.0,0,0.8134307892099149,1
SX,2015-05-11,31.0,11.0,22.0,4.0,16.0,6.0000003,19.000002,0.0,0.0,0.6631226582407952,-0.7485107481711012,train,22.0,1,0.8284175595395671,1
SX,2015-05-18,38.0,31.0,11.0,22.0,4.0,16.0,6.0000003,19.000002,0.0,0.5680647467311558,-0.8229838658936564,train,22.0,1,0.9295159847052389,1
SX,2015-05-25,14.0,38.0,31.0,11.0,22.0,4.0,16.0,6.0000003,19.000002,0.46472317204376906,-0.8854560256532096,train,22.0,0,0.8552973066296791,1
SX,2015-06-01,23.0,14.0,38.0,31.0,11.0,22.0,4.0,16.0,6.0000003,0.35460488704253584,-0.9350162426854147,train,22.0,1,0.827981055551158,1
SX,2015-06-08,2.0,23.0,14.0,38.0,31.0,11.0,22.0,4.0,16.0,0.23931566428755768,-0.970941817426052,train,22.0,0,0.8173662096840887,1
SX,2015-06-15,5.0,2.0,23.0,14.0,38.0,31.0,11.0,22.0,4.0,0.12053668025532308,-0.992708874098054,train,22.0,0,0.6270344047301467,0
SX,2015-06-22,22.0,5.0,2.0,23.0,14.0,38.0,31.0,11.0,22.0,-3.216245299353273e-16,-1.0,train,22.0,0,0.6808379303699241,1
SX,2015-06-29,5.0,22.0,5.0,2.0,23.0,14.0,38.0,31.0,11.0,-0.12053668025532283,-0.992708874098054,train,22.0,0,0.7722460219221541,1
SX,2015-07-06,3.0,5.0,22.0,5.0,2.0,23.0,14.0,38.0,31.0,-0.23931566428755743,-0.9709418174260521,train,22.0,0,0.6204239550355848,0
SX,2015-07-13,5.0,3.0,5.0,22.0,5.0,2.0,23.0,14.0,38.0,-0.3546048870425356,-0.9350162426854148,train,22.0,0,0.45951484364173434,0
SX,2015-07-20,3.0,5.0,3.0,5.0,22.0,5.0,2.0,23.0,14.0,-0.46472317204376806,-0.8854560256532101,train,22.0,0,0.2976222249053216,0
SX,2015-07-27,0.0,3.0,5.0,3.0,5.0,22.0,5.0,2.0,23.0,-0.5680647467311556,-0.8229838658936566,train,22.0,0,0.2221698983582492,0
SX,2015-08-03,0.0,0.0,3.0,5.0,3.0,5.0,22.0,5.0,2.0,-0.663122658240795,-0.7485107481711013,train,22.0,0,0.18308321047758683,0
SX,2015-08-10,0.0,0.0,0.0,3.0,5.0,3.0,5.0,22.0,5.0,-0.7485107481711011,-0.6631226582407952,train,22.0,0,0.08886649703710829,0
SX,2015-08-17,0.0,0.0,0.0,0.0,3.0,5.0,3.0,5.0,22.0,-0.8229838658936564,-0.5680647467311559,train,22.0,0,0.03944210434055393,0
SX,2015-08-24,0.0,0.0,0.0,0.0,0.0,3.0,5.0,3.0,5.0,-0.8854560256532096,-0.4647231720437691,train,22.0,0,0.048111879268420636,0
SX,2015-08-31,0.0,0.0,0.0,0.0,0.0,0.0,3.0,5.0,3.0,-0.9350162426854147,-0.3546048870425359,train,22.0,0,0.032333329381462446,0
SX,2015-09-07,0.0,0.0,0.0,0.0,0.0,0.0,0.0,3.0,5.0,-0.970941817426052,-0.23931566428755774,train,22.0,0,0.014574018902181667,0
SX,2015-09-14,0.0,0.0,0.0,0.0,0.0,0.0,0.0,0.0,3.0,-0.992708874098054,-0.12053668025532357,train,22.0,0,0.00922871608165631,0
SX,2015-09-21,0.0,0.0,0.0,0.0,0.0,0.0,0.0,0.0,0.0,-1.0,-1.8369701987210297e-16,train,22.0,0,0.008091681810665432,0
SX,2015-09-28,0.0,0.0,0.0,0.0,0.0,0.0,0.0,0.0,0.0,-0.992708874098054,0.1205366802553232,train,22.0,0,0.005490457898428141,0
SX,2015-10-05,0.0,0.0,0.0,0.0,0.0,0.0,0.0,0.0,0.0,-0.9709418174260521,0.23931566428755738,train,22.0,0,0.0038330208738699143,0
SX,2015-10-12,0.0,0.0,0.0,0.0,0.0,0.0,0.0,0.0,0.0,-0.9350162426854148,0.35460488704253557,train,22.0,0,0.002768712198599736,0
SX,2015-10-19,0.0,0.0,0.0,0.0,0.0,0.0,0.0,0.0,0.0,-0.8854560256532101,0.464723172043768,train,22.0,0,0.0020796049249813438,0
SX,2015-10-26,0.0,0.0,0.0,0.0,0.0,0.0,0.0,0.0,0.0,-0.822983865893657,0.5680647467311548,train,22.0,0,0.0016312704834727692,0
SX,2015-11-02,0.0,0.0,0.0,0.0,0.0,0.0,0.0,0.0,0.0,-0.7485107481711011,0.6631226582407952,train,22.0,0,0.0013411886803814438,0
SX,2015-11-09,0.0,0.0,0.0,0.0,0.0,0.0,0.0,0.0,0.0,-0.6631226582407955,0.7485107481711007,train,22.0,0,0.0011591410711975566,0
SX,2015-11-16,0.0,0.0,0.0,0.0,0.0,0.0,0.0,0.0,0.0,-0.5680647467311559,0.8229838658936564,train,22.0,0,0.001055366196990406,0
SX,2015-11-23,0.0,0.0,0.0,0.0,0.0,0.0,0.0,0.0,0.0,-0.4647231720437684,0.88545602565321,train,22.0,0,0.0010136598144584543,0
SX,2015-11-30,0.0,0.0,0.0,0.0,0.0,0.0,0.0,0.0,0.0,-0.35460488704253595,0.9350162426854147,train,22.0,0,0.001027689250419541,0
SX,2015-12-07,0.0,0.0,0.0,0.0,0.0,0.0,0.0,0.0,0.0,-0.2393156642875578,0.970941817426052,train,22.0,0,0.0010995725046274078,0
SX,2015-12-14,0.0,0.0,0.0,0.0,0.0,0.0,0.0,0.0,0.0,-0.12053668025532363,0.992708874098054,train,22.0,0,0.0012403520679879912,0
SX,2015-12-21,0.0,0.0,0.0,0.0,0.0,0.0,0.0,0.0,0.0,6.432490598706546e-16,1.0,train,22.0,0,0.001472487075294112,0
SX,2015-12-28,0.0,0.0,0.0,0.0,0.0,0.0,0.0,0.0,0.0,0.12053668025532314,0.992708874098054,train,22.0,0,0.0018350101283209402,0
SX,2016-01-04,0.0,0.0,0.0,0.0,0.0,0.0,0.0,0.0,0.0,0.12053668025532305,0.992708874098054,train,22.0,0,0.0018350101283209402,0
SX,2016-01-11,0.0,0.0,0.0,0.0,0.0,0.0,0.0,0.0,0.0,0.23931566428755774,0.970941817426052,train,22.0,0,0.0023926627010834706,0
SX,2016-01-18,0.0,0.0,0.0,0.0,0.0,0.0,0.0,0.0,0.0,0.3546048870425356,0.9350162426854148,train,22.0,0,0.0032512491443357117,0
SX,2016-01-25,0.0,0.0,0.0,0.0,0.0,0.0,0.0,0.0,0.0,0.4647231720437685,0.8854560256532099,train,22.0,0,0.004582706868592003,0
SX,2016-02-01,0.0,0.0,0.0,0.0,0.0,0.0,0.0,0.0,0.0,0.5680647467311558,0.8229838658936564,train,22.0,0,0.006664881096988635,0
SX,2016-02-08,0.0,0.0,0.0,0.0,0.0,0.0,0.0,0.0,0.0,0.6631226582407952,0.7485107481711011,train,22.0,0,0.009942118415087976,0
SX,2016-02-15,0.0,0.0,0.0,0.0,0.0,0.0,0.0,0.0,0.0,0.7485107481711011,0.6631226582407953,train,22.0,0,0.015111771061456286,0
SX,2016-02-22,0.0,0.0,0.0,0.0,0.0,0.0,0.0,0.0,0.0,0.8229838658936564,0.5680647467311559,train,22.0,0,0.023234451648620907,0
SX,2016-02-29,0.0,0.0,0.0,0.0,0.0,0.0,0.0,0.0,0.0,0.8854560256532099,0.4647231720437686,train,22.0,0,0.035845078420768846,0
SX,2016-03-07,0.0,0.0,0.0,0.0,0.0,0.0,0.0,0.0,0.0,0.9350162426854148,0.35460488704253557,train,22.0,0,0.05499895900443675,0
SX,2016-03-14,0.0,0.0,0.0,0.0,0.0,0.0,0.0,0.0,0.0,0.970941817426052,0.23931566428755804,train,22.0,0,0.08312512207577291,0
SX,2016-03-21,0.0,0.0,0.0,0.0,0.0,0.0,0.0,0.0,0.0,0.992708874098054,0.120536680255323,train,22.0,0,0.12252148218693314,0
SX,2016-03-28,1.0,0.0,0.0,0.0,0.0,0.0,0.0,0.0,0.0,1.0,-1.6081226496766366e-16,train,22.0,0,0.17442354442181385,0
SX,2016-04-04,3.0,1.0,0.0,0.0,0.0,0.0,0.0,0.0,0.0,0.992708874098054,-0.12053668025532288,train,22.0,0,0.30484385413171267,0
SX,2016-04-11,1.0,3.0,1.0,0.0,0.0,0.0,0.0,0.0,0.0,0.9709418174260521,-0.2393156642875575,train,22.0,0,0.4698766828815111,0
SX,2016-04-18,9.0,1.0,3.0,1.0,0.0,0.0,0.0,0.0,0.0,0.9350162426854148,-0.35460488704253545,train,22.0,0,0.47607636206181914,0
SX,2016-04-25,27.0,9.0,1.0,3.0,1.0,0.0,0.0,0.0,0.0,0.8854560256532099,-0.4647231720437685,train,22.0,1,0.6989263613897022,1
SX,2016-05-02,41.0,27.0,9.0,1.0,3.0,1.0,0.0,0.0,0.0,0.8229838658936565,-0.5680647467311557,train,22.0,1,0.801198655846823,1
SX,2016-05-09,94.0,41.0,27.0,9.0,1.0,3.0,1.0,0.0,0.0,0.7485107481711013,-0.663122658240795,train,22.0,1,0.8981794172874968,1
SX,2016-05-16,30.0,94.0,41.0,27.0,9.0,1.0,3.0,1.0,0.0,0.6631226582407952,-0.7485107481711012,train,22.0,1,0.9284599160680148,1
SX,2016-05-23,14.0,30.0,94.0,41.0,27.0,9.0,1.0,3.0,1.0,0.5680647467311558,-0.8229838658936564,train,22.0,0,0.8420124218881591,1
SX,2016-05-30,4.0,14.0,30.0,94.0,41.0,27.0,9.0,1.0,3.0,0.46472317204376906,-0.8854560256532096,train,22.0,0,0.8022101388994469,1
SX,2016-06-06,19.0,4.0,14.0,30.0,94.0,41.0,27.0,9.0,1.0,0.35460488704253584,-0.9350162426854147,train,22.0,0,0.7408875263310998,1
SX,2016-06-13,7.0,19.0,4.0,14.0,30.0,94.0,41.0,27.0,9.0,0.23931566428755768,-0.970941817426052,train,22.0,0,0.8496611017420554,1
SX,2016-06-20,28.0,7.0,19.0,4.0,14.0,30.0,94.0,41.0,27.0,0.12053668025532308,-0.992708874098054,train,22.0,1,0.7790718505728881,1
SX,2016-06-27,17.0,28.0,7.0,19.0,4.0,14.0,30.0,94.0,41.0,-3.216245299353273e-16,-1.0,train,22.0,0,0.8619011919300797,1
SX,2016-07-04,0.0,17.0,28.0,7.0,19.0,4.0,14.0,30.0,94.0,-0.12053668025532283,-0.992708874098054,train,22.0,0,0.6452315638251447,0
SX,2016-07-11,0.0,0.0,17.0,28.0,7.0,19.0,4.0,14.0,30.0,-0.23931566428755743,-0.9709418174260521,train,22.0,0,0.304885714509334,0
SX,2016-07-18,0.0,0.0,0.0,17.0,28.0,7.0,19.0,4.0,14.0,-0.3546048870425356,-0.9350162426854148,train,22.0,0,0.2360539637612447,0
SX,2016-07-25,0.0,0.0,0.0,0.0,17.0,28.0,7.0,19.0,4.0,-0.46472317204376806,-0.8854560256532101,train,22.0,0,0.20139425639053884,0
SX,2016-08-01,0.0,0.0,0.0,0.0,0.0,17.0,28.0,7.0,19.0,-0.5680647467311556,-0.8229838658936566,train,22.0,0,0.23815051020156533,0
SX,2016-08-08,0.0,0.0,0.0,0.0,0.0,0.0,17.0,28.0,7.0,-0.663122658240795,-0.7485107481711013,train,22.0,0,0.2016544115173794,0
SX,2016-08-15,0.0,0.0,0.0,0.0,0.0,0.0,0.0,17.0,28.0,-0.7485107481711011,-0.6631226582407952,train,22.0,0,0.06692119195459512,0
SX,2016-08-22,0.0,0.0,0.0,0.0,0.0,0.0,0.0,0.0,17.0,-0.8229838658936564,-0.5680647467311559,train,22.0,0,0.03872481256866027,0
SX,2016-08-29,0.0,0.0,0.0,0.0,0.0,0.0,0.0,0.0,0.0,-0.8854560256532096,-0.4647231720437691,train,22.0,0,0.04430489602021936,0
SX,2016-09-05,0.0,0.0,0.0,0.0,0.0,0.0,0.0,0.0,0.0,-0.9350162426854147,-0.3546048870425359,train,22.0,0,0.028761966192994218,0
SX,2016-09-12,0.0,0.0,0.0,0.0,0.0,0.0,0.0,0.0,0.0,-0.970941817426052,-0.23931566428755774,train,22.0,0,0.01865581403529651,0
SX,2016-09-19,0.0,0.0,0.0,0.0,0.0,0.0,0.0,0.0,0.0,-0.992708874098054,-0.12053668025532357,train,22.0,0,0.012193023560114636,0
SX,2016-09-26,0.0,0.0,0.0,0.0,0.0,0.0,0.0,0.0,0.0,-1.0,-1.8369701987210297e-16,train,22.0,0,0.008091681810665432,0
SX,2016-10-03,0.0,0.0,0.0,0.0,0.0,0.0,0.0,0.0,0.0,-0.992708874098054,0.1205366802553232,train,22.0,0,0.005490457898428141,0
SX,2016-10-10,0.0,0.0,0.0,0.0,0.0,0.0,0.0,0.0,0.0,-0.9709418174260521,0.23931566428755738,train,22.0,0,0.0038330208738699143,0
SX,2016-10-17,0.0,0.0,0.0,0.0,0.0,0.0,0.0,0.0,0.0,-0.9350162426854148,0.35460488704253557,train,22.0,0,0.002768712198599736,0
SX,2016-10-24,0.0,0.0,0.0,0.0,0.0,0.0,0.0,0.0,0.0,-0.8854560256532101,0.464723172043768,train,22.0,0,0.0020796049249813438,0
SX,2016-10-31,0.0,0.0,0.0,0.0,0.0,0.0,0.0,0.0,0.0,-0.822983865893657,0.5680647467311548,train,22.0,0,0.0016312704834727692,0
SX,2016-11-07,0.0,0.0,0.0,0.0,0.0,0.0,0.0,0.0,0.0,-0.7485107481711011,0.6631226582407952,train,22.0,0,0.0013411886803814438,0
SX,2016-11-14,0.0,0.0,0.0,0.0,0.0,0.0,0.0,0.0,0.0,-0.6631226582407955,0.7485107481711007,train,22.0,0,0.0011591410711975566,0
SX,2016-11-21,0.0,0.0,0.0,0.0,0.0,0.0,0.0,0.0,0.0,-0.5680647467311559,0.8229838658936564,train,22.0,0,0.001055366196990406,0
SX,2016-11-28,0.0,0.0,0.0,0.0,0.0,0.0,0.0,0.0,0.0,-0.4647231720437684,0.88545602565321,train,22.0,0,0.0010136598144584543,0
SX,2016-12-05,0.0,0.0,0.0,0.0,0.0,0.0,0.0,0.0,0.0,-0.35460488704253595,0.9350162426854147,train,22.0,0,0.001027689250419541,0
SX,2016-12-12,0.0,0.0,0.0,0.0,0.0,0.0,0.0,0.0,0.0,-0.2393156642875578,0.970941817426052,train,22.0,0,0.0010995725046274078,0
SX,2016-12-19,0.0,0.0,0.0,0.0,0.0,0.0,0.0,0.0,0.0,-0.12053668025532363,0.992708874098054,train,22.0,0,0.0012403520679879912,0
SX,2016-12-26,0.0,0.0,0.0,0.0,0.0,0.0,0.0,0.0,0.0,6.432490598706546e-16,1.0,train,22.0,0,0.001472487075294112,0
SX,2017-01-02,0.0,0.0,0.0,0.0,0.0,0.0,0.0,0.0,0.0,0.12053668025532305,0.992708874098054,val,22.0,0,0.0018350101283209402,0
SX,2017-01-09,0.0,0.0,0.0,0.0,0.0,0.0,0.0,0.0,0.0,0.23931566428755774,0.970941817426052,val,22.0,0,0.0023926627010834706,0
SX,2017-01-16,0.0,0.0,0.0,0.0,0.0,0.0,0.0,0.0,0.0,0.3546048870425356,0.9350162426854148,val,22.0,0,0.0032512491443357117,0
SX,2017-01-23,0.0,0.0,0.0,0.0,0.0,0.0,0.0,0.0,0.0,0.4647231720437685,0.8854560256532099,val,22.0,0,0.004582706868592003,0
SX,2017-01-30,0.0,0.0,0.0,0.0,0.0,0.0,0.0,0.0,0.0,0.5680647467311558,0.8229838658936564,val,22.0,0,0.006664881096988635,0
SX,2017-02-06,0.0,0.0,0.0,0.0,0.0,0.0,0.0,0.0,0.0,0.6631226582407952,0.7485107481711011,val,22.0,0,0.009942118415087976,0
SX,2017-02-13,0.0,0.0,0.0,0.0,0.0,0.0,0.0,0.0,0.0,0.7485107481711011,0.6631226582407953,val,22.0,0,0.015111771061456286,0
SX,2017-02-20,0.0,0.0,0.0,0.0,0.0,0.0,0.0,0.0,0.0,0.8229838658936564,0.5680647467311559,val,22.0,0,0.023234451648620907,0
SX,2017-02-27,0.0,0.0,0.0,0.0,0.0,0.0,0.0,0.0,0.0,0.8854560256532099,0.4647231720437686,val,22.0,0,0.035845078420768846,0
SX,2017-03-06,4.0,0.0,0.0,0.0,0.0,0.0,0.0,0.0,0.0,0.9350162426854148,0.35460488704253557,val,22.0,0,0.05499895900443675,0
SX,2017-03-13,0.0,4.0,0.0,0.0,0.0,0.0,0.0,0.0,0.0,0.970941817426052,0.23931566428755804,val,22.0,0,0.16636674158340675,0
SX,2017-03-20,4.0,0.0,4.0,0.0,0.0,0.0,0.0,0.0,0.0,0.992708874098054,0.120536680255323,val,22.0,0,0.1232370111433489,0
SX,2017-03-27,7.0,4.0,0.0,4.0,0.0,0.0,0.0,0.0,0.0,1.0,-1.6081226496766366e-16,val,22.0,0,0.33555442396780943,0
SX,2017-04-03,24.0,7.0,4.0,0.0,4.0,0.0,0.0,0.0,0.0,0.992708874098054,-0.12053668025532288,val,22.0,1,0.3695449669895947,0
SX,2017-04-10,30.0,24.0,7.0,4.0,0.0,4.0,0.0,0.0,0.0,0.9709418174260521,-0.2393156642875575,val,22.0,1,0.7053494240707997,1
SX,2017-04-17,44.0,30.0,24.0,7.0,4.0,0.0,4.0,0.0,0.0,0.9350162426854148,-0.35460488704253545,val,22.0,1,0.7734851205544856,1
SX,2017-04-24,16.0,44.0,30.0,24.0,7.0,4.0,0.0,4.0,0.0,0.8854560256532099,-0.4647231720437685,val,22.0,0,0.8147976707857291,1
SX,2017-05-01,77.0,16.0,44.0,30.0,24.0,7.0,4.0,0.0,4.0,0.8229838658936565,-0.5680647467311557,val,22.0,1,0.694574487922797,1
SX,2017-05-08,16.0,77.0,16.0,44.0,30.0,24.0,7.0,4.0,0.0,0.7485107481711013,-0.663122658240795,val,22.0,0,0.9069071180810291,1
SX,2017-05-15,28.0,16.0,77.0,16.0,44.0,30.0,24.0,7.0,4.0,0.6631226582407952,-0.7485107481711012,val,22.0,1,0.8120595852954883,1
SX,2017-05-22,20.0,28.0,16.0,77.0,16.0,44.0,30.0,24.0,7.0,0.5680647467311558,-0.8229838658936564,val,22.0,0,0.8974458693197396,1
SX,2017-05-29,7.0,20.0,28.0,16.0,77.0,16.0,44.0,30.0,24.0,0.46472317204376906,-0.8854560256532096,val,22.0,0,0.8102052993487088,1
SX,2017-06-05,17.0,7.0,20.0,28.0,16.0,77.0,16.0,44.0,30.0,0.35460488704253584,-0.9350162426854147,val,22.0,0,0.7646971252557848,1
SX,2017-06-12,82.0,17.0,7.0,20.0,28.0,16.0,77.0,16.0,44.0,0.23931566428755768,-0.970941817426052,val,22.0,1,0.8140940543349828,1
SX,2017-06-19,22.0,82.0,17.0,7.0,20.0,28.0,16.0,77.0,16.0,0.12053668025532308,-0.992708874098054,val,22.0,0,0.8985384556611461,1
SX,2017-06-26,5.0,22.0,82.0,17.0,7.0,20.0,28.0,16.0,77.0,-3.216245299353273e-16,-1.0,val,22.0,0,0.7907564327012523,1
SX,2017-07-03,7.0,5.0,22.0,82.0,17.0,7.0,20.0,28.0,16.0,-0.12053668025532283,-0.992708874098054,val,22.0,0,0.6485356380257462,0
SX,2017-07-10,4.0,7.0,5.0,22.0,82.0,17.0,7.0,20.0,28.0,-0.23931566428755743,-0.9709418174260521,val,22.0,0,0.4330465802801845,0
SX,2017-07-17,2.0,4.0,7.0,5.0,22.0,82.0,17.0,7.0,20.0,-0.3546048870425356,-0.9350162426854148,val,22.0,0,0.39761062657633045,0
SX,2017-07-24,1.0,2.0,4.0,7.0,5.0,22.0,82.0,17.0,7.0,-0.46472317204376806,-0.8854560256532101,val,22.0,0,0.46809642590840583,0
SX,2017-07-31,0.0,1.0,2.0,4.0,7.0,5.0,22.0,82.0,17.0,-0.5680647467311556,-0.8229838658936566,val,22.0,0,0.25279627341414884,0
SX,2017-08-07,0.0,0.0,1.0,2.0,4.0,7.0,5.0,22.0,82.0,-0.663122658240795,-0.7485107481711013,val,22.0,0,0.08308595923711477,0
SX,2017-08-14,0.0,0.0,0.0,1.0,2.0,4.0,7.0,5.0,22.0,-0.7485107481711011,-0.6631226582407952,val,22.0,0,0.07443263127512872,0
SX,2017-08-21,0.0,0.0,0.0,0.0,1.0,2.0,4.0,7.0,5.0,-0.8229838658936564,-0.5680647467311559,val,22.0,0,0.06371404960329721,0
SX,2017-08-28,0.0,0.0,0.0,0.0,0.0,1.0,2.0,4.0,7.0,-0.8854560256532096,-0.4647231720437691,val,22.0,0,0.040838803536281006,0
SX,2017-09-04,0.0,0.0,0.0,0.0,0.0,0.0,1.0,2.0,4.0,-0.9350162426854147,-0.3546048870425359,val,22.0,0,0.025862888834025412,0
SX,2017-09-11,0.0,0.0,0.0,0.0,0.0,0.0,0.0,1.0,2.0,-0.970941817426052,-0.23931566428755774,val,22.0,0,0.01583653879309821,0
SX,2017-09-18,0.0,0.0,0.0,0.0,0.0,0.0,0.0,0.0,1.0,-0.992708874098054,-0.12053668025532357,val,22.0,0,0.010608930038684036,0
SX,2017-09-25,0.0,0.0,0.0,0.0,0.0,0.0,0.0,0.0,0.0,-1.0,-1.8369701987210297e-16,val,22.0,0,0.008091681810665432,0
SX,2017-10-02,0.0,0.0,0.0,0.0,0.0,0.0,0.0,0.0,0.0,-0.992708874098054,0.1205366802553232,val,22.0,0,0.005490457898428141,0
SX,2017-10-09,0.0,0.0,0.0,0.0,0.0,0.0,0.0,0.0,0.0,-0.9709418174260521,0.23931566428755738,val,22.0,0,0.0038330208738699143,0
SX,2017-10-16,0.0,0.0,0.0,0.0,0.0,0.0,0.0,0.0,0.0,-0.9350162426854148,0.35460488704253557,val,22.0,0,0.002768712198599736,0
SX,2017-10-23,0.0,0.0,0.0,0.0,0.0,0.0,0.0,0.0,0.0,-0.8854560256532101,0.464723172043768,val,22.0,0,0.0020796049249813438,0
SX,2017-10-30,0.0,0.0,0.0,0.0,0.0,0.0,0.0,0.0,0.0,-0.822983865893657,0.5680647467311548,val,22.0,0,0.0016312704834727692,0
SX,2017-11-06,0.0,0.0,0.0,0.0,0.0,0.0,0.0,0.0,0.0,-0.7485107481711011,0.6631226582407952,val,22.0,0,0.0013411886803814438,0
SX,2017-11-13,0.0,0.0,0.0,0.0,0.0,0.0,0.0,0.0,0.0,-0.6631226582407955,0.7485107481711007,val,22.0,0,0.0011591410711975566,0
SX,2017-11-20,0.0,0.0,0.0,0.0,0.0,0.0,0.0,0.0,0.0,-0.5680647467311559,0.8229838658936564,val,22.0,0,0.001055366196990406,0
SX,2017-11-27,0.0,0.0,0.0,0.0,0.0,0.0,0.0,0.0,0.0,-0.4647231720437684,0.88545602565321,val,22.0,0,0.0010136598144584543,0
SX,2017-12-04,0.0,0.0,0.0,0.0,0.0,0.0,0.0,0.0,0.0,-0.35460488704253595,0.9350162426854147,val,22.0,0,0.001027689250419541,0
SX,2017-12-11,0.0,0.0,0.0,0.0,0.0,0.0,0.0,0.0,0.0,-0.2393156642875578,0.970941817426052,val,22.0,0,0.0010995725046274078,0
SX,2017-12-18,0.0,0.0,0.0,0.0,0.0,0.0,0.0,0.0,0.0,-0.12053668025532363,0.992708874098054,val,22.0,0,0.0012403520679879912,0
SX,2017-12-25,0.0,0.0,0.0,0.0,0.0,0.0,0.0,0.0,0.0,6.432490598706546e-16,1.0,val,22.0,0,0.001472487075294112,0
SX,2018-01-01,0.0,0.0,0.0,0.0,0.0,0.0,0.0,0.0,0.0,0.12053668025532305,0.992708874098054,test,22.0,0,0.0018350101283209402,0
SX,2018-01-08,0.0,0.0,0.0,0.0,0.0,0.0,0.0,0.0,0.0,0.23931566428755774,0.970941817426052,test,22.0,0,0.0023926627010834706,0
SX,2018-01-15,0.0,0.0,0.0,0.0,0.0,0.0,0.0,0.0,0.0,0.3546048870425356,0.9350162426854148,test,22.0,0,0.0032512491443357117,0
SX,2018-01-22,0.0,0.0,0.0,0.0,0.0,0.0,0.0,0.0,0.0,0.4647231720437685,0.8854560256532099,test,22.0,0,0.004582706868592003,0
SX,2018-01-29,0.0,0.0,0.0,0.0,0.0,0.0,0.0,0.0,0.0,0.5680647467311558,0.8229838658936564,test,22.0,0,0.006664881096988635,0
SX,2018-02-05,0.0,0.0,0.0,0.0,0.0,0.0,0.0,0.0,0.0,0.6631226582407952,0.7485107481711011,test,22.0,0,0.009942118415087976,0
SX,2018-02-12,0.0,0.0,0.0,0.0,0.0,0.0,0.0,0.0,0.0,0.7485107481711011,0.6631226582407953,test,22.0,0,0.015111771061456286,0
SX,2018-02-19,0.0,0.0,0.0,0.0,0.0,0.0,0.0,0.0,0.0,0.8229838658936564,0.5680647467311559,test,22.0,0,0.023234451648620907,0
SX,2018-02-26,0.0,0.0,0.0,0.0,0.0,0.0,0.0,0.0,0.0,0.8854560256532099,0.4647231720437686,test,22.0,0,0.035845078420768846,0
SX,2018-03-05,0.0,0.0,0.0,0.0,0.0,0.0,0.0,0.0,0.0,0.9350162426854148,0.35460488704253557,test,22.0,0,0.05499895900443675,0
SX,2018-03-12,0.0,0.0,0.0,0.0,0.0,0.0,0.0,0.0,0.0,0.970941817426052,0.23931566428755804,test,22.0,0,0.08312512207577291,0
SX,2018-03-19,0.0,0.0,0.0,0.0,0.0,0.0,0.0,0.0,0.0,0.992708874098054,0.120536680255323,test,22.0,0,0.12252148218693314,0
SX,2018-03-26,0.0,0.0,0.0,0.0,0.0,0.0,0.0,0.0,0.0,1.0,-1.6081226496766366e-16,test,22.0,0,0.17442354442181385,0
SX,2018-04-02,0.0,0.0,0.0,0.0,0.0,0.0,0.0,0.0,0.0,0.992708874098054,-0.12053668025532288,test,22.0,0,0.23791376886335305,0
SX,2018-04-09,0.0,0.0,0.0,0.0,0.0,0.0,0.0,0.0,0.0,0.9709418174260521,-0.2393156642875575,test,22.0,0,0.3093568509944325,0
SX,2018-04-16,0.0,0.0,0.0,0.0,0.0,0.0,0.0,0.0,0.0,0.9350162426854148,-0.35460488704253545,test,22.0,0,0.38301063483920167,0
SX,2018-04-23,0.0,0.0,0.0,0.0,0.0,0.0,0.0,0.0,0.0,0.8854560256532099,-0.4647231720437685,test,22.0,0,0.4526686731365207,0
SX,2018-04-30,15.0,0.0,0.0,0.0,0.0,0.0,0.0,0.0,0.0,0.8229838658936565,-0.5680647467311557,test,22.0,0,0.513340350971132,0
SX,2018-05-07,15.0,15.0,0.0,0.0,0.0,0.0,0.0,0.0,0.0,0.7485107481711013,-0.663122658240795,test,22.0,0,0.8332344230876523,1
SX,2018-05-14,53.0,15.0,15.0,0.0,0.0,0.0,0.0,0.0,0.0,0.6631226582407952,-0.7485107481711012,test,22.0,1,0.8539872037675121,1
SX,2018-05-21,10.0,53.0,15.0,15.0,0.0,0.0,0.0,0.0,0.0,0.5680647467311558,-0.8229838658936564,test,22.0,0,0.9307589999085384,1
SX,2018-05-28,9.0,10.0,53.0,15.0,15.0,0.0,0.0,0.0,0.0,0.46472317204376906,-0.8854560256532096,test,22.0,0,0.7651980683784853,1
SX,2018-06-04,3.0,9.0,10.0,53.0,15.0,15.0,0.0,0.0,0.0,0.35460488704253584,-0.9350162426854147,test,22.0,0,0.7665056268433946,1
SX,2018-06-11,0.0,3.0,9.0,10.0,53.0,15.0,15.0,0.0,0.0,0.23931566428755768,-0.970941817426052,test,22.0,0,0.6907180255940129,1
SX,2018-06-18,30.0,0.0,3.0,9.0,10.0,53.0,15.0,15.0,0.0,0.12053668025532308,-0.992708874098054,test,22.0,1,0.6495556245187822,0
SX,2018-06-25,24.0,30.0,0.0,3.0,9.0,10.0,53.0,15.0,15.0,-3.216245299353273e-16,-1.0,test,22.0,1,0.8525385806174615,1
SX,2018-07-02,2.0,24.0,30.0,0.0,3.0,9.0,10.0,53.0,15.0,-0.12053668025532283,-0.992708874098054,test,22.0,0,0.80244836869534,1
SX,2018-07-09,1.0,2.0,24.0,30.0,0.0,3.0,9.0,10.0,53.0,-0.23931566428755743,-0.9709418174260521,test,22.0,0,0.5533632378612324,0
SX,2018-07-16,1.0,1.0,2.0,24.0,30.0,0.0,3.0,9.0,10.0,-0.3546048870425356,-0.9350162426854148,test,22.0,0,0.26559890364408567,0
SX,2018-07-23,0.0,1.0,1.0,2.0,24.0,30.0,0.0,3.0,9.0,-0.46472317204376806,-0.8854560256532101,test,22.0,0,0.15242989616904554,0
SX,2018-07-30,0.0,0.0,1.0,1.0,2.0,24.0,30.0,0.0,3.0,-0.5680647467311556,-0.8229838658936566,test,22.0,0,0.2273244772734525,0
SX,2018-08-06,0.0,0.0,0.0,1.0,1.0,2.0,24.0,30.0,0.0,-0.663122658240795,-0.7485107481711013,test,22.0,0,0.2654560076627455,0
SX,2018-08-13,2.0,0.0,0.0,0.0,1.0,1.0,2.0,24.0,30.0,-0.7485107481711011,-0.6631226582407952,test,22.0,0,0.07003676115908901,0
SX,2018-08-20,0.0,2.0,0.0,0.0,0.0,1.0,1.0,2.0,24.0,-0.8229838658936564,-0.5680647467311559,test,22.0,0,0.07451940131655346,0
SX,2018-08-27,0.0,0.0,2.0,0.0,0.0,0.0,1.0,1.0,2.0,-0.8854560256532096,-0.4647231720437691,test,22.0,0,0.04288951025061262,0
SX,2018-09-03,0.0,0.0,0.0,2.0,0.0,0.0,0.0,1.0,1.0,-0.9350162426854147,-0.3546048870425359,test,22.0,0,0.027986936394177656,0
W,2015-04-06,183.00002,4.0000002,2.9999998,0.9999996999999999,6.0000003,19.000002,15.999998,0.0,0.0,0.9709418174260521,-0.2393156642875575,train,156.0,1,0.521324686658887,0
W,2015-04-13,69.0,183.00002,4.0000002,2.9999998,0.9999996999999999,6.0000003,19.000002,15.999998,0.0,0.9350162426854148,-0.35460488704253545,train,156.0,0,0.9415895591682181,1
W,2015-04-20,22.0,69.0,183.00002,4.0000002,2.9999998,0.9999996999999999,6.0000003,19.000002,15.999998,0.8854560256532099,-0.4647231720437685,train,156.0,0,0.8438361709729592,1
W,2015-04-27,3.0,22.0,69.0,183.00002,4.0000002,2.9999998,0.9999996999999999,6.0000003,19.000002,0.8229838658936565,-0.5680647467311557,train,156.0,0,0.7619115823904442,1
W,2015-05-04,20.0,3.0,22.0,69.0,183.00002,4.0000002,2.9999998,0.9999996999999999,6.0000003,0.7485107481711013,-0.663122658240795,train,156.0,0,0.4503560011492243,0
W,2015-05-11,117.0,20.0,3.0,22.0,69.0,183.00002,4.0000002,2.9999998,0.9999996999999999,0.6631226582407952,-0.7485107481711012,train,156.0,0,0.7860401256191619,1
W,2015-05-18,159.0,117.0,20.0,3.0,22.0,69.0,183.00002,4.0000002,2.9999998,0.5680647467311558,-0.8229838658936564,train,156.0,1,0.9513275269536376,1
W,2015-05-25,89.0,159.0,117.0,20.0,3.0,22.0,69.0,183.00002,4.0000002,0.46472317204376906,-0.8854560256532096,train,156.0,0,0.977008551754904,1
W,2015-06-01,79.0,89.0,159.0,117.0,20.0,3.0,22.0,69.0,183.00002,0.35460488704253584,-0.9350162426854147,train,156.0,0,0.8919364582865082,1
W,2015-06-08,36.0,79.0,89.0,159.0,117.0,20.0,3.0,22.0,69.0,0.23931566428755768,-0.970941817426052,train,156.0,0,0.7962405337790139,1
W,2015-06-15,71.0,36.0,79.0,89.0,159.0,117.0,20.0,3.0,22.0,0.12053668025532308,-0.992708874098054,train,156.0,0,0.7608573396614121,1
W,2015-06-22,174.0,71.0,36.0,79.0,89.0,159.0,117.0,20.0,3.0,-3.216245299353273e-16,-1.0,train,156.0,1,0.9050992067461937,1
W,2015-06-29,311.0,174.0,71.0,36.0,79.0,89.0,159.0,117.0,20.0,-0.12053668025532283,-0.992708874098054,train,156.0,1,0.9105150800144165,1
W,2015-07-06,345.0,311.0,174.0,71.0,36.0,79.0,89.0,159.0,117.0,-0.23931566428755743,-0.9709418174260521,train,156.0,1,0.8940019935368556,1
W,2015-07-13,212.0,345.0,311.0,174.0,71.0,36.0,79.0,89.0,159.0,-0.3546048870425356,-0.9350162426854148,train,156.0,1,0.8355805310926491,1
W,2015-07-20,43.0,212.0,345.0,311.0,174.0,71.0,36.0,79.0,89.0,-0.46472317204376806,-0.8854560256532101,train,156.0,0,0.6947120073683941,1
W,2015-07-27,28.0,43.0,212.0,345.0,311.0,174.0,71.0,36.0,79.0,-0.5680647467311556,-0.8229838658936566,train,156.0,0,0.4065107080973631,0
W,2015-08-03,33.0,28.0,43.0,212.0,345.0,311.0,174.0,71.0,36.0,-0.663122658240795,-0.7485107481711013,train,156.0,0,0.3395655681837657,0
W,2015-08-10,9.0,33.0,28.0,43.0,212.0,345.0,311.0,174.0,71.0,-0.7485107481711011,-0.6631226582407952,train,156.0,0,0.28297377383609773,0
W,2015-08-17,2.0,9.0,33.0,28.0,43.0,212.0,345.0,311.0,174.0,-0.8229838658936564,-0.5680647467311559,train,156.0,0,0.15225938053189675,0
W,2015-08-24,1.0,2.0,9.0,33.0,28.0,43.0,212.0,345.0,311.0,-0.8854560256532096,-0.4647231720437691,train,156.0,0,0.05448916957819999,0
W,2015-08-31,0.0,1.0,2.0,9.0,33.0,28.0,43.0,212.0,345.0,-0.9350162426854147,-0.3546048870425359,train,156.0,0,0.01867898833306427,0
W,2015-09-07,0.0,0.0,1.0,2.0,9.0,33.0,28.0,43.0,212.0,-0.970941817426052,-0.23931566428755774,train,156.0,0,0.00982510491091637,0
W,2015-09-14,0.0,0.0,0.0,1.0,2.0,9.0,33.0,28.0,43.0,-0.992708874098054,-0.12053668025532357,train,156.0,0,0.011411687557062226,0
W,2015-09-21,0.0,0.0,0.0,0.0,1.0,2.0,9.0,33.0,28.0,-1.0,-1.8369701987210297e-16,train,156.0,0,0.007064904362688756,0
W,2015-09-28,0.0,0.0,0.0,0.0,0.0,1.0,2.0,9.0,33.0,-0.992708874098054,0.1205366802553232,train,156.0,0,0.003982858998112746,0
W,2015-10-05,0.0,0.0,0.0,0.0,0.0,0.0,1.0,2.0,9.0,-0.9709418174260521,0.23931566428755738,train,156.0,0,0.0029877061802937735,0
W,2015-10-12,0.0,0.0,0.0,0.0,0.0,0.0,0.0,1.0,2.0,-0.9350162426854148,0.35460488704253557,train,156.0,0,0.002344567129386267,0
W,2015-10-19,0.0,0.0,0.0,0.0,0.0,0.0,0.0,0.0,1.0,-0.8854560256532101,0.464723172043768,train,156.0,0,0.0018070231810142236,0
W,2015-10-26,0.0,0.0,0.0,0.0,0.0,0.0,0.0,0.0,0.0,-0.822983865893657,0.5680647467311548,train,156.0,0,0.0016312704834727692,0
W,2015-11-02,0.0,0.0,0.0,0.0,0.0,0.0,0.0,0.0,0.0,-0.7485107481711011,0.6631226582407952,train,156.0,0,0.0013411886803814438,0
W,2015-11-09,0.0,0.0,0.0,0.0,0.0,0.0,0.0,0.0,0.0,-0.6631226582407955,0.7485107481711007,train,156.0,0,0.0011591410711975566,0
W,2015-11-16,0.0,0.0,0.0,0.0,0.0,0.0,0.0,0.0,0.0,-0.5680647467311559,0.8229838658936564,train,156.0,0,0.001055366196990406,0
W,2015-11-23,0.0,0.0,0.0,0.0,0.0,0.0,0.0,0.0,0.0,-0.4647231720437684,0.88545602565321,train,156.0,0,0.0010136598144584543,0
W,2015-11-30,0.0,0.0,0.0,0.0,0.0,0.0,0.0,0.0,0.0,-0.35460488704253595,0.9350162426854147,train,156.0,0,0.001027689250419541,0
W,2015-12-07,0.0,0.0,0.0,0.0,0.0,0.0,0.0,0.0,0.0,-0.2393156642875578,0.970941817426052,train,156.0,0,0.0010995725046274078,0
W,2015-12-14,0.0,0.0,0.0,0.0,0.0,0.0,0.0,0.0,0.0,-0.12053668025532363,0.992708874098054,train,156.0,0,0.0012403520679879912,0
W,2015-12-21,0.0,0.0,0.0,0.0,0.0,0.0,0.0,0.0,0.0,6.432490598706546e-16,1.0,train,156.0,0,0.001472487075294112,0
W,2015-12-28,0.0,0.0,0.0,0.0,0.0,0.0,0.0,0.0,0.0,0.12053668025532314,0.992708874098054,train,156.0,0,0.0018350101283209402,0
W,2016-01-04,0.0,0.0,0.0,0.0,0.0,0.0,0.0,0.0,0.0,0.12053668025532305,0.992708874098054,train,156.0,0,0.0018350101283209402,0
W,2016-01-11,0.0,0.0,0.0,0.0,0.0,0.0,0.0,0.0,0.0,0.23931566428755774,0.970941817426052,train,156.0,0,0.0023926627010834706,0
W,2016-01-18,0.0,0.0,0.0,0.0,0.0,0.0,0.0,0.0,0.0,0.3546048870425356,0.9350162426854148,train,156.0,0,0.0032512491443357117,0
W,2016-01-25,0.0,0.0,0.0,0.0,0.0,0.0,0.0,0.0,0.0,0.4647231720437685,0.8854560256532099,train,156.0,0,0.004582706868592003,0
W,2016-02-01,0.0,0.0,0.0,0.0,0.0,0.0,0.0,0.0,0.0,0.5680647467311558,0.8229838658936564,train,156.0,0,0.006664881096988635,0
W,2016-02-08,0.0,0.0,0.0,0.0,0.0,0.0,0.0,0.0,0.0,0.6631226582407952,0.7485107481711011,train,156.0,0,0.009942118415087976,0
W,2016-02-15,0.0,0.0,0.0,0.0,0.0,0.0,0.0,0.0,0.0,0.7485107481711011,0.6631226582407953,train,156.0,0,0.015111771061456286,0
W,2016-02-22,0.0,0.0,0.0,0.0,0.0,0.0,0.0,0.0,0.0,0.8229838658936564,0.5680647467311559,train,156.0,0,0.023234451648620907,0
W,2016-02-29,0.0,0.0,0.0,0.0,0.0,0.0,0.0,0.0,0.0,0.8854560256532099,0.4647231720437686,train,156.0,0,0.035845078420768846,0
W,2016-03-07,0.0,0.0,0.0,0.0,0.0,0.0,0.0,0.0,0.0,0.9350162426854148,0.35460488704253557,train,156.0,0,0.05499895900443675,0
W,2016-03-14,7.0,0.0,0.0,0.0,0.0,0.0,0.0,0.0,0.0,0.970941817426052,0.23931566428755804,train,156.0,0,0.08312512207577291,0
W,2016-03-21,43.0,7.0,0.0,0.0,0.0,0.0,0.0,0.0,0.0,0.992708874098054,0.120536680255323,train,156.0,0,0.27902114795862176,0
W,2016-03-28,17.0,43.0,7.0,0.0,0.0,0.0,0.0,0.0,0.0,1.0,-1.6081226496766366e-16,train,156.0,0,0.5766843303605067,0
W,2016-04-04,7.0,17.0,43.0,7.0,0.0,0.0,0.0,0.0,0.0,0.992708874098054,-0.12053668025532288,train,156.0,0,0.5926484158271775,0
W,2016-04-11,46.0,7.0,17.0,43.0,7.0,0.0,0.0,0.0,0.0,0.9709418174260521,-0.2393156642875575,train,156.0,0,0.4775678576692811,0
W,2016-04-18,29.0,46.0,7.0,17.0,43.0,7.0,0.0,0.0,0.0,0.9350162426854148,-0.35460488704253545,train,156.0,0,0.6558868875324795,0
W,2016-04-25,9.0,29.0,46.0,7.0,17.0,43.0,7.0,0.0,0.0,0.8854560256532099,-0.4647231720437685,train,156.0,0,0.7840926262609186,1
W,2016-05-02,194.0,9.0,29.0,46.0,7.0,17.0,43.0,7.0,0.0,0.8229838658936565,-0.5680647467311557,train,156.0,1,0.8536401463465316,1
W,2016-05-09,164.0,194.0,9.0,29.0,46.0,7.0,17.0,43.0,7.0,0.7485107481711013,-0.663122658240795,train,156.0,1,0.9241428156480563,1
W,2016-05-16,94.0,164.0,194.0,9.0,29.0,46.0,7.0,17.0,43.0,0.6631226582407952,-0.7485107481711012,train,156.0,0,0.8878937489522125,1
W,2016-05-23,59.0,94.0,164.0,194.0,9.0,29.0,46.0,7.0,17.0,0.5680647467311558,-0.8229838658936564,train,156.0,0,0.9402270287129176,1
W,2016-05-30,162.0,59.0,94.0,164.0,194.0,9.0,29.0,46.0,7.0,0.46472317204376906,-0.8854560256532096,train,156.0,1,0.8859195410832359,1
W,2016-06-06,98.0,162.0,59.0,94.0,164.0,194.0,9.0,29.0,46.0,0.35460488704253584,-0.9350162426854147,train,156.0,0,0.87549183073426,1
W,2016-06-13,30.0,98.0,162.0,59.0,94.0,164.0,194.0,9.0,29.0,0.23931566428755768,-0.970941817426052,train,156.0,0,0.9093146583263756,1
W,2016-06-20,133.0,30.0,98.0,162.0,59.0,94.0,164.0,194.0,9.0,0.12053668025532308,-0.992708874098054,train,156.0,0,0.9010716247092784,1
W,2016-06-27,156.0,133.0,30.0,98.0,162.0,59.0,94.0,164.0,194.0,-3.216245299353273e-16,-1.0,train,156.0,0,0.8529322904594928,1
W,2016-07-04,124.0,156.0,133.0,30.0,98.0,162.0,59.0,94.0,164.0,-0.12053668025532283,-0.992708874098054,train,156.0,0,0.8309858020121145,1
W,2016-07-11,62.0,124.0,156.0,133.0,30.0,98.0,162.0,59.0,94.0,-0.23931566428755743,-0.9709418174260521,train,156.0,0,0.862210818493725,1
W,2016-07-18,24.0,62.0,124.0,156.0,133.0,30.0,98.0,162.0,59.0,-0.3546048870425356,-0.9350162426854148,train,156.0,0,0.7139479684466689,1
W,2016-07-25,21.0,24.0,62.0,124.0,156.0,133.0,30.0,98.0,162.0,-0.46472317204376806,-0.8854560256532101,train,156.0,0,0.40407149285526955,0
W,2016-08-01,0.0,21.0,24.0,62.0,124.0,156.0,133.0,30.0,98.0,-0.5680647467311556,-0.8229838658936566,train,156.0,0,0.369960127786643,0
W,2016-08-08,0.0,0.0,21.0,24.0,62.0,124.0,156.0,133.0,30.0,-0.663122658240795,-0.7485107481711013,train,156.0,0,0.12488473062274305,0
W,2016-08-15,0.0,0.0,0.0,21.0,24.0,62.0,124.0,156.0,133.0,-0.7485107481711011,-0.6631226582407952,train,156.0,0,0.07640218694372637,0
W,2016-08-22,0.0,0.0,0.0,0.0,21.0,24.0,62.0,124.0,156.0,-0.8229838658936564,-0.5680647467311559,train,156.0,0,0.037724189548544736,0
W,2016-08-29,0.0,0.0,0.0,0.0,0.0,21.0,24.0,62.0,124.0,-0.8854560256532096,-0.4647231720437691,train,156.0,0,0.04286734877193215,0
W,2016-09-05,0.0,0.0,0.0,0.0,0.0,0.0,21.0,24.0,62.0,-0.9350162426854147,-0.3546048870425359,train,156.0,0,0.028549084071413534,0
W,2016-09-12,0.0,0.0,0.0,0.0,0.0,0.0,0.0,21.0,24.0,-0.970941817426052,-0.23931566428755774,train,156.0,0,0.012555877752955183,0
W,2016-09-19,0.0,0.0,0.0,0.0,0.0,0.0,0.0,0.0,21.0,-0.992708874098054,-0.12053668025532357,train,156.0,0,0.006545708043191953,0
W,2016-09-26,0.0,0.0,0.0,0.0,0.0,0.0,0.0,0.0,0.0,-1.0,-1.8369701987210297e-16,train,156.0,0,0.008091681810665432,0
W,2016-10-03,0.0,0.0,0.0,0.0,0.0,0.0,0.0,0.0,0.0,-0.992708874098054,0.1205366802553232,train,156.0,0,0.005490457898428141,0
W,2016-10-10,0.0,0.0,0.0,0.0,0.0,0.0,0.0,0.0,0.0,-0.9709418174260521,0.23931566428755738,train,156.0,0,0.0038330208738699143,0
W,2016-10-17,0.0,0.0,0.0,0.0,0.0,0.0,0.0,0.0,0.0,-0.9350162426854148,0.35460488704253557,train,156.0,0,0.002768712198599736,0
W,2016-10-24,0.0,0.0,0.0,0.0,0.0,0.0,0.0,0.0,0.0,-0.8854560256532101,0.464723172043768,train,156.0,0,0.0020796049249813438,0
W,2016-10-31,0.0,0.0,0.0,0.0,0.0,0.0,0.0,0.0,0.0,-0.822983865893657,0.5680647467311548,train,156.0,0,0.0016312704834727692,0
W,2016-11-07,0.0,0.0,0.0,0.0,0.0,0.0,0.0,0.0,0.0,-0.7485107481711011,0.6631226582407952,train,156.0,0,0.0013411886803814438,0
W,2016-11-14,0.0,0.0,0.0,0.0,0.0,0.0,0.0,0.0,0.0,-0.6631226582407955,0.7485107481711007,train,156.0,0,0.0011591410711975566,0
W,2016-11-21,0.0,0.0,0.0,0.0,0.0,0.0,0.0,0.0,0.0,-0.5680647467311559,0.8229838658936564,train,156.0,0,0.001055366196990406,0
W,2016-11-28,0.0,0.0,0.0,0.0,0.0,0.0,0.0,0.0,0.0,-0.4647231720437684,0.88545602565321,train,156.0,0,0.0010136598144584543,0
W,2016-12-05,0.0,0.0,0.0,0.0,0.0,0.0,0.0,0.0,0.0,-0.35460488704253595,0.9350162426854147,train,156.0,0,0.001027689250419541,0
W,2016-12-12,0.0,0.0,0.0,0.0,0.0,0.0,0.0,0.0,0.0,-0.2393156642875578,0.970941817426052,train,156.0,0,0.0010995725046274078,0
W,2016-12-19,0.0,0.0,0.0,0.0,0.0,0.0,0.0,0.0,0.0,-0.12053668025532363,0.992708874098054,train,156.0,0,0.0012403520679879912,0
W,2016-12-26,0.0,0.0,0.0,0.0,0.0,0.0,0.0,0.0,0.0,6.432490598706546e-16,1.0,train,156.0,0,0.001472487075294112,0
W,2017-01-02,0.0,0.0,0.0,0.0,0.0,0.0,0.0,0.0,0.0,0.12053668025532305,0.992708874098054,val,156.0,0,0.0018350101283209402,0
W,2017-01-09,0.0,0.0,0.0,0.0,0.0,0.0,0.0,0.0,0.0,0.23931566428755774,0.970941817426052,val,156.0,0,0.0023926627010834706,0
W,2017-01-16,0.0,0.0,0.0,0.0,0.0,0.0,0.0,0.0,0.0,0.3546048870425356,0.9350162426854148,val,156.0,0,0.0032512491443357117,0
W,2017-01-23,0.0,0.0,0.0,0.0,0.0,0.0,0.0,0.0,0.0,0.4647231720437685,0.8854560256532099,val,156.0,0,0.004582706868592003,0
W,2017-01-30,0.0,0.0,0.0,0.0,0.0,0.0,0.0,0.0,0.0,0.5680647467311558,0.8229838658936564,val,156.0,0,0.006664881096988635,0
W,2017-02-06,0.0,0.0,0.0,0.0,0.0,0.0,0.0,0.0,0.0,0.6631226582407952,0.7485107481711011,val,156.0,0,0.009942118415087976,0
W,2017-02-13,0.0,0.0,0.0,0.0,0.0,0.0,0.0,0.0,0.0,0.7485107481711011,0.6631226582407953,val,156.0,0,0.015111771061456286,0
W,2017-02-20,0.0,0.0,0.0,0.0,0.0,0.0,0.0,0.0,0.0,0.8229838658936564,0.5680647467311559,val,156.0,0,0.023234451648620907,0
W,2017-02-27,0.0,0.0,0.0,0.0,0.0,0.0,0.0,0.0,0.0,0.8854560256532099,0.4647231720437686,val,156.0,0,0.035845078420768846,0
W,2017-03-06,20.0,0.0,0.0,0.0,0.0,0.0,0.0,0.0,0.0,0.9350162426854148,0.35460488704253557,val,156.0,0,0.05499895900443675,0
W,2017-03-13,18.9999999,20.0,0.0,0.0,0.0,0.0,0.0,0.0,0.0,0.970941817426052,0.23931566428755804,val,156.0,0,0.2873989591534313,0
W,2017-03-20,9.999999,18.9999999,20.0,0.0,0.0,0.0,0.0,0.0,0.0,0.992708874098054,0.120536680255323,val,156.0,0,0.3804701157730593,0
W,2017-03-27,28.000001,9.999999,18.9999999,20.0,0.0,0.0,0.0,0.0,0.0,1.0,-1.6081226496766366e-16,val,156.0,0,0.4474951251394197,0
W,2017-04-03,13.0,28.000001,9.999999,18.9999999,20.0,0.0,0.0,0.0,0.0,0.992708874098054,-0.12053668025532288,val,156.0,0,0.4751803873468157,0
W,2017-04-10,1.0,13.0,28.000001,9.999999,18.9999999,20.0,0.0,0.0,0.0,0.9709418174260521,-0.2393156642875575,val,156.0,0,0.47584088969575383,0
W,2017-04-17,8.0,1.0,13.0,28.000001,9.999999,18.9999999,20.0,0.0,0.0,0.9350162426854148,-0.35460488704253545,val,156.0,0,0.5081022677670449,0
W,2017-04-24,9.0,8.0,1.0,13.0,28.000001,9.999999,18.9999999,20.0,0.0,0.8854560256532099,-0.4647231720437685,val,156.0,0,0.7328098581979159,1
W,2017-05-01,22.0,9.0,8.0,1.0,13.0,28.000001,9.999999,18.9999999,20.0,0.8229838658936565,-0.5680647467311557,val,156.0,0,0.6594835706641534,0
W,2017-05-08,13.0,22.0,9.0,8.0,1.0,13.0,28.000001,9.999999,18.9999999,0.7485107481711013,-0.663122658240795,val,156.0,0,0.8764454932803296,1
W,2017-05-15,83.0,13.0,22.0,9.0,8.0,1.0,13.0,28.000001,9.999999,0.6631226582407952,-0.7485107481711012,val,156.0,0,0.8260163763272201,1
W,2017-05-22,75.0,83.0,13.0,22.0,9.0,8.0,1.0,13.0,28.000001,0.5680647467311558,-0.8229838658936564,val,156.0,0,0.8738071134698507,1
W,2017-05-29,43.0,75.0,83.0,13.0,22.0,9.0,8.0,1.0,13.0,0.46472317204376906,-0.8854560256532096,val,156.0,0,0.8777795794123341,1
W,2017-06-05,4.0,43.0,75.0,83.0,13.0,22.0,9.0,8.0,1.0,0.35460488704253584,-0.9350162426854147,val,156.0,0,0.920127343420537,1
W,2017-06-12,180.0,4.0,43.0,75.0,83.0,13.0,22.0,9.0,8.0,0.23931566428755768,-0.970941817426052,val,156.0,1,0.6719270245322444,1
W,2017-06-19,274.0,180.0,4.0,43.0,75.0,83.0,13.0,22.0,9.0,0.12053668025532308,-0.992708874098054,val,156.0,1,0.9093605796324536,1
W,2017-06-26,191.0,274.0,180.0,4.0,43.0,75.0,83.0,13.0,22.0,-3.216245299353273e-16,-1.0,val,156.0,1,0.9240410638786023,1
W,2017-07-03,58.0,191.0,274.0,180.0,4.0,43.0,75.0,83.0,13.0,-0.12053668025532283,-0.992708874098054,val,156.0,0,0.9547144153644648,1
W,2017-07-10,10.0,58.0,191.0,274.0,180.0,4.0,43.0,75.0,83.0,-0.23931566428755743,-0.9709418174260521,val,156.0,0,0.7022556121613628,1
W,2017-07-17,2.0,10.0,58.0,191.0,274.0,180.0,4.0,43.0,75.0,-0.3546048870425356,-0.9350162426854148,val,156.0,0,0.3079055254828459,0
W,2017-07-24,0.0,2.0,10.0,58.0,191.0,274.0,180.0,4.0,43.0,-0.46472317204376806,-0.8854560256532101,val,156.0,0,0.23674218759364965,0
W,2017-07-31,0.0,0.0,2.0,10.0,58.0,191.0,274.0,180.0,4.0,-0.5680647467311556,-0.8229838658936566,val,156.0,0,0.2540236373801408,0
W,2017-08-07,0.0,0.0,0.0,2.0,10.0,58.0,191.0,274.0,180.0,-0.663122658240795,-0.7485107481711013,val,156.0,0,0.12958557308498472,0
W,2017-08-14,0.0,0.0,0.0,0.0,2.0,10.0,58.0,191.0,274.0,-0.7485107481711011,-0.6631226582407952,val,156.0,0,0.0828064657401314,0
W,2017-08-21,0.0,0.0,0.0,0.0,0.0,2.0,10.0,58.0,191.0,-0.8229838658936564,-0.5680647467311559,val,156.0,0,0.05154836215068177,0
W,2017-08-28,0.0,0.0,0.0,0.0,0.0,0.0,2.0,10.0,58.0,-0.8854560256532096,-0.4647231720437691,val,156.0,0,0.029281885714652685,0
W,2017-09-04,0.0,0.0,0.0,0.0,0.0,0.0,0.0,2.0,10.0,-0.9350162426854147,-0.3546048870425359,val,156.0,0,0.019510544531341906,0
W,2017-09-11,0.0,0.0,0.0,0.0,0.0,0.0,0.0,0.0,2.0,-0.970941817426052,-0.23931566428755774,val,156.0,0,0.014980959999541136,0
W,2017-09-18,0.0,0.0,0.0,0.0,0.0,0.0,0.0,0.0,0.0,-0.992708874098054,-0.12053668025532357,val,156.0,0,0.012193023560114636,0
W,2017-09-25,0.0,0.0,0.0,0.0,0.0,0.0,0.0,0.0,0.0,-1.0,-1.8369701987210297e-16,val,156.0,0,0.008091681810665432,0
W,2017-10-02,0.0,0.0,0.0,0.0,0.0,0.0,0.0,0.0,0.0,-0.992708874098054,0.1205366802553232,val,156.0,0,0.005490457898428141,0
W,2017-10-09,0.0,0.0,0.0,0.0,0.0,0.0,0.0,0.0,0.0,-0.9709418174260521,0.23931566428755738,val,156.0,0,0.0038330208738699143,0
W,2017-10-16,0.0,0.0,0.0,0.0,0.0,0.0,0.0,0.0,0.0,-0.9350162426854148,0.35460488704253557,val,156.0,0,0.002768712198599736,0
W,2017-10-23,0.0,0.0,0.0,0.0,0.0,0.0,0.0,0.0,0.0,-0.8854560256532101,0.464723172043768,val,156.0,0,0.0020796049249813438,0
W,2017-10-30,0.0,0.0,0.0,0.0,0.0,0.0,0.0,0.0,0.0,-0.822983865893657,0.5680647467311548,val,156.0,0,0.0016312704834727692,0
W,2017-11-06,0.0,0.0,0.0,0.0,0.0,0.0,0.0,0.0,0.0,-0.7485107481711011,0.6631226582407952,val,156.0,0,0.0013411886803814438,0
W,2017-11-13,0.0,0.0,0.0,0.0,0.0,0.0,0.0,0.0,0.0,-0.6631226582407955,0.7485107481711007,val,156.0,0,0.0011591410711975566,0
W,2017-11-20,0.0,0.0,0.0,0.0,0.0,0.0,0.0,0.0,0.0,-0.5680647467311559,0.8229838658936564,val,156.0,0,0.001055366196990406,0
W,2017-11-27,0.0,0.0,0.0,0.0,0.0,0.0,0.0,0.0,0.0,-0.4647231720437684,0.88545602565321,val,156.0,0,0.0010136598144584543,0
W,2017-12-04,0.0,0.0,0.0,0.0,0.0,0.0,0.0,0.0,0.0,-0.35460488704253595,0.9350162426854147,val,156.0,0,0.001027689250419541,0
W,2017-12-11,0.0,0.0,0.0,0.0,0.0,0.0,0.0,0.0,0.0,-0.2393156642875578,0.970941817426052,val,156.0,0,0.0010995725046274078,0
W,2017-12-18,0.0,0.0,0.0,0.0,0.0,0.0,0.0,0.0,0.0,-0.12053668025532363,0.992708874098054,val,156.0,0,0.0012403520679879912,0
W,2017-12-25,0.0,0.0,0.0,0.0,0.0,0.0,0.0,0.0,0.0,6.432490598706546e-16,1.0,val,156.0,0,0.001472487075294112,0
W,2018-01-01,0.0,0.0,0.0,0.0,0.0,0.0,0.0,0.0,0.0,0.12053668025532305,0.992708874098054,test,156.0,0,0.0018350101283209402,0
W,2018-01-08,0.0,0.0,0.0,0.0,0.0,0.0,0.0,0.0,0.0,0.23931566428755774,0.970941817426052,test,156.0,0,0.0023926627010834706,0
W,2018-01-15,0.0,0.0,0.0,0.0,0.0,0.0,0.0,0.0,0.0,0.3546048870425356,0.9350162426854148,test,156.0,0,0.0032512491443357117,0
W,2018-01-22,0.0,0.0,0.0,0.0,0.0,0.0,0.0,0.0,0.0,0.4647231720437685,0.8854560256532099,test,156.0,0,0.004582706868592003,0
W,2018-01-29,0.0,0.0,0.0,0.0,0.0,0.0,0.0,0.0,0.0,0.5680647467311558,0.8229838658936564,test,156.0,0,0.006664881096988635,0
W,2018-02-05,0.0,0.0,0.0,0.0,0.0,0.0,0.0,0.0,0.0,0.6631226582407952,0.7485107481711011,test,156.0,0,0.009942118415087976,0
W,2018-02-12,0.0,0.0,0.0,0.0,0.0,0.0,0.0,0.0,0.0,0.7485107481711011,0.6631226582407953,test,156.0,0,0.015111771061456286,0
W,2018-02-19,0.0,0.0,0.0,0.0,0.0,0.0,0.0,0.0,0.0,0.8229838658936564,0.5680647467311559,test,156.0,0,0.023234451648620907,0
W,2018-02-26,0.0,0.0,0.0,0.0,0.0,0.0,0.0,0.0,0.0,0.8854560256532099,0.4647231720437686,test,156.0,0,0.035845078420768846,0
W,2018-03-05,0.0,0.0,0.0,0.0,0.0,0.0,0.0,0.0,0.0,0.9350162426854148,0.35460488704253557,test,156.0,0,0.05499895900443675,0
W,2018-03-12,0.0,0.0,0.0,0.0,0.0,0.0,0.0,0.0,0.0,0.970941817426052,0.23931566428755804,test,156.0,0,0.08312512207577291,0
W,2018-03-19,0.0,0.0,0.0,0.0,0.0,0.0,0.0,0.0,0.0,0.992708874098054,0.120536680255323,test,156.0,0,0.12252148218693314,0
W,2018-03-26,0.0,0.0,0.0,0.0,0.0,0.0,0.0,0.0,0.0,1.0,-1.6081226496766366e-16,test,156.0,0,0.17442354442181385,0
W,2018-04-02,0.0,0.0,0.0,0.0,0.0,0.0,0.0,0.0,0.0,0.992708874098054,-0.12053668025532288,test,156.0,0,0.23791376886335305,0
W,2018-04-09,0.0,0.0,0.0,0.0,0.0,0.0,0.0,0.0,0.0,0.9709418174260521,-0.2393156642875575,test,156.0,0,0.3093568509944325,0
W,2018-04-16,0.0,0.0,0.0,0.0,0.0,0.0,0.0,0.0,0.0,0.9350162426854148,-0.35460488704253545,test,156.0,0,0.38301063483920167,0
W,2018-04-23,0.0,0.0,0.0,0.0,0.0,0.0,0.0,0.0,0.0,0.8854560256532099,-0.4647231720437685,test,156.0,0,0.4526686731365207,0
W,2018-04-30,13.0,0.0,0.0,0.0,0.0,0.0,0.0,0.0,0.0,0.8229838658936565,-0.5680647467311557,test,156.0,0,0.513340350971132,0
W,2018-05-07,103.0,13.0,0.0,0.0,0.0,0.0,0.0,0.0,0.0,0.7485107481711013,-0.663122658240795,test,156.0,0,0.8239384692247858,1
W,2018-05-14,24.0,103.0,13.0,0.0,0.0,0.0,0.0,0.0,0.0,0.6631226582407952,-0.7485107481711012,test,156.0,0,0.9360351935319475,1
W,2018-05-21,35.0,24.0,103.0,13.0,0.0,0.0,0.0,0.0,0.0,0.5680647467311558,-0.8229838658936564,test,156.0,0,0.9021854631607569,1
W,2018-05-28,63.0,35.0,24.0,103.0,13.0,0.0,0.0,0.0,0.0,0.46472317204376906,-0.8854560256532096,test,156.0,0,0.8685460711488777,1
W,2018-06-04,5.0,63.0,35.0,24.0,103.0,13.0,0.0,0.0,0.0,0.35460488704253584,-0.9350162426854147,test,156.0,0,0.8324291152363211,1
W,2018-06-11,151.0,5.0,63.0,35.0,24.0,103.0,13.0,0.0,0.0,0.23931566428755768,-0.970941817426052,test,156.0,0,0.7761882551512211,1
W,2018-06-18,206.0,151.0,5.0,63.0,35.0,24.0,103.0,13.0,0.0,0.12053668025532308,-0.992708874098054,test,156.0,1,0.9614693500076738,1
W,2018-06-25,222.0,206.0,151.0,5.0,63.0,35.0,24.0,103.0,13.0,-3.216245299353273e-16,-1.0,test,156.0,1,0.9098881780353884,1
W,2018-07-02,91.0,222.0,206.0,151.0,5.0,63.0,35.0,24.0,103.0,-0.12053668025532283,-0.992708874098054,test,156.0,0,0.9186639505137559,1
W,2018-07-09,14.0,91.0,222.0,206.0,151.0,5.0,63.0,35.0,24.0,-0.23931566428755743,-0.9709418174260521,test,156.0,0,0.7958143432582137,1
W,2018-07-16,1.0,14.0,91.0,222.0,206.0,151.0,5.0,63.0,35.0,-0.3546048870425356,-0.9350162426854148,test,156.0,0,0.41017059288781893,0
W,2018-07-23,0.0,1.0,14.0,91.0,222.0,206.0,151.0,5.0,63.0,-0.46472317204376806,-0.8854560256532101,test,156.0,0,0.18587909238395778,0
W,2018-07-30,0.0,0.0,1.0,14.0,91.0,222.0,206.0,151.0,5.0,-0.5680647467311556,-0.8229838658936566,test,156.0,0,0.21831225287441527,0
W,2018-08-06,0.0,0.0,0.0,1.0,14.0,91.0,222.0,206.0,151.0,-0.663122658240795,-0.7485107481711013,test,156.0,0,0.12349389205822268,0
W,2018-08-13,0.0,0.0,0.0,0.0,1.0,14.0,91.0,222.0,206.0,-0.7485107481711011,-0.6631226582407952,test,156.0,0,0.10417977049043868,0
W,2018-08-20,0.0,0.0,0.0,0.0,0.0,1.0,14.0,91.0,222.0,-0.8229838658936564,-0.5680647467311559,test,156.0,0,0.05463264492199124,0
W,2018-08-27,1.0,0.0,0.0,0.0,0.0,0.0,1.0,14.0,91.0,-0.8854560256532096,-0.4647231720437691,test,156.0,0,0.02555445838496843,0
W,2018-09-03,0.0,1.0,0.0,0.0,0.0,0.0,0.0,1.0,14.0,-0.9350162426854147,-0.3546048870425359,test,156.0,0,0.02476449270031503,0
We,2015-04-06,6.0,0.0,0.0,0.0,0.9999996999999999,0.0,0.0,0.0,0.0,0.9709418174260521,-0.2393156642875575,train,52.0,0,0.2741398420192671,0
We,2015-04-13,1.0,6.0,0.0,0.0,0.0,0.9999996999999999,0.0,0.0,0.0,0.9350162426854148,-0.35460488704253545,train,52.0,0,0.6177966827628238,0
We,2015-04-20,4.0,1.0,6.0,0.0,0.0,0.0,0.9999996999999999,0.0,0.0,0.8854560256532099,-0.4647231720437685,train,52.0,0,0.5710593738204333,0
We,2015-04-27,0.0,4.0,1.0,6.0,0.0,0.0,0.0,0.9999996999999999,0.0,0.8229838658936565,-0.5680647467311557,train,52.0,0,0.7313132258650449,1
We,2015-05-04,1.0,0.0,4.0,1.0,6.0,0.0,0.0,0.0,0.9999996999999999,0.7485107481711013,-0.663122658240795,train,52.0,0,0.4187064505356269,0
We,2015-05-11,27.0,1.0,0.0,4.0,1.0,6.0,0.0,0.0,0.0,0.6631226582407952,-0.7485107481711012,train,52.0,0,0.6582751330333706,0
We,2015-05-18,16.0,27.0,1.0,0.0,4.0,1.0,6.0,0.0,0.0,0.5680647467311558,-0.8229838658936564,train,52.0,0,0.8901999319901558,1
We,2015-05-25,2.0,16.0,27.0,1.0,0.0,4.0,1.0,6.0,0.0,0.46472317204376906,-0.8854560256532096,train,52.0,0,0.9056452245770834,1
We,2015-06-01,74.0,2.0,16.0,27.0,1.0,0.0,4.0,1.0,6.0,0.35460488704253584,-0.9350162426854147,train,52.0,1,0.7359978880901253,1
We,2015-06-08,16.0,74.0,2.0,16.0,27.0,1.0,0.0,4.0,1.0,0.23931566428755768,-0.970941817426052,train,52.0,0,0.8684938061807153,1
We,2015-06-15,54.0,16.0,74.0,2.0,16.0,27.0,1.0,0.0,4.0,0.12053668025532308,-0.992708874098054,train,52.0,1,0.7128663284418473,1
We,2015-06-22,50.0,54.0,16.0,74.0,2.0,16.0,27.0,1.0,0.0,-3.216245299353273e-16,-1.0,train,52.0,0,0.9409249568877844,1
We,2015-06-29,201.0,50.0,54.0,16.0,74.0,2.0,16.0,27.0,1.0,-0.12053668025532283,-0.992708874098054,train,52.0,1,0.8349836573906912,1
We,2015-07-06,97.0,201.0,50.0,54.0,16.0,74.0,2.0,16.0,27.0,-0.23931566428755743,-0.9709418174260521,train,52.0,1,0.8280534894348639,1
We,2015-07-13,70.0,97.0,201.0,50.0,54.0,16.0,74.0,2.0,16.0,-0.3546048870425356,-0.9350162426854148,train,52.0,1,0.7634773671730442,1
We,2015-07-20,16.0,70.0,97.0,201.0,50.0,54.0,16.0,74.0,2.0,-0.46472317204376806,-0.8854560256532101,train,52.0,0,0.7502755868464026,1
We,2015-07-27,33.0,16.0,70.0,97.0,201.0,50.0,54.0,16.0,74.0,-0.5680647467311556,-0.8229838658936566,train,52.0,0,0.286566231244428,0
We,2015-08-03,11.0,33.0,16.0,70.0,97.0,201.0,50.0,54.0,16.0,-0.663122658240795,-0.7485107481711013,train,52.0,0,0.39390822781412316,0
We,2015-08-10,5.0,11.0,33.0,16.0,70.0,97.0,201.0,50.0,54.0,-0.7485107481711011,-0.6631226582407952,train,52.0,0,0.20594667215926366,0
We,2015-08-17,1.0,5.0,11.0,33.0,16.0,70.0,97.0,201.0,50.0,-0.8229838658936564,-0.5680647467311559,train,52.0,0,0.147713456489856,0
We,2015-08-24,0.0,1.0,5.0,11.0,33.0,16.0,70.0,97.0,201.0,-0.8854560256532096,-0.4647231720437691,train,52.0,0,0.03328424764368834,0
We,2015-08-31,0.0,0.0,1.0,5.0,11.0,33.0,16.0,70.0,97.0,-0.9350162426854147,-0.3546048870425359,train,52.0,0,0.016605522769814467,0
We,2015-09-07,0.0,0.0,0.0,1.0,5.0,11.0,33.0,16.0,70.0,-0.970941817426052,-0.23931566428755774,train,52.0,0,0.012865971137797394,0
We,2015-09-14,0.0,0.0,0.0,0.0,1.0,5.0,11.0,33.0,16.0,-0.992708874098054,-0.12053668025532357,train,52.0,0,0.012295558028282137,0
We,2015-09-21,0.0,0.0,0.0,0.0,0.0,1.0,5.0,11.0,33.0,-1.0,-1.8369701987210297e-16,train,52.0,0,0.006771380162708134,0
We,2015-09-28,0.0,0.0,0.0,0.0,0.0,0.0,1.0,5.0,11.0,-0.992708874098054,0.1205366802553232,train,52.0,0,0.004364610362487302,0
We,2015-10-05,0.0,0.0,0.0,0.0,0.0,0.0,0.0,1.0,5.0,-0.9709418174260521,0.23931566428755738,train,52.0,0,0.0028212820184026427,0
We,2015-10-12,0.0,0.0,0.0,0.0,0.0,0.0,0.0,0.0,1.0,-0.9350162426854148,0.35460488704253557,train,52.0,0,0.0024060243121600596,0
We,2015-10-19,0.0,0.0,0.0,0.0,0.0,0.0,0.0,0.0,0.0,-0.8854560256532101,0.464723172043768,train,52.0,0,0.0020796049249813438,0
We,2015-10-26,0.0,0.0,0.0,0.0,0.0,0.0,0.0,0.0,0.0,-0.822983865893657,0.5680647467311548,train,52.0,0,0.0016312704834727692,0
We,2015-11-02,0.0,0.0,0.0,0.0,0.0,0.0,0.0,0.0,0.0,-0.7485107481711011,0.6631226582407952,train,52.0,0,0.0013411886803814438,0
We,2015-11-09,0.0,0.0,0.0,0.0,0.0,0.0,0.0,0.0,0.0,-0.6631226582407955,0.7485107481711007,train,52.0,0,0.0011591410711975566,0
We,2015-11-16,0.0,0.0,0.0,0.0,0.0,0.0,0.0,0.0,0.0,-0.5680647467311559,0.8229838658936564,train,52.0,0,0.001055366196990406,0
We,2015-11-23,0.0,0.0,0.0,0.0,0.0,0.0,0.0,0.0,0.0,-0.4647231720437684,0.88545602565321,train,52.0,0,0.0010136598144584543,0
We,2015-11-30,0.0,0.0,0.0,0.0,0.0,0.0,0.0,0.0,0.0,-0.35460488704253595,0.9350162426854147,train,52.0,0,0.001027689250419541,0
We,2015-12-07,0.0,0.0,0.0,0.0,0.0,0.0,0.0,0.0,0.0,-0.2393156642875578,0.970941817426052,train,52.0,0,0.0010995725046274078,0
We,2015-12-14,0.0,0.0,0.0,0.0,0.0,0.0,0.0,0.0,0.0,-0.12053668025532363,0.992708874098054,train,52.0,0,0.0012403520679879912,0
We,2015-12-21,0.0,0.0,0.0,0.0,0.0,0.0,0.0,0.0,0.0,6.432490598706546e-16,1.0,train,52.0,0,0.001472487075294112,0
We,2015-12-28,0.0,0.0,0.0,0.0,0.0,0.0,0.0,0.0,0.0,0.12053668025532314,0.992708874098054,train,52.0,0,0.0018350101283209402,0
We,2016-01-04,0.0,0.0,0.0,0.0,0.0,0.0,0.0,0.0,0.0,0.12053668025532305,0.992708874098054,train,52.0,0,0.0018350101283209402,0
We,2016-01-11,0.0,0.0,0.0,0.0,0.0,0.0,0.0,0.0,0.0,0.23931566428755774,0.970941817426052,train,52.0,0,0.0023926627010834706,0
We,2016-01-18,0.0,0.0,0.0,0.0,0.0,0.0,0.0,0.0,0.0,0.3546048870425356,0.9350162426854148,train,52.0,0,0.0032512491443357117,0
We,2016-01-25,0.0,0.0,0.0,0.0,0.0,0.0,0.0,0.0,0.0,0.4647231720437685,0.8854560256532099,train,52.0,0,0.004582706868592003,0
We,2016-02-01,0.0,0.0,0.0,0.0,0.0,0.0,0.0,0.0,0.0,0.5680647467311558,0.8229838658936564,train,52.0,0,0.006664881096988635,0
We,2016-02-08,0.0,0.0,0.0,0.0,0.0,0.0,0.0,0.0,0.0,0.6631226582407952,0.7485107481711011,train,52.0,0,0.009942118415087976,0
We,2016-02-15,0.0,0.0,0.0,0.0,0.0,0.0,0.0,0.0,0.0,0.7485107481711011,0.6631226582407953,train,52.0,0,0.015111771061456286,0
We,2016-02-22,0.0,0.0,0.0,0.0,0.0,0.0,0.0,0.0,0.0,0.8229838658936564,0.5680647467311559,train,52.0,0,0.023234451648620907,0
We,2016-02-29,0.0,0.0,0.0,0.0,0.0,0.0,0.0,0.0,0.0,0.8854560256532099,0.4647231720437686,train,52.0,0,0.035845078420768846,0
We,2016-03-07,0.0,0.0,0.0,0.0,0.0,0.0,0.0,0.0,0.0,0.9350162426854148,0.35460488704253557,train,52.0,0,0.05499895900443675,0
We,2016-03-14,0.0,0.0,0.0,0.0,0.0,0.0,0.0,0.0,0.0,0.970941817426052,0.23931566428755804,train,52.0,0,0.08312512207577291,0
We,2016-03-21,2.0,0.0,0.0,0.0,0.0,0.0,0.0,0.0,0.0,0.992708874098054,0.120536680255323,train,52.0,0,0.12252148218693314,0
We,2016-03-28,4.0,2.0,0.0,0.0,0.0,0.0,0.0,0.0,0.0,1.0,-1.6081226496766366e-16,train,52.0,0,0.26580690581998123,0
We,2016-04-04,1.0,4.0,2.0,0.0,0.0,0.0,0.0,0.0,0.0,0.992708874098054,-0.12053668025532288,train,52.0,0,0.40839735106698094,0
We,2016-04-11,20.0,1.0,4.0,2.0,0.0,0.0,0.0,0.0,0.0,0.9709418174260521,-0.2393156642875575,train,52.0,0,0.40120984248170066,0
We,2016-04-18,10.0,20.0,1.0,4.0,2.0,0.0,0.0,0.0,0.0,0.9350162426854148,-0.35460488704253545,train,52.0,0,0.6964954189543674,1
We,2016-04-25,0.0,10.0,20.0,1.0,4.0,2.0,0.0,0.0,0.0,0.8854560256532099,-0.4647231720437685,train,52.0,0,0.6552951325390898,0
We,2016-05-02,41.0,0.0,10.0,20.0,1.0,4.0,2.0,0.0,0.0,0.8229838658936565,-0.5680647467311557,train,52.0,0,0.5643381359422041,0
We,2016-05-09,50.0,41.0,0.0,10.0,20.0,1.0,4.0,2.0,0.0,0.7485107481711013,-0.663122658240795,train,52.0,0,0.863596705531647,1
We,2016-05-16,55.0,50.0,41.0,0.0,10.0,20.0,1.0,4.0,2.0,0.6631226582407952,-0.7485107481711012,train,52.0,1,0.857869012567793,1
We,2016-05-23,52.0,55.0,50.0,41.0,0.0,10.0,20.0,1.0,4.0,0.5680647467311558,-0.8229838658936564,train,52.0,0,0.9513683262492283,1
We,2016-05-30,24.0,52.0,55.0,50.0,41.0,0.0,10.0,20.0,1.0,0.46472317204376906,-0.8854560256532096,train,52.0,0,0.9109127462865045,1
We,2016-06-06,42.0,24.0,52.0,55.0,50.0,41.0,0.0,10.0,20.0,0.35460488704253584,-0.9350162426854147,train,52.0,0,0.7194983665293531,1
We,2016-06-13,14.0,42.0,24.0,52.0,55.0,50.0,41.0,0.0,10.0,0.23931566428755768,-0.970941817426052,train,52.0,0,0.8506487674698152,1
We,2016-06-20,57.0,14.0,42.0,24.0,52.0,55.0,50.0,41.0,0.0,0.12053668025532308,-0.992708874098054,train,52.0,1,0.8707467601696129,1
We,2016-06-27,131.0,57.0,14.0,42.0,24.0,52.0,55.0,50.0,41.0,-3.216245299353273e-16,-1.0,train,52.0,1,0.8677185724429959,1
We,2016-07-04,75.0,131.0,57.0,14.0,42.0,24.0,52.0,55.0,50.0,-0.12053668025532283,-0.992708874098054,train,52.0,1,0.8625399435656315,1
We,2016-07-11,43.0,75.0,131.0,57.0,14.0,42.0,24.0,52.0,55.0,-0.23931566428755743,-0.9709418174260521,train,52.0,0,0.8133132820333867,1
We,2016-07-18,5.0,43.0,75.0,131.0,57.0,14.0,42.0,24.0,52.0,-0.3546048870425356,-0.9350162426854148,train,52.0,0,0.6567877747528611,0
We,2016-07-25,2.0,5.0,43.0,75.0,131.0,57.0,14.0,42.0,24.0,-0.46472317204376806,-0.8854560256532101,train,52.0,0,0.2895693660047879,0
We,2016-08-01,0.0,2.0,5.0,43.0,75.0,131.0,57.0,14.0,42.0,-0.5680647467311556,-0.8229838658936566,train,52.0,0,0.18902416456859833,0
We,2016-08-08,0.0,0.0,2.0,5.0,43.0,75.0,131.0,57.0,14.0,-0.663122658240795,-0.7485107481711013,train,52.0,0,0.1306892312362828,0
We,2016-08-15,0.0,0.0,0.0,2.0,5.0,43.0,75.0,131.0,57.0,-0.7485107481711011,-0.6631226582407952,train,52.0,0,0.10149652613212576,0
We,2016-08-22,0.0,0.0,0.0,0.0,2.0,5.0,43.0,75.0,131.0,-0.8229838658936564,-0.5680647467311559,train,52.0,0,0.0559077951137507,0
We,2016-08-29,0.0,0.0,0.0,0.0,0.0,2.0,5.0,43.0,75.0,-0.8854560256532096,-0.4647231720437691,train,52.0,0,0.03534328005133379,0
We,2016-09-05,0.0,0.0,0.0,0.0,0.0,0.0,2.0,5.0,43.0,-0.9350162426854147,-0.3546048870425359,train,52.0,0,0.019096048245638337,0
We,2016-09-12,0.0,0.0,0.0,0.0,0.0,0.0,0.0,2.0,5.0,-0.970941817426052,-0.23931566428755774,train,52.0,0,0.01424158153962621,0
We,2016-09-19,0.0,0.0,0.0,0.0,0.0,0.0,0.0,0.0,2.0,-0.992708874098054,-0.12053668025532357,train,52.0,0,0.009778535771140684,0
We,2016-09-26,0.0,0.0,0.0,0.0,0.0,0.0,0.0,0.0,0.0,-1.0,-1.8369701987210297e-16,train,52.0,0,0.008091681810665432,0
We,2016-10-03,0.0,0.0,0.0,0.0,0.0,0.0,0.0,0.0,0.0,-0.992708874098054,0.1205366802553232,train,52.0,0,0.005490457898428141,0
We,2016-10-10,0.0,0.0,0.0,0.0,0.0,0.0,0.0,0.0,0.0,-0.9709418174260521,0.23931566428755738,train,52.0,0,0.0038330208738699143,0
We,2016-10-17,0.0,0.0,0.0,0.0,0.0,0.0,0.0,0.0,0.0,-0.9350162426854148,0.35460488704253557,train,52.0,0,0.002768712198599736,0
We,2016-10-24,0.0,0.0,0.0,0.0,0.0,0.0,0.0,0.0,0.0,-0.8854560256532101,0.464723172043768,train,52.0,0,0.0020796049249813438,0
We,2016-10-31,0.0,0.0,0.0,0.0,0.0,0.0,0.0,0.0,0.0,-0.822983865893657,0.5680647467311548,train,52.0,0,0.0016312704834727692,0
We,2016-11-07,0.0,0.0,0.0,0.0,0.0,0.0,0.0,0.0,0.0,-0.7485107481711011,0.6631226582407952,train,52.0,0,0.0013411886803814438,0
We,2016-11-14,0.0,0.0,0.0,0.0,0.0,0.0,0.0,0.0,0.0,-0.6631226582407955,0.7485107481711007,train,52.0,0,0.0011591410711975566,0
We,2016-11-21,0.0,0.0,0.0,0.0,0.0,0.0,0.0,0.0,0.0,-0.5680647467311559,0.8229838658936564,train,52.0,0,0.001055366196990406,0
We,2016-11-28,0.0,0.0,0.0,0.0,0.0,0.0,0.0,0.0,0.0,-0.4647231720437684,0.88545602565321,train,52.0,0,0.0010136598144584543,0
We,2016-12-05,0.0,0.0,0.0,0.0,0.0,0.0,0.0,0.0,0.0,-0.35460488704253595,0.9350162426854147,train,52.0,0,0.001027689250419541,0
We,2016-12-12,0.0,0.0,0.0,0.0,0.0,0.0,0.0,0.0,0.0,-0.2393156642875578,0.970941817426052,train,52.0,0,0.0010995725046274078,0
We,2016-12-19,0.0,0.0,0.0,0.0,0.0,0.0,0.0,0.0,0.0,-0.12053668025532363,0.992708874098054,train,52.0,0,0.0012403520679879912,0
We,2016-12-26,0.0,0.0,0.0,0.0,0.0,0.0,0.0,0.0,0.0,6.432490598706546e-16,1.0,train,52.0,0,0.001472487075294112,0
We,2017-01-02,0.0,0.0,0.0,0.0,0.0,0.0,0.0,0.0,0.0,0.12053668025532305,0.992708874098054,val,52.0,0,0.0018350101283209402,0
We,2017-01-09,0.0,0.0,0.0,0.0,0.0,0.0,0.0,0.0,0.0,0.23931566428755774,0.970941817426052,val,52.0,0,0.0023926627010834706,0
We,2017-01-16,0.0,0.0,0.0,0.0,0.0,0.0,0.0,0.0,0.0,0.3546048870425356,0.9350162426854148,val,52.0,0,0.0032512491443357117,0
We,2017-01-23,0.0,0.0,0.0,0.0,0.0,0.0,0.0,0.0,0.0,0.4647231720437685,0.8854560256532099,val,52.0,0,0.004582706868592003,0
We,2017-01-30,0.0,0.0,0.0,0.0,0.0,0.0,0.0,0.0,0.0,0.5680647467311558,0.8229838658936564,val,52.0,0,0.006664881096988635,0
We,2017-02-06,0.0,0.0,0.0,0.0,0.0,0.0,0.0,0.0,0.0,0.6631226582407952,0.7485107481711011,val,52.0,0,0.009942118415087976,0
We,2017-02-13,0.0,0.0,0.0,0.0,0.0,0.0,0.0,0.0,0.0,0.7485107481711011,0.6631226582407953,val,52.0,0,0.015111771061456286,0
We,2017-02-20,0.0,0.0,0.0,0.0,0.0,0.0,0.0,0.0,0.0,0.8229838658936564,0.5680647467311559,val,52.0,0,0.023234451648620907,0
We,2017-02-27,0.0,0.0,0.0,0.0,0.0,0.0,0.0,0.0,0.0,0.8854560256532099,0.4647231720437686,val,52.0,0,0.035845078420768846,0
We,2017-03-06,7.0,0.0,0.0,0.0,0.0,0.0,0.0,0.0,0.0,0.9350162426854148,0.35460488704253557,val,52.0,0,0.05499895900443675,0
We,2017-03-13,1.0,7.0,0.0,0.0,0.0,0.0,0.0,0.0,0.0,0.970941817426052,0.23931566428755804,val,52.0,0,0.20081952438698875,0
We,2017-03-20,3.0,1.0,7.0,0.0,0.0,0.0,0.0,0.0,0.0,0.992708874098054,0.120536680255323,val,52.0,0,0.16515330711523402,0
We,2017-03-27,25.0,3.0,1.0,7.0,0.0,0.0,0.0,0.0,0.0,1.0,-1.6081226496766366e-16,val,52.0,0,0.3174226170789338,0
We,2017-04-03,12.0,25.0,3.0,1.0,7.0,0.0,0.0,0.0,0.0,0.992708874098054,-0.12053668025532288,val,52.0,0,0.4906410053770813,0
We,2017-04-10,0.0,12.0,25.0,3.0,1.0,7.0,0.0,0.0,0.0,0.9709418174260521,-0.2393156642875575,val,52.0,0,0.5931992993651873,0
We,2017-04-17,82.0,0.0,12.0,25.0,3.0,1.0,7.0,0.0,0.0,0.9350162426854148,-0.35460488704253545,val,52.0,1,0.4371139651018396,0
We,2017-04-24,3.0,82.0,0.0,12.0,25.0,3.0,1.0,7.0,0.0,0.8854560256532099,-0.4647231720437685,val,52.0,0,0.8333267887414348,1
We,2017-05-01,102.0,3.0,82.0,0.0,12.0,25.0,3.0,1.0,7.0,0.8229838658936565,-0.5680647467311557,val,52.0,1,0.506173354258067,0
We,2017-05-08,82.0,102.0,3.0,82.0,0.0,12.0,25.0,3.0,1.0,0.7485107481711013,-0.663122658240795,val,52.0,1,0.9657601877692694,1
We,2017-05-15,51.0,82.0,102.0,3.0,82.0,0.0,12.0,25.0,3.0,0.6631226582407952,-0.7485107481711012,val,52.0,0,0.8831423248191377,1
We,2017-05-22,59.0,51.0,82.0,102.0,3.0,82.0,0.0,12.0,25.0,0.5680647467311558,-0.8229838658936564,val,52.0,1,0.8706965817848743,1
We,2017-05-29,44.0,59.0,51.0,82.0,102.0,3.0,82.0,0.0,12.0,0.46472317204376906,-0.8854560256532096,val,52.0,0,0.874515168855809,1
We,2017-06-05,1.0,44.0,59.0,51.0,82.0,102.0,3.0,82.0,0.0,0.35460488704253584,-0.9350162426854147,val,52.0,0,0.8956804001600208,1
We,2017-06-12,84.0,1.0,44.0,59.0,51.0,82.0,102.0,3.0,82.0,0.23931566428755768,-0.970941817426052,val,52.0,1,0.5332157083452956,0
We,2017-06-19,73.0,84.0,1.0,44.0,59.0,51.0,82.0,102.0,3.0,0.12053668025532308,-0.992708874098054,val,52.0,1,0.932522955855334,1
We,2017-06-26,94.0,73.0,84.0,1.0,44.0,59.0,51.0,82.0,102.0,-3.216245299353273e-16,-1.0,val,52.0,1,0.8249232534982253,1
We,2017-07-03,57.0,94.0,73.0,84.0,1.0,44.0,59.0,51.0,82.0,-0.12053668025532283,-0.992708874098054,val,52.0,1,0.9198829347990171,1
We,2017-07-10,7.0,57.0,94.0,73.0,84.0,1.0,44.0,59.0,51.0,-0.23931566428755743,-0.9709418174260521,val,52.0,0,0.7396059657084879,1
We,2017-07-17,1.0,7.0,57.0,94.0,73.0,84.0,1.0,44.0,59.0,-0.3546048870425356,-0.9350162426854148,val,52.0,0,0.3095907739080955,0
We,2017-07-24,0.0,1.0,7.0,57.0,94.0,73.0,84.0,1.0,44.0,-0.46472317204376806,-0.8854560256532101,val,52.0,0,0.19417723087790317,0
We,2017-07-31,0.0,0.0,1.0,7.0,57.0,94.0,73.0,84.0,1.0,-0.5680647467311556,-0.8229838658936566,val,52.0,0,0.22928343317966152,0
We,2017-08-07,0.0,0.0,0.0,1.0,7.0,57.0,94.0,73.0,84.0,-0.663122658240795,-0.7485107481711013,val,52.0,0,0.12668680297808843,0
We,2017-08-14,0.0,0.0,0.0,0.0,1.0,7.0,57.0,94.0,73.0,-0.7485107481711011,-0.6631226582407952,val,52.0,0,0.10907387918287173,0
We,2017-08-21,0.0,0.0,0.0,0.0,0.0,1.0,7.0,57.0,94.0,-0.8229838658936564,-0.5680647467311559,val,52.0,0,0.055646557153381765,0
We,2017-08-28,0.0,0.0,0.0,0.0,0.0,0.0,1.0,7.0,57.0,-0.8854560256532096,-0.4647231720437691,val,52.0,0,0.0266353515851055,0
We,2017-09-04,0.0,0.0,0.0,0.0,0.0,0.0,0.0,1.0,7.0,-0.9350162426854147,-0.3546048870425359,val,52.0,0,0.020125840844681615,0
We,2017-09-11,0.0,0.0,0.0,0.0,0.0,0.0,0.0,0.0,1.0,-0.970941817426052,-0.23931566428755774,val,52.0,0,0.016245896512299067,0
We,2017-09-18,0.0,0.0,0.0,0.0,0.0,0.0,0.0,0.0,0.0,-0.992708874098054,-0.12053668025532357,val,52.0,0,0.012193023560114636,0
We,2017-09-25,0.0,0.0,0.0,0.0,0.0,0.0,0.0,0.0,0.0,-1.0,-1.8369701987210297e-16,val,52.0,0,0.008091681810665432,0
We,2017-10-02,0.0,0.0,0.0,0.0,0.0,0.0,0.0,0.0,0.0,-0.992708874098054,0.1205366802553232,val,52.0,0,0.005490457898428141,0
We,2017-10-09,0.0,0.0,0.0,0.0,0.0,0.0,0.0,0.0,0.0,-0.9709418174260521,0.23931566428755738,val,52.0,0,0.0038330208738699143,0
We,2017-10-16,0.0,0.0,0.0,0.0,0.0,0.0,0.0,0.0,0.0,-0.9350162426854148,0.35460488704253557,val,52.0,0,0.002768712198599736,0
We,2017-10-23,0.0,0.0,0.0,0.0,0.0,0.0,0.0,0.0,0.0,-0.8854560256532101,0.464723172043768,val,52.0,0,0.0020796049249813438,0
We,2017-10-30,0.0,0.0,0.0,0.0,0.0,0.0,0.0,0.0,0.0,-0.822983865893657,0.5680647467311548,val,52.0,0,0.0016312704834727692,0
We,2017-11-06,0.0,0.0,0.0,0.0,0.0,0.0,0.0,0.0,0.0,-0.7485107481711011,0.6631226582407952,val,52.0,0,0.0013411886803814438,0
We,2017-11-13,0.0,0.0,0.0,0.0,0.0,0.0,0.0,0.0,0.0,-0.6631226582407955,0.7485107481711007,val,52.0,0,0.0011591410711975566,0
We,2017-11-20,0.0,0.0,0.0,0.0,0.0,0.0,0.0,0.0,0.0,-0.5680647467311559,0.8229838658936564,val,52.0,0,0.001055366196990406,0
We,2017-11-27,0.0,0.0,0.0,0.0,0.0,0.0,0.0,0.0,0.0,-0.4647231720437684,0.88545602565321,val,52.0,0,0.0010136598144584543,0
We,2017-12-04,0.0,0.0,0.0,0.0,0.0,0.0,0.0,0.0,0.0,-0.35460488704253595,0.9350162426854147,val,52.0,0,0.001027689250419541,0
We,2017-12-11,0.0,0.0,0.0,0.0,0.0,0.0,0.0,0.0,0.0,-0.2393156642875578,0.970941817426052,val,52.0,0,0.0010995725046274078,0
We,2017-12-18,0.0,0.0,0.0,0.0,0.0,0.0,0.0,0.0,0.0,-0.12053668025532363,0.992708874098054,val,52.0,0,0.0012403520679879912,0
We,2017-12-25,0.0,0.0,0.0,0.0,0.0,0.0,0.0,0.0,0.0,6.432490598706546e-16,1.0,val,52.0,0,0.001472487075294112,0
We,2018-01-01,0.0,0.0,0.0,0.0,0.0,0.0,0.0,0.0,0.0,0.12053668025532305,0.992708874098054,test,52.0,0,0.0018350101283209402,0
We,2018-01-08,0.0,0.0,0.0,0.0,0.0,0.0,0.0,0.0,0.0,0.23931566428755774,0.970941817426052,test,52.0,0,0.0023926627010834706,0
We,2018-01-15,0.0,0.0,0.0,0.0,0.0,0.0,0.0,0.0,0.0,0.3546048870425356,0.9350162426854148,test,52.0,0,0.0032512491443357117,0
We,2018-01-22,0.0,0.0,0.0,0.0,0.0,0.0,0.0,0.0,0.0,0.4647231720437685,0.8854560256532099,test,52.0,0,0.004582706868592003,0
We,2018-01-29,0.0,0.0,0.0,0.0,0.0,0.0,0.0,0.0,0.0,0.5680647467311558,0.8229838658936564,test,52.0,0,0.006664881096988635,0
We,2018-02-05,0.0,0.0,0.0,0.0,0.0,0.0,0.0,0.0,0.0,0.6631226582407952,0.7485107481711011,test,52.0,0,0.009942118415087976,0
We,2018-02-12,0.0,0.0,0.0,0.0,0.0,0.0,0.0,0.0,0.0,0.7485107481711011,0.6631226582407953,test,52.0,0,0.015111771061456286,0
We,2018-02-19,0.0,0.0,0.0,0.0,0.0,0.0,0.0,0.0,0.0,0.8229838658936564,0.5680647467311559,test,52.0,0,0.023234451648620907,0
We,2018-02-26,0.0,0.0,0.0,0.0,0.0,0.0,0.0,0.0,0.0,0.8854560256532099,0.4647231720437686,test,52.0,0,0.035845078420768846,0
We,2018-03-05,0.0,0.0,0.0,0.0,0.0,0.0,0.0,0.0,0.0,0.9350162426854148,0.35460488704253557,test,52.0,0,0.05499895900443675,0
We,2018-03-12,0.0,0.0,0.0,0.0,0.0,0.0,0.0,0.0,0.0,0.970941817426052,0.23931566428755804,test,52.0,0,0.08312512207577291,0
We,2018-03-19,0.0,0.0,0.0,0.0,0.0,0.0,0.0,0.0,0.0,0.992708874098054,0.120536680255323,test,52.0,0,0.12252148218693314,0
We,2018-03-26,0.0,0.0,0.0,0.0,0.0,0.0,0.0,0.0,0.0,1.0,-1.6081226496766366e-16,test,52.0,0,0.17442354442181385,0
We,2018-04-02,0.0,0.0,0.0,0.0,0.0,0.0,0.0,0.0,0.0,0.992708874098054,-0.12053668025532288,test,52.0,0,0.23791376886335305,0
We,2018-04-09,0.0,0.0,0.0,0.0,0.0,0.0,0.0,0.0,0.0,0.9709418174260521,-0.2393156642875575,test,52.0,0,0.3093568509944325,0
We,2018-04-16,0.0,0.0,0.0,0.0,0.0,0.0,0.0,0.0,0.0,0.9350162426854148,-0.35460488704253545,test,52.0,0,0.38301063483920167,0
We,2018-04-23,0.0,0.0,0.0,0.0,0.0,0.0,0.0,0.0,0.0,0.8854560256532099,-0.4647231720437685,test,52.0,0,0.4526686731365207,0
We,2018-04-30,7.0,0.0,0.0,0.0,0.0,0.0,0.0,0.0,0.0,0.8229838658936565,-0.5680647467311557,test,52.0,0,0.513340350971132,0
We,2018-05-07,46.0,7.0,0.0,0.0,0.0,0.0,0.0,0.0,0.0,0.7485107481711013,-0.663122658240795,test,52.0,0,0.7805563243650033,1
We,2018-05-14,104.0,46.0,7.0,0.0,0.0,0.0,0.0,0.0,0.0,0.6631226582407952,-0.7485107481711012,test,52.0,1,0.9081818621792312,1
We,2018-05-21,16.0,104.0,46.0,7.0,0.0,0.0,0.0,0.0,0.0,0.5680647467311558,-0.8229838658936564,test,52.0,0,0.9475175967544913,1
We,2018-05-28,55.0,16.0,104.0,46.0,7.0,0.0,0.0,0.0,0.0,0.46472317204376906,-0.8854560256532096,test,52.0,1,0.8352512045639172,1
We,2018-06-04,8.0,55.0,16.0,104.0,46.0,7.0,0.0,0.0,0.0,0.35460488704253584,-0.9350162426854147,test,52.0,0,0.85825789416446,1
We,2018-06-11,17.0,8.0,55.0,16.0,104.0,46.0,7.0,0.0,0.0,0.23931566428755768,-0.970941817426052,test,52.0,0,0.7197521410113172,1
We,2018-06-18,131.0,17.0,8.0,55.0,16.0,104.0,46.0,7.0,0.0,0.12053668025532308,-0.992708874098054,test,52.0,1,0.8969998165338418,1
We,2018-06-25,231.0,131.0,17.0,8.0,55.0,16.0,104.0,46.0,7.0,-3.216245299353273e-16,-1.0,test,52.0,1,0.9203969854982132,1
We,2018-07-02,56.0,231.0,131.0,17.0,8.0,55.0,16.0,104.0,46.0,-0.12053668025532283,-0.992708874098054,test,52.0,1,0.9146325174905672,1
We,2018-07-09,7.0,56.0,231.0,131.0,17.0,8.0,55.0,16.0,104.0,-0.23931566428755743,-0.9709418174260521,test,52.0,0,0.777714390054341,1
We,2018-07-16,0.0,7.0,56.0,231.0,131.0,17.0,8.0,55.0,16.0,-0.3546048870425356,-0.9350162426854148,test,52.0,0,0.412554215139756,0
We,2018-07-23,0.0,0.0,7.0,56.0,231.0,131.0,17.0,8.0,55.0,-0.46472317204376806,-0.8854560256532101,test,52.0,0,0.10063455350287452,0
We,2018-07-30,0.0,0.0,0.0,7.0,56.0,231.0,131.0,17.0,8.0,-0.5680647467311556,-0.8229838658936566,test,52.0,0,0.17773333240355804,0
We,2018-08-06,0.0,0.0,0.0,0.0,7.0,56.0,231.0,131.0,17.0,-0.663122658240795,-0.7485107481711013,test,52.0,0,0.19175921033929405,0
We,2018-08-13,0.0,0.0,0.0,0.0,0.0,7.0,56.0,231.0,131.0,-0.7485107481711011,-0.6631226582407952,test,52.0,0,0.121560455828007,0
We,2018-08-20,0.0,0.0,0.0,0.0,0.0,0.0,7.0,56.0,231.0,-0.8229838658936564,-0.5680647467311559,test,52.0,0,0.04665304053444964,0
We,2018-08-27,0.0,0.0,0.0,0.0,0.0,0.0,0.0,7.0,56.0,-0.8854560256532096,-0.4647231720437691,test,52.0,0,0.02358643189348451,0
We,2018-09-03,0.0,0.0,0.0,0.0,0.0,0.0,0.0,0.0,7.0,-0.9350162426854147,-0.3546048870425359,test,52.0,0,0.019043013746090645,0
Wr,2015-04-06,75.00003,14.999998999999999,0.0,0.0,4.0000002,0.9999996999999999,0.0,0.0,0.0,0.9709418174260521,-0.2393156642875575,train,134.0,0,0.5406713077259119,0
Wr,2015-04-13,5.0,75.00003,14.999998999999999,0.0,0.0,4.0000002,0.9999996999999999,0.0,0.0,0.9350162426854148,-0.35460488704253545,train,134.0,0,0.857296397376853,1
Wr,2015-04-20,12.0,5.0,75.00003,14.999998999999999,0.0,0.0,4.0000002,0.9999996999999999,0.0,0.8854560256532099,-0.4647231720437685,train,134.0,0,0.7689647380104412,1
Wr,2015-04-27,0.0,12.0,5.0,75.00003,14.999998999999999,0.0,0.0,4.0000002,0.9999996999999999,0.8229838658936565,-0.5680647467311557,train,134.0,0,0.7001052484829474,1
Wr,2015-05-04,20.0,0.0,12.0,5.0,75.00003,14.999998999999999,0.0,0.0,4.0000002,0.7485107481711013,-0.663122658240795,train,134.0,0,0.2633062222442322,0
Wr,2015-05-11,42.0,20.0,0.0,12.0,5.0,75.00003,14.999998999999999,0.0,0.0,0.6631226582407952,-0.7485107481711012,train,134.0,0,0.8918906545510945,1
Wr,2015-05-18,25.0,42.0,20.0,0.0,12.0,5.0,75.00003,14.999998999999999,0.0,0.5680647467311558,-0.8229838658936564,train,134.0,0,0.9398696430762847,1
Wr,2015-05-25,15.0,25.0,42.0,20.0,0.0,12.0,5.0,75.00003,14.999998999999999,0.46472317204376906,-0.8854560256532096,train,134.0,0,0.9191186177950899,1
Wr,2015-06-01,33.0,15.0,25.0,42.0,20.0,0.0,12.0,5.0,75.00003,0.35460488704253584,-0.9350162426854147,train,134.0,0,0.7451272247616658,1
Wr,2015-06-08,22.0,33.0,15.0,25.0,42.0,20.0,0.0,12.0,5.0,0.23931566428755768,-0.970941817426052,train,134.0,0,0.7837761343834533,1
Wr,2015-06-15,4.0,22.0,33.0,15.0,25.0,42.0,20.0,0.0,12.0,0.12053668025532308,-0.992708874098054,train,134.0,0,0.7821454747547609,1
Wr,2015-06-22,210.0,4.0,22.0,33.0,15.0,25.0,42.0,20.0,0.0,-3.216245299353273e-16,-1.0,train,134.0,1,0.8043666622918509,1
Wr,2015-06-29,481.0,210.0,4.0,22.0,33.0,15.0,25.0,42.0,20.0,-0.12053668025532283,-0.992708874098054,train,134.0,1,0.8967001077916013,1
Wr,2015-07-06,627.0,481.0,210.0,4.0,22.0,33.0,15.0,25.0,42.0,-0.23931566428755743,-0.9709418174260521,train,134.0,1,0.8870173693690222,1
Wr,2015-07-13,261.0,627.0,481.0,210.0,4.0,22.0,33.0,15.0,25.0,-0.3546048870425356,-0.9350162426854148,train,134.0,1,0.9342482125562165,1
Wr,2015-07-20,18.0,261.0,627.0,481.0,210.0,4.0,22.0,33.0,15.0,-0.46472317204376806,-0.8854560256532101,train,134.0,0,0.7472551707431049,1
Wr,2015-07-27,15.0,18.0,261.0,627.0,481.0,210.0,4.0,22.0,33.0,-0.5680647467311556,-0.8229838658936566,train,134.0,0,0.227359003957774,0
Wr,2015-08-03,0.0,15.0,18.0,261.0,627.0,481.0,210.0,4.0,22.0,-0.663122658240795,-0.7485107481711013,train,134.0,0,0.23498674908903813,0
Wr,2015-08-10,0.0,0.0,15.0,18.0,261.0,627.0,481.0,210.0,4.0,-0.7485107481711011,-0.6631226582407952,train,134.0,0,0.10764779335365542,0
Wr,2015-08-17,0.0,0.0,0.0,15.0,18.0,261.0,627.0,481.0,210.0,-0.8229838658936564,-0.5680647467311559,train,134.0,0,0.0707271787601663,0
Wr,2015-08-24,0.0,0.0,0.0,0.0,15.0,18.0,261.0,627.0,481.0,-0.8854560256532096,-0.4647231720437691,train,134.0,0,0.03103337415530014,0
Wr,2015-08-31,0.0,0.0,0.0,0.0,0.0,15.0,18.0,261.0,627.0,-0.9350162426854147,-0.3546048870425359,train,134.0,0,0.021499196205967172,0
Wr,2015-09-07,0.0,0.0,0.0,0.0,0.0,0.0,15.0,18.0,261.0,-0.970941817426052,-0.23931566428755774,train,134.0,0,0.012854762781085438,0
Wr,2015-09-14,0.0,0.0,0.0,0.0,0.0,0.0,0.0,15.0,18.0,-0.992708874098054,-0.12053668025532357,train,134.0,0,0.008434371235443532,0
Wr,2015-09-21,0.0,0.0,0.0,0.0,0.0,0.0,0.0,0.0,15.0,-1.0,-1.8369701987210297e-16,train,134.0,0,0.004623933290173524,0
Wr,2015-09-28,0.0,0.0,0.0,0.0,0.0,0.0,0.0,0.0,0.0,-0.992708874098054,0.1205366802553232,train,134.0,0,0.005490457898428141,0
Wr,2015-10-05,0.0,0.0,0.0,0.0,0.0,0.0,0.0,0.0,0.0,-0.9709418174260521,0.23931566428755738,train,134.0,0,0.0038330208738699143,0
Wr,2015-10-12,0.0,0.0,0.0,0.0,0.0,0.0,0.0,0.0,0.0,-0.9350162426854148,0.35460488704253557,train,134.0,0,0.002768712198599736,0
Wr,2015-10-19,0.0,0.0,0.0,0.0,0.0,0.0,0.0,0.0,0.0,-0.8854560256532101,0.464723172043768,train,134.0,0,0.0020796049249813438,0
Wr,2015-10-26,0.0,0.0,0.0,0.0,0.0,0.0,0.0,0.0,0.0,-0.822983865893657,0.5680647467311548,train,134.0,0,0.0016312704834727692,0
Wr,2015-11-02,0.0,0.0,0.0,0.0,0.0,0.0,0.0,0.0,0.0,-0.7485107481711011,0.6631226582407952,train,134.0,0,0.0013411886803814438,0
Wr,2015-11-09,0.0,0.0,0.0,0.0,0.0,0.0,0.0,0.0,0.0,-0.6631226582407955,0.7485107481711007,train,134.0,0,0.0011591410711975566,0
Wr,2015-11-16,0.0,0.0,0.0,0.0,0.0,0.0,0.0,0.0,0.0,-0.5680647467311559,0.8229838658936564,train,134.0,0,0.001055366196990406,0
Wr,2015-11-23,0.0,0.0,0.0,0.0,0.0,0.0,0.0,0.0,0.0,-0.4647231720437684,0.88545602565321,train,134.0,0,0.0010136598144584543,0
Wr,2015-11-30,0.0,0.0,0.0,0.0,0.0,0.0,0.0,0.0,0.0,-0.35460488704253595,0.9350162426854147,train,134.0,0,0.001027689250419541,0
Wr,2015-12-07,0.0,0.0,0.0,0.0,0.0,0.0,0.0,0.0,0.0,-0.2393156642875578,0.970941817426052,train,134.0,0,0.0010995725046274078,0
Wr,2015-12-14,0.0,0.0,0.0,0.0,0.0,0.0,0.0,0.0,0.0,-0.12053668025532363,0.992708874098054,train,134.0,0,0.0012403520679879912,0
Wr,2015-12-21,0.0,0.0,0.0,0.0,0.0,0.0,0.0,0.0,0.0,6.432490598706546e-16,1.0,train,134.0,0,0.001472487075294112,0
Wr,2015-12-28,0.0,0.0,0.0,0.0,0.0,0.0,0.0,0.0,0.0,0.12053668025532314,0.992708874098054,train,134.0,0,0.0018350101283209402,0
Wr,2016-01-04,0.0,0.0,0.0,0.0,0.0,0.0,0.0,0.0,0.0,0.12053668025532305,0.992708874098054,train,134.0,0,0.0018350101283209402,0
Wr,2016-01-11,0.0,0.0,0.0,0.0,0.0,0.0,0.0,0.0,0.0,0.23931566428755774,0.970941817426052,train,134.0,0,0.0023926627010834706,0
Wr,2016-01-18,0.0,0.0,0.0,0.0,0.0,0.0,0.0,0.0,0.0,0.3546048870425356,0.9350162426854148,train,134.0,0,0.0032512491443357117,0
Wr,2016-01-25,0.0,0.0,0.0,0.0,0.0,0.0,0.0,0.0,0.0,0.4647231720437685,0.8854560256532099,train,134.0,0,0.004582706868592003,0
Wr,2016-02-01,0.0,0.0,0.0,0.0,0.0,0.0,0.0,0.0,0.0,0.5680647467311558,0.8229838658936564,train,134.0,0,0.006664881096988635,0
Wr,2016-02-08,0.0,0.0,0.0,0.0,0.0,0.0,0.0,0.0,0.0,0.6631226582407952,0.7485107481711011,train,134.0,0,0.009942118415087976,0
Wr,2016-02-15,0.0,0.0,0.0,0.0,0.0,0.0,0.0,0.0,0.0,0.7485107481711011,0.6631226582407953,train,134.0,0,0.015111771061456286,0
Wr,2016-02-22,0.0,0.0,0.0,0.0,0.0,0.0,0.0,0.0,0.0,0.8229838658936564,0.5680647467311559,train,134.0,0,0.023234451648620907,0
Wr,2016-02-29,0.0,0.0,0.0,0.0,0.0,0.0,0.0,0.0,0.0,0.8854560256532099,0.4647231720437686,train,134.0,0,0.035845078420768846,0
Wr,2016-03-07,2.0,0.0,0.0,0.0,0.0,0.0,0.0,0.0,0.0,0.9350162426854148,0.35460488704253557,train,134.0,0,0.05499895900443675,0
Wr,2016-03-14,2.0,2.0,0.0,0.0,0.0,0.0,0.0,0.0,0.0,0.970941817426052,0.23931566428755804,train,134.0,0,0.13446654282015377,0
Wr,2016-03-21,11.0,2.0,2.0,0.0,0.0,0.0,0.0,0.0,0.0,0.992708874098054,0.120536680255323,train,134.0,0,0.1937787808642315,0
Wr,2016-03-28,26.0,11.0,2.0,2.0,0.0,0.0,0.0,0.0,0.0,1.0,-1.6081226496766366e-16,train,134.0,0,0.43153447531357897,0
Wr,2016-04-04,34.0,26.0,11.0,2.0,2.0,0.0,0.0,0.0,0.0,0.992708874098054,-0.12053668025532288,train,134.0,0,0.561621613565092,0
Wr,2016-04-11,54.0,34.0,26.0,11.0,2.0,2.0,0.0,0.0,0.0,0.9709418174260521,-0.2393156642875575,train,134.0,0,0.6931943212844532,1
Wr,2016-04-18,14.0,54.0,34.0,26.0,11.0,2.0,2.0,0.0,0.0,0.9350162426854148,-0.35460488704253545,train,134.0,0,0.7803422163956238,1
Wr,2016-04-25,15.0,14.0,54.0,34.0,26.0,11.0,2.0,2.0,0.0,0.8854560256532099,-0.4647231720437685,train,134.0,0,0.6960574961910296,1
Wr,2016-05-02,83.0,15.0,14.0,54.0,34.0,26.0,11.0,2.0,2.0,0.8229838658936565,-0.5680647467311557,train,134.0,0,0.7491871056600127,1
Wr,2016-05-09,239.0,83.0,15.0,14.0,54.0,34.0,26.0,11.0,2.0,0.7485107481711013,-0.663122658240795,train,134.0,1,0.8993287021166595,1
Wr,2016-05-16,267.0,239.0,83.0,15.0,14.0,54.0,34.0,26.0,11.0,0.6631226582407952,-0.7485107481711012,train,134.0,1,0.9532410145197094,1
Wr,2016-05-23,238.0,267.0,239.0,83.0,15.0,14.0,54.0,34.0,26.0,0.5680647467311558,-0.8229838658936564,train,134.0,1,0.9597124450528863,1
Wr,2016-05-30,134.0,238.0,267.0,239.0,83.0,15.0,14.0,54.0,34.0,0.46472317204376906,-0.8854560256532096,train,134.0,0,0.9272305922856231,1
Wr,2016-06-06,41.0,134.0,238.0,267.0,239.0,83.0,15.0,14.0,54.0,0.35460488704253584,-0.9350162426854147,train,134.0,0,0.8605121824709999,1
Wr,2016-06-13,26.0,41.0,134.0,238.0,267.0,239.0,83.0,15.0,14.0,0.23931566428755768,-0.970941817426052,train,134.0,0,0.8487106800618008,1
Wr,2016-06-20,265.0,26.0,41.0,134.0,238.0,267.0,239.0,83.0,15.0,0.12053668025532308,-0.992708874098054,train,134.0,1,0.8452676883329179,1
Wr,2016-06-27,155.0,265.0,26.0,41.0,134.0,238.0,267.0,239.0,83.0,-3.216245299353273e-16,-1.0,train,134.0,1,0.9238078772356276,1
Wr,2016-07-04,116.0,155.0,265.0,26.0,41.0,134.0,238.0,267.0,239.0,-0.12053668025532283,-0.992708874098054,train,134.0,0,0.8868987586770344,1
Wr,2016-07-11,37.0,116.0,155.0,265.0,26.0,41.0,134.0,238.0,267.0,-0.23931566428755743,-0.9709418174260521,train,134.0,0,0.8498831131626295,1
Wr,2016-07-18,0.0,37.0,116.0,155.0,265.0,26.0,41.0,134.0,238.0,-0.3546048870425356,-0.9350162426854148,train,134.0,0,0.5105459922836695,0
Wr,2016-07-25,0.0,0.0,37.0,116.0,155.0,265.0,26.0,41.0,134.0,-0.46472317204376806,-0.8854560256532101,train,134.0,0,0.11664884215217204,0
Wr,2016-08-01,0.0,0.0,0.0,37.0,116.0,155.0,265.0,26.0,41.0,-0.5680647467311556,-0.8229838658936566,train,134.0,0,0.14418683887765807,0
Wr,2016-08-08,0.0,0.0,0.0,0.0,37.0,116.0,155.0,265.0,26.0,-0.663122658240795,-0.7485107481711013,train,134.0,0,0.12811710377870195,0
Wr,2016-08-15,0.0,0.0,0.0,0.0,0.0,37.0,116.0,155.0,265.0,-0.7485107481711011,-0.6631226582407952,train,134.0,0,0.11789406396686827,0
Wr,2016-08-22,0.0,0.0,0.0,0.0,0.0,0.0,37.0,116.0,155.0,-0.8229838658936564,-0.5680647467311559,train,134.0,0,0.06979318400433103,0
Wr,2016-08-29,0.0,0.0,0.0,0.0,0.0,0.0,0.0,37.0,116.0,-0.8854560256532096,-0.4647231720437691,train,134.0,0,0.023147308900190827,0
Wr,2016-09-05,0.0,0.0,0.0,0.0,0.0,0.0,0.0,0.0,37.0,-0.9350162426854147,-0.3546048870425359,train,134.0,0,0.013949422571243037,0
Wr,2016-09-12,0.0,0.0,0.0,0.0,0.0,0.0,0.0,0.0,0.0,-0.970941817426052,-0.23931566428755774,train,134.0,0,0.01865581403529651,0
Wr,2016-09-19,0.0,0.0,0.0,0.0,0.0,0.0,0.0,0.0,0.0,-0.992708874098054,-0.12053668025532357,train,134.0,0,0.012193023560114636,0
Wr,2016-09-26,0.0,0.0,0.0,0.0,0.0,0.0,0.0,0.0,0.0,-1.0,-1.8369701987210297e-16,train,134.0,0,0.008091681810665432,0
Wr,2016-10-03,0.0,0.0,0.0,0.0,0.0,0.0,0.0,0.0,0.0,-0.992708874098054,0.1205366802553232,train,134.0,0,0.005490457898428141,0
Wr,2016-10-10,0.0,0.0,0.0,0.0,0.0,0.0,0.0,0.0,0.0,-0.9709418174260521,0.23931566428755738,train,134.0,0,0.0038330208738699143,0
Wr,2016-10-17,0.0,0.0,0.0,0.0,0.0,0.0,0.0,0.0,0.0,-0.9350162426854148,0.35460488704253557,train,134.0,0,0.002768712198599736,0
Wr,2016-10-24,0.0,0.0,0.0,0.0,0.0,0.0,0.0,0.0,0.0,-0.8854560256532101,0.464723172043768,train,134.0,0,0.0020796049249813438,0
Wr,2016-10-31,0.0,0.0,0.0,0.0,0.0,0.0,0.0,0.0,0.0,-0.822983865893657,0.5680647467311548,train,134.0,0,0.0016312704834727692,0
Wr,2016-11-07,0.0,0.0,0.0,0.0,0.0,0.0,0.0,0.0,0.0,-0.7485107481711011,0.6631226582407952,train,134.0,0,0.0013411886803814438,0
Wr,2016-11-14,0.0,0.0,0.0,0.0,0.0,0.0,0.0,0.0,0.0,-0.6631226582407955,0.7485107481711007,train,134.0,0,0.0011591410711975566,0
Wr,2016-11-21,0.0,0.0,0.0,0.0,0.0,0.0,0.0,0.0,0.0,-0.5680647467311559,0.8229838658936564,train,134.0,0,0.001055366196990406,0
Wr,2016-11-28,0.0,0.0,0.0,0.0,0.0,0.0,0.0,0.0,0.0,-0.4647231720437684,0.88545602565321,train,134.0,0,0.0010136598144584543,0
Wr,2016-12-05,0.0,0.0,0.0,0.0,0.0,0.0,0.0,0.0,0.0,-0.35460488704253595,0.9350162426854147,train,134.0,0,0.001027689250419541,0
Wr,2016-12-12,0.0,0.0,0.0,0.0,0.0,0.0,0.0,0.0,0.0,-0.2393156642875578,0.970941817426052,train,134.0,0,0.0010995725046274078,0
Wr,2016-12-19,0.0,0.0,0.0,0.0,0.0,0.0,0.0,0.0,0.0,-0.12053668025532363,0.992708874098054,train,134.0,0,0.0012403520679879912,0
Wr,2016-12-26,0.0,0.0,0.0,0.0,0.0,0.0,0.0,0.0,0.0,6.432490598706546e-16,1.0,train,134.0,0,0.001472487075294112,0
Wr,2017-01-02,0.0,0.0,0.0,0.0,0.0,0.0,0.0,0.0,0.0,0.12053668025532305,0.992708874098054,val,134.0,0,0.0018350101283209402,0
Wr,2017-01-09,0.0,0.0,0.0,0.0,0.0,0.0,0.0,0.0,0.0,0.23931566428755774,0.970941817426052,val,134.0,0,0.0023926627010834706,0
Wr,2017-01-16,0.0,0.0,0.0,0.0,0.0,0.0,0.0,0.0,0.0,0.3546048870425356,0.9350162426854148,val,134.0,0,0.0032512491443357117,0
Wr,2017-01-23,0.0,0.0,0.0,0.0,0.0,0.0,0.0,0.0,0.0,0.4647231720437685,0.8854560256532099,val,134.0,0,0.004582706868592003,0
Wr,2017-01-30,0.0,0.0,0.0,0.0,0.0,0.0,0.0,0.0,0.0,0.5680647467311558,0.8229838658936564,val,134.0,0,0.006664881096988635,0
Wr,2017-02-06,0.0,0.0,0.0,0.0,0.0,0.0,0.0,0.0,0.0,0.6631226582407952,0.7485107481711011,val,134.0,0,0.009942118415087976,0
Wr,2017-02-13,0.0,0.0,0.0,0.0,0.0,0.0,0.0,0.0,0.0,0.7485107481711011,0.6631226582407953,val,134.0,0,0.015111771061456286,0
Wr,2017-02-20,0.0,0.0,0.0,0.0,0.0,0.0,0.0,0.0,0.0,0.8229838658936564,0.5680647467311559,val,134.0,0,0.023234451648620907,0
Wr,2017-02-27,0.0,0.0,0.0,0.0,0.0,0.0,0.0,0.0,0.0,0.8854560256532099,0.4647231720437686,val,134.0,0,0.035845078420768846,0
Wr,2017-03-06,45.0,0.0,0.0,0.0,0.0,0.0,0.0,0.0,0.0,0.9350162426854148,0.35460488704253557,val,134.0,0,0.05499895900443675,0
Wr,2017-03-13,53.0,45.0,0.0,0.0,0.0,0.0,0.0,0.0,0.0,0.970941817426052,0.23931566428755804,val,134.0,0,0.3720021923349479,0
Wr,2017-03-20,8.0,53.0,45.0,0.0,0.0,0.0,0.0,0.0,0.0,0.992708874098054,0.120536680255323,val,134.0,0,0.5006554222553548,0
Wr,2017-03-27,76.0,8.0,53.0,45.0,0.0,0.0,0.0,0.0,0.0,1.0,-1.6081226496766366e-16,val,134.0,0,0.4341516932082435,0
Wr,2017-04-03,146.0,76.0,8.0,53.0,45.0,0.0,0.0,0.0,0.0,0.992708874098054,-0.12053668025532288,val,134.0,1,0.5588306829219086,0
Wr,2017-04-10,8.0,146.0,76.0,8.0,53.0,45.0,0.0,0.0,0.0,0.9709418174260521,-0.2393156642875575,val,134.0,0,0.6918456543971919,1
Wr,2017-04-17,50.0,8.0,146.0,76.0,8.0,53.0,45.0,0.0,0.0,0.9350162426854148,-0.35460488704253545,val,134.0,0,0.7365753759460406,1
Wr,2017-04-24,31.0,50.0,8.0,146.0,76.0,8.0,53.0,45.0,0.0,0.8854560256532099,-0.4647231720437685,val,134.0,0,0.8799817704520685,1
Wr,2017-05-01,36.0,31.0,50.0,8.0,146.0,76.0,8.0,53.0,45.0,0.8229838658936565,-0.5680647467311557,val,134.0,0,0.6514459370168364,0
Wr,2017-05-08,30.0,36.0,31.0,50.0,8.0,146.0,76.0,8.0,53.0,0.7485107481711013,-0.663122658240795,val,134.0,0,0.8685882121278347,1
Wr,2017-05-15,71.0,30.0,36.0,31.0,50.0,8.0,146.0,76.0,8.0,0.6631226582407952,-0.7485107481711012,val,134.0,0,0.895081319978257,1
Wr,2017-05-22,117.0,71.0,30.0,36.0,31.0,50.0,8.0,146.0,76.0,0.5680647467311558,-0.8229838658936564,val,134.0,0,0.8675720618930893,1
Wr,2017-05-29,15.0,117.0,71.0,30.0,36.0,31.0,50.0,8.0,146.0,0.46472317204376906,-0.8854560256532096,val,134.0,0,0.8890551466729216,1
Wr,2017-06-05,0.0,15.0,117.0,71.0,30.0,36.0,31.0,50.0,8.0,0.35460488704253584,-0.9350162426854147,val,134.0,0,0.8580720508991236,1
Wr,2017-06-12,28.0,0.0,15.0,117.0,71.0,30.0,36.0,31.0,50.0,0.23931566428755768,-0.970941817426052,val,134.0,0,0.45461716959498794,0
Wr,2017-06-19,6.0,28.0,0.0,15.0,117.0,71.0,30.0,36.0,31.0,0.12053668025532308,-0.992708874098054,val,134.0,0,0.7667863081874046,1
Wr,2017-06-26,8.0,6.0,28.0,0.0,15.0,117.0,71.0,30.0,36.0,-3.216245299353273e-16,-1.0,val,134.0,0,0.6898622766032251,1
Wr,2017-07-03,78.0,8.0,6.0,28.0,0.0,15.0,117.0,71.0,30.0,-0.12053668025532283,-0.992708874098054,val,134.0,0,0.8504752394228964,1
Wr,2017-07-10,25.0,78.0,8.0,6.0,28.0,0.0,15.0,117.0,71.0,-0.23931566428755743,-0.9709418174260521,val,134.0,0,0.7547765044277761,1
Wr,2017-07-17,1.0,25.0,78.0,8.0,6.0,28.0,0.0,15.0,117.0,-0.3546048870425356,-0.9350162426854148,val,134.0,0,0.4706263888085463,0
Wr,2017-07-24,4.0,1.0,25.0,78.0,8.0,6.0,28.0,0.0,15.0,-0.46472317204376806,-0.8854560256532101,val,134.0,0,0.2935916271608072,0
Wr,2017-07-31,0.0,4.0,1.0,25.0,78.0,8.0,6.0,28.0,0.0,-0.5680647467311556,-0.8229838658936566,val,134.0,0,0.30316375581652727,0
Wr,2017-08-07,0.0,0.0,4.0,1.0,25.0,78.0,8.0,6.0,28.0,-0.663122658240795,-0.7485107481711013,val,134.0,0,0.06772623251385777,0
Wr,2017-08-14,0.0,0.0,0.0,4.0,1.0,25.0,78.0,8.0,6.0,-0.7485107481711011,-0.6631226582407952,val,134.0,0,0.15863560504038784,0
Wr,2017-08-21,0.0,0.0,0.0,0.0,4.0,1.0,25.0,78.0,8.0,-0.8229838658936564,-0.5680647467311559,val,134.0,0,0.0754538100751484,0
Wr,2017-08-28,0.0,0.0,0.0,0.0,0.0,4.0,1.0,25.0,78.0,-0.8854560256532096,-0.4647231720437691,val,134.0,0,0.027696731719353742,0
Wr,2017-09-04,0.0,0.0,0.0,0.0,0.0,0.0,4.0,1.0,25.0,-0.9350162426854147,-0.3546048870425359,val,134.0,0,0.021309626760806458,0
Wr,2017-09-11,0.0,0.0,0.0,0.0,0.0,0.0,0.0,4.0,1.0,-0.970941817426052,-0.23931566428755774,val,134.0,0,0.01847736630066705,0
Wr,2017-09-18,0.0,0.0,0.0,0.0,0.0,0.0,0.0,0.0,4.0,-0.992708874098054,-0.12053668025532357,val,134.0,0,0.008823433020437014,0
Wr,2017-09-25,0.0,0.0,0.0,0.0,0.0,0.0,0.0,0.0,0.0,-1.0,-1.8369701987210297e-16,val,134.0,0,0.008091681810665432,0
Wr,2017-10-02,0.0,0.0,0.0,0.0,0.0,0.0,0.0,0.0,0.0,-0.992708874098054,0.1205366802553232,val,134.0,0,0.005490457898428141,0
Wr,2017-10-09,0.0,0.0,0.0,0.0,0.0,0.0,0.0,0.0,0.0,-0.9709418174260521,0.23931566428755738,val,134.0,0,0.0038330208738699143,0
Wr,2017-10-16,0.0,0.0,0.0,0.0,0.0,0.0,0.0,0.0,0.0,-0.9350162426854148,0.35460488704253557,val,134.0,0,0.002768712198599736,0
Wr,2017-10-23,0.0,0.0,0.0,0.0,0.0,0.0,0.0,0.0,0.0,-0.8854560256532101,0.464723172043768,val,134.0,0,0.0020796049249813438,0
Wr,2017-10-30,0.0,0.0,0.0,0.0,0.0,0.0,0.0,0.0,0.0,-0.822983865893657,0.5680647467311548,val,134.0,0,0.0016312704834727692,0
Wr,2017-11-06,0.0,0.0,0.0,0.0,0.0,0.0,0.0,0.0,0.0,-0.7485107481711011,0.6631226582407952,val,134.0,0,0.0013411886803814438,0
Wr,2017-11-13,0.0,0.0,0.0,0.0,0.0,0.0,0.0,0.0,0.0,-0.6631226582407955,0.7485107481711007,val,134.0,0,0.0011591410711975566,0
Wr,2017-11-20,0.0,0.0,0.0,0.0,0.0,0.0,0.0,0.0,0.0,-0.5680647467311559,0.8229838658936564,val,134.0,0,0.001055366196990406,0
Wr,2017-11-27,0.0,0.0,0.0,0.0,0.0,0.0,0.0,0.0,0.0,-0.4647231720437684,0.88545602565321,val,134.0,0,0.0010136598144584543,0
Wr,2017-12-04,0.0,0.0,0.0,0.0,0.0,0.0,0.0,0.0,0.0,-0.35460488704253595,0.9350162426854147,val,134.0,0,0.001027689250419541,0
Wr,2017-12-11,0.0,0.0,0.0,0.0,0.0,0.0,0.0,0.0,0.0,-0.2393156642875578,0.970941817426052,val,134.0,0,0.0010995725046274078,0
Wr,2017-12-18,0.0,0.0,0.0,0.0,0.0,0.0,0.0,0.0,0.0,-0.12053668025532363,0.992708874098054,val,134.0,0,0.0012403520679879912,0
Wr,2017-12-25,0.0,0.0,0.0,0.0,0.0,0.0,0.0,0.0,0.0,6.432490598706546e-16,1.0,val,134.0,0,0.001472487075294112,0
Wr,2018-01-01,0.0,0.0,0.0,0.0,0.0,0.0,0.0,0.0,0.0,0.12053668025532305,0.992708874098054,test,134.0,0,0.0018350101283209402,0
Wr,2018-01-08,0.0,0.0,0.0,0.0,0.0,0.0,0.0,0.0,0.0,0.23931566428755774,0.970941817426052,test,134.0,0,0.0023926627010834706,0
Wr,2018-01-15,0.0,0.0,0.0,0.0,0.0,0.0,0.0,0.0,0.0,0.3546048870425356,0.9350162426854148,test,134.0,0,0.0032512491443357117,0
Wr,2018-01-22,0.0,0.0,0.0,0.0,0.0,0.0,0.0,0.0,0.0,0.4647231720437685,0.8854560256532099,test,134.0,0,0.004582706868592003,0
Wr,2018-01-29,0.0,0.0,0.0,0.0,0.0,0.0,0.0,0.0,0.0,0.5680647467311558,0.8229838658936564,test,134.0,0,0.006664881096988635,0
Wr,2018-02-05,0.0,0.0,0.0,0.0,0.0,0.0,0.0,0.0,0.0,0.6631226582407952,0.7485107481711011,test,134.0,0,0.009942118415087976,0
Wr,2018-02-12,0.0,0.0,0.0,0.0,0.0,0.0,0.0,0.0,0.0,0.7485107481711011,0.6631226582407953,test,134.0,0,0.015111771061456286,0
Wr,2018-02-19,0.0,0.0,0.0,0.0,0.0,0.0,0.0,0.0,0.0,0.8229838658936564,0.5680647467311559,test,134.0,0,0.023234451648620907,0
Wr,2018-02-26,0.0,0.0,0.0,0.0,0.0,0.0,0.0,0.0,0.0,0.8854560256532099,0.4647231720437686,test,134.0,0,0.035845078420768846,0
Wr,2018-03-05,0.0,0.0,0.0,0.0,0.0,0.0,0.0,0.0,0.0,0.9350162426854148,0.35460488704253557,test,134.0,0,0.05499895900443675,0
Wr,2018-03-12,0.0,0.0,0.0,0.0,0.0,0.0,0.0,0.0,0.0,0.970941817426052,0.23931566428755804,test,134.0,0,0.08312512207577291,0
Wr,2018-03-19,0.0,0.0,0.0,0.0,0.0,0.0,0.0,0.0,0.0,0.992708874098054,0.120536680255323,test,134.0,0,0.12252148218693314,0
Wr,2018-03-26,0.0,0.0,0.0,0.0,0.0,0.0,0.0,0.0,0.0,1.0,-1.6081226496766366e-16,test,134.0,0,0.17442354442181385,0
Wr,2018-04-02,0.0,0.0,0.0,0.0,0.0,0.0,0.0,0.0,0.0,0.992708874098054,-0.12053668025532288,test,134.0,0,0.23791376886335305,0
Wr,2018-04-09,0.0,0.0,0.0,0.0,0.0,0.0,0.0,0.0,0.0,0.9709418174260521,-0.2393156642875575,test,134.0,0,0.3093568509944325,0
Wr,2018-04-16,0.0,0.0,0.0,0.0,0.0,0.0,0.0,0.0,0.0,0.9350162426854148,-0.35460488704253545,test,134.0,0,0.38301063483920167,0
Wr,2018-04-23,0.0,0.0,0.0,0.0,0.0,0.0,0.0,0.0,0.0,0.8854560256532099,-0.4647231720437685,test,134.0,0,0.4526686731365207,0
Wr,2018-04-30,27.0,0.0,0.0,0.0,0.0,0.0,0.0,0.0,0.0,0.8229838658936565,-0.5680647467311557,test,134.0,0,0.513340350971132,0
Wr,2018-05-07,2.0,27.0,0.0,0.0,0.0,0.0,0.0,0.0,0.0,0.7485107481711013,-0.663122658240795,test,134.0,0,0.8679641500321106,1
Wr,2018-05-14,1.0,2.0,27.0,0.0,0.0,0.0,0.0,0.0,0.0,0.6631226582407952,-0.7485107481711012,test,134.0,0,0.7206856628346309,1
Wr,2018-05-21,40.0,1.0,2.0,27.0,0.0,0.0,0.0,0.0,0.0,0.5680647467311558,-0.8229838658936564,test,134.0,0,0.7319176087413078,1
Wr,2018-05-28,64.0,40.0,1.0,2.0,27.0,0.0,0.0,0.0,0.0,0.46472317204376906,-0.8854560256532096,test,134.0,0,0.8305278611995799,1
Wr,2018-06-04,25.0,64.0,40.0,1.0,2.0,27.0,0.0,0.0,0.0,0.35460488704253584,-0.9350162426854147,test,134.0,0,0.9135234451278905,1
Wr,2018-06-11,49.0,25.0,64.0,40.0,1.0,2.0,27.0,0.0,0.0,0.23931566428755768,-0.970941817426052,test,134.0,0,0.9372383910349609,1
Wr,2018-06-18,265.0,49.0,25.0,64.0,40.0,1.0,2.0,27.0,0.0,0.12053668025532308,-0.992708874098054,test,134.0,1,0.8845492206012779,1
Wr,2018-06-25,137.0,265.0,49.0,25.0,64.0,40.0,1.0,2.0,27.0,-3.216245299353273e-16,-1.0,test,134.0,1,0.8328389762528129,1
Wr,2018-07-02,29.0,137.0,265.0,49.0,25.0,64.0,40.0,1.0,2.0,-0.12053668025532283,-0.992708874098054,test,134.0,0,0.9097811838704594,1
Wr,2018-07-09,7.0,29.0,137.0,265.0,49.0,25.0,64.0,40.0,1.0,-0.23931566428755743,-0.9709418174260521,test,134.0,0,0.8359291757195799,1
Wr,2018-07-16,0.0,7.0,29.0,137.0,265.0,49.0,25.0,64.0,40.0,-0.3546048870425356,-0.9350162426854148,test,134.0,0,0.3726012534207527,0
Wr,2018-07-23,0.0,0.0,7.0,29.0,137.0,265.0,49.0,25.0,64.0,-0.46472317204376806,-0.8854560256532101,test,134.0,0,0.13621471540826077,0
Wr,2018-07-30,1.0,0.0,0.0,7.0,29.0,137.0,265.0,49.0,25.0,-0.5680647467311556,-0.8229838658936566,test,134.0,0,0.20120856833874606,0
Wr,2018-08-06,0.0,1.0,0.0,0.0,7.0,29.0,137.0,265.0,49.0,-0.663122658240795,-0.7485107481711013,test,134.0,0,0.2061712472650232,0
Wr,2018-08-13,0.0,0.0,1.0,0.0,0.0,7.0,29.0,137.0,265.0,-0.7485107481711011,-0.6631226582407952,test,134.0,0,0.09294514870678974,0
Wr,2018-08-20,0.0,0.0,0.0,1.0,0.0,0.0,7.0,29.0,137.0,-0.8229838658936564,-0.5680647467311559,test,134.0,0,0.05076324091306626,0
Wr,2018-08-27,0.0,0.0,0.0,0.0,1.0,0.0,0.0,7.0,29.0,-0.8854560256532096,-0.4647231720437691,test,134.0,0,0.022677293886496714,0
Wr,2018-09-03,1.0,0.0,0.0,0.0,0.0,1.0,0.0,0.0,7.0,-0.9350162426854147,-0.3546048870425359,test,134.0,0,0.019099425808662196,0
Y,2015-04-06,0.0,0.0,0.0,0.0,0.0,0.0,0.0,0.0,0.0,0.9709418174260521,-0.2393156642875575,train,26.0,0,0.3093568509944325,0
Y,2015-04-13,0.0,0.0,0.0,0.0,0.0,0.0,0.0,0.0,0.0,0.9350162426854148,-0.35460488704253545,train,26.0,0,0.38301063483920167,0
Y,2015-04-20,0.0,0.0,0.0,0.0,0.0,0.0,0.0,0.0,0.0,0.8854560256532099,-0.4647231720437685,train,26.0,0,0.4526686731365207,0
Y,2015-04-27,0.0,0.0,0.0,0.0,0.0,0.0,0.0,0.0,0.0,0.8229838658936565,-0.5680647467311557,train,26.0,0,0.513340350971132,0
Y,2015-05-04,0.0,0.0,0.0,0.0,0.0,0.0,0.0,0.0,0.0,0.7485107481711013,-0.663122658240795,train,26.0,0,0.5620454149109937,0
Y,2015-05-11,0.0,0.0,0.0,0.0,0.0,0.0,0.0,0.0,0.0,0.6631226582407952,-0.7485107481711012,train,26.0,0,0.5976124370762488,0
Y,2015-05-18,21.0,0.0,0.0,0.0,0.0,0.0,0.0,0.0,0.0,0.5680647467311558,-0.8229838658936564,train,26.0,0,0.6199702811935952,0
Y,2015-05-25,133.0,21.0,0.0,0.0,0.0,0.0,0.0,0.0,0.0,0.46472317204376906,-0.8854560256532096,train,26.0,1,0.8854580915622717,1
Y,2015-06-01,50.0,133.0,21.0,0.0,0.0,0.0,0.0,0.0,0.0,0.35460488704253584,-0.9350162426854147,train,26.0,1,0.94930657214457,1
Y,2015-06-08,26.0,50.0,133.0,21.0,0.0,0.0,0.0,0.0,0.0,0.23931566428755768,-0.970941817426052,train,26.0,0,0.9278671112724085,1
Y,2015-06-15,4.0,26.0,50.0,133.0,21.0,0.0,0.0,0.0,0.0,0.12053668025532308,-0.992708874098054,train,26.0,0,0.8099602797222774,1
Y,2015-06-22,7.0,4.0,26.0,50.0,133.0,21.0,0.0,0.0,0.0,-3.216245299353273e-16,-1.0,train,26.0,0,0.4919754175704181,0
Y,2015-06-29,6.0,7.0,4.0,26.0,50.0,133.0,21.0,0.0,0.0,-0.12053668025532283,-0.992708874098054,train,26.0,0,0.6804339951214784,1
Y,2015-07-06,7.0,6.0,7.0,4.0,26.0,50.0,133.0,21.0,0.0,-0.23931566428755743,-0.9709418174260521,train,26.0,0,0.7461345465471311,1
Y,2015-07-13,113.0,7.0,6.0,7.0,4.0,26.0,50.0,133.0,21.0,-0.3546048870425356,-0.9350162426854148,train,26.0,1,0.6484964950630557,0
Y,2015-07-20,17.0,113.0,7.0,6.0,7.0,4.0,26.0,50.0,133.0,-0.46472317204376806,-0.8854560256532101,train,26.0,0,0.7063699100781407,1
Y,2015-07-27,25.0,17.0,113.0,7.0,6.0,7.0,4.0,26.0,50.0,-0.5680647467311556,-0.8229838658936566,train,26.0,0,0.3731817634814645,0
Y,2015-08-03,0.0,25.0,17.0,113.0,7.0,6.0,7.0,4.0,26.0,-0.663122658240795,-0.7485107481711013,train,26.0,0,0.3617646261800086,0
Y,2015-08-10,0.0,0.0,25.0,17.0,113.0,7.0,6.0,7.0,4.0,-0.7485107481711011,-0.6631226582407952,train,26.0,0,0.04837676073464767,0
Y,2015-08-17,0.0,0.0,0.0,25.0,17.0,113.0,7.0,6.0,7.0,-0.8229838658936564,-0.5680647467311559,train,26.0,0,0.04617745670504032,0
Y,2015-08-24,0.0,0.0,0.0,0.0,25.0,17.0,113.0,7.0,6.0,-0.8854560256532096,-0.4647231720437691,train,26.0,0,0.03877523533317272,0
Y,2015-08-31,0.0,0.0,0.0,0.0,0.0,25.0,17.0,113.0,7.0,-0.9350162426854147,-0.3546048870425359,train,26.0,0,0.04708723367178067,0
Y,2015-09-07,0.0,0.0,0.0,0.0,0.0,0.0,25.0,17.0,113.0,-0.970941817426052,-0.23931566428755774,train,26.0,0,0.01651735911216767,0
Y,2015-09-14,0.0,0.0,0.0,0.0,0.0,0.0,0.0,25.0,17.0,-0.992708874098054,-0.12053668025532357,train,26.0,0,0.008867295397157674,0
Y,2015-09-21,0.0,0.0,0.0,0.0,0.0,0.0,0.0,0.0,25.0,-1.0,-1.8369701987210297e-16,train,26.0,0,0.004191584907308452,0
Y,2015-09-28,0.0,0.0,0.0,0.0,0.0,0.0,0.0,0.0,0.0,-0.992708874098054,0.1205366802553232,train,26.0,0,0.005490457898428141,0
Y,2015-10-05,0.0,0.0,0.0,0.0,0.0,0.0,0.0,0.0,0.0,-0.9709418174260521,0.23931566428755738,train,26.0,0,0.0038330208738699143,0
Y,2015-10-12,0.0,0.0,0.0,0.0,0.0,0.0,0.0,0.0,0.0,-0.9350162426854148,0.35460488704253557,train,26.0,0,0.002768712198599736,0
Y,2015-10-19,0.0,0.0,0.0,0.0,0.0,0.0,0.0,0.0,0.0,-0.8854560256532101,0.464723172043768,train,26.0,0,0.0020796049249813438,0
Y,2015-10-26,0.0,0.0,0.0,0.0,0.0,0.0,0.0,0.0,0.0,-0.822983865893657,0.5680647467311548,train,26.0,0,0.0016312704834727692,0
Y,2015-11-02,0.0,0.0,0.0,0.0,0.0,0.0,0.0,0.0,0.0,-0.7485107481711011,0.6631226582407952,train,26.0,0,0.0013411886803814438,0
Y,2015-11-09,0.0,0.0,0.0,0.0,0.0,0.0,0.0,0.0,0.0,-0.6631226582407955,0.7485107481711007,train,26.0,0,0.0011591410711975566,0
Y,2015-11-16,0.0,0.0,0.0,0.0,0.0,0.0,0.0,0.0,0.0,-0.5680647467311559,0.8229838658936564,train,26.0,0,0.001055366196990406,0
Y,2015-11-23,0.0,0.0,0.0,0.0,0.0,0.0,0.0,0.0,0.0,-0.4647231720437684,0.88545602565321,train,26.0,0,0.0010136598144584543,0
Y,2015-11-30,0.0,0.0,0.0,0.0,0.0,0.0,0.0,0.0,0.0,-0.35460488704253595,0.9350162426854147,train,26.0,0,0.001027689250419541,0
Y,2015-12-07,0.0,0.0,0.0,0.0,0.0,0.0,0.0,0.0,0.0,-0.2393156642875578,0.970941817426052,train,26.0,0,0.0010995725046274078,0
Y,2015-12-14,0.0,0.0,0.0,0.0,0.0,0.0,0.0,0.0,0.0,-0.12053668025532363,0.992708874098054,train,26.0,0,0.0012403520679879912,0
Y,2015-12-21,0.0,0.0,0.0,0.0,0.0,0.0,0.0,0.0,0.0,6.432490598706546e-16,1.0,train,26.0,0,0.001472487075294112,0
Y,2015-12-28,0.0,0.0,0.0,0.0,0.0,0.0,0.0,0.0,0.0,0.12053668025532314,0.992708874098054,train,26.0,0,0.0018350101283209402,0
Y,2016-01-04,0.0,0.0,0.0,0.0,0.0,0.0,0.0,0.0,0.0,0.12053668025532305,0.992708874098054,train,26.0,0,0.0018350101283209402,0
Y,2016-01-11,0.0,0.0,0.0,0.0,0.0,0.0,0.0,0.0,0.0,0.23931566428755774,0.970941817426052,train,26.0,0,0.0023926627010834706,0
Y,2016-01-18,0.0,0.0,0.0,0.0,0.0,0.0,0.0,0.0,0.0,0.3546048870425356,0.9350162426854148,train,26.0,0,0.0032512491443357117,0
Y,2016-01-25,0.0,0.0,0.0,0.0,0.0,0.0,0.0,0.0,0.0,0.4647231720437685,0.8854560256532099,train,26.0,0,0.004582706868592003,0
Y,2016-02-01,0.0,0.0,0.0,0.0,0.0,0.0,0.0,0.0,0.0,0.5680647467311558,0.8229838658936564,train,26.0,0,0.006664881096988635,0
Y,2016-02-08,0.0,0.0,0.0,0.0,0.0,0.0,0.0,0.0,0.0,0.6631226582407952,0.7485107481711011,train,26.0,0,0.009942118415087976,0
Y,2016-02-15,0.0,0.0,0.0,0.0,0.0,0.0,0.0,0.0,0.0,0.7485107481711011,0.6631226582407953,train,26.0,0,0.015111771061456286,0
Y,2016-02-22,0.0,0.0,0.0,0.0,0.0,0.0,0.0,0.0,0.0,0.8229838658936564,0.5680647467311559,train,26.0,0,0.023234451648620907,0
Y,2016-02-29,0.0,0.0,0.0,0.0,0.0,0.0,0.0,0.0,0.0,0.8854560256532099,0.4647231720437686,train,26.0,0,0.035845078420768846,0
Y,2016-03-07,0.0,0.0,0.0,0.0,0.0,0.0,0.0,0.0,0.0,0.9350162426854148,0.35460488704253557,train,26.0,0,0.05499895900443675,0
Y,2016-03-14,0.0,0.0,0.0,0.0,0.0,0.0,0.0,0.0,0.0,0.970941817426052,0.23931566428755804,train,26.0,0,0.08312512207577291,0
Y,2016-03-21,0.0,0.0,0.0,0.0,0.0,0.0,0.0,0.0,0.0,0.992708874098054,0.120536680255323,train,26.0,0,0.12252148218693314,0
Y,2016-03-28,0.0,0.0,0.0,0.0,0.0,0.0,0.0,0.0,0.0,1.0,-1.6081226496766366e-16,train,26.0,0,0.17442354442181385,0
Y,2016-04-04,0.0,0.0,0.0,0.0,0.0,0.0,0.0,0.0,0.0,0.992708874098054,-0.12053668025532288,train,26.0,0,0.23791376886335305,0
Y,2016-04-11,0.0,0.0,0.0,0.0,0.0,0.0,0.0,0.0,0.0,0.9709418174260521,-0.2393156642875575,train,26.0,0,0.3093568509944325,0
Y,2016-04-18,0.0,0.0,0.0,0.0,0.0,0.0,0.0,0.0,0.0,0.9350162426854148,-0.35460488704253545,train,26.0,0,0.38301063483920167,0
Y,2016-04-25,0.0,0.0,0.0,0.0,0.0,0.0,0.0,0.0,0.0,0.8854560256532099,-0.4647231720437685,train,26.0,0,0.4526686731365207,0
Y,2016-05-02,0.0,0.0,0.0,0.0,0.0,0.0,0.0,0.0,0.0,0.8229838658936565,-0.5680647467311557,train,26.0,0,0.513340350971132,0
Y,2016-05-09,0.0,0.0,0.0,0.0,0.0,0.0,0.0,0.0,0.0,0.7485107481711013,-0.663122658240795,train,26.0,0,0.5620454149109937,0
Y,2016-05-16,33.0,0.0,0.0,0.0,0.0,0.0,0.0,0.0,0.0,0.6631226582407952,-0.7485107481711012,train,26.0,1,0.5976124370762488,0
Y,2016-05-23,10.0,33.0,0.0,0.0,0.0,0.0,0.0,0.0,0.0,0.5680647467311558,-0.8229838658936564,train,26.0,0,0.9018734599008771,1
Y,2016-05-30,22.0,10.0,33.0,0.0,0.0,0.0,0.0,0.0,0.0,0.46472317204376906,-0.8854560256532096,train,26.0,0,0.848115403048743,1
Y,2016-06-06,38.0,22.0,10.0,33.0,0.0,0.0,0.0,0.0,0.0,0.35460488704253584,-0.9350162426854147,train,26.0,1,0.9041000150515053,1
Y,2016-06-13,13.0,38.0,22.0,10.0,33.0,0.0,0.0,0.0,0.0,0.23931566428755768,-0.970941817426052,train,26.0,0,0.8193911104608841,1
Y,2016-06-20,25.0,13.0,38.0,22.0,10.0,33.0,0.0,0.0,0.0,0.12053668025532308,-0.992708874098054,train,26.0,0,0.7724790160134056,1
Y,2016-06-27,1.0,25.0,13.0,38.0,22.0,10.0,33.0,0.0,0.0,-3.216245299353273e-16,-1.0,train,26.0,0,0.8632767721719478,1
Y,2016-07-04,35.0,1.0,25.0,13.0,38.0,22.0,10.0,33.0,0.0,-0.12053668025532283,-0.992708874098054,train,26.0,1,0.5662133207618083,0
Y,2016-07-11,43.0,35.0,1.0,25.0,13.0,38.0,22.0,10.0,33.0,-0.23931566428755743,-0.9709418174260521,train,26.0,1,0.7352664410384369,1
Y,2016-07-18,411.0,43.0,35.0,1.0,25.0,13.0,38.0,22.0,10.0,-0.3546048870425356,-0.9350162426854148,train,26.0,1,0.7156688411413584,1
Y,2016-07-25,37.0,411.0,43.0,35.0,1.0,25.0,13.0,38.0,22.0,-0.46472317204376806,-0.8854560256532101,train,26.0,1,0.8967398212639771,1
Y,2016-08-01,0.0,37.0,411.0,43.0,35.0,1.0,25.0,13.0,38.0,-0.5680647467311556,-0.8229838658936566,train,26.0,0,0.45940664178560303,0
Y,2016-08-08,0.0,0.0,37.0,411.0,43.0,35.0,1.0,25.0,13.0,-0.663122658240795,-0.7485107481711013,train,26.0,0,0.0760362829722863,0
Y,2016-08-15,0.0,0.0,0.0,37.0,411.0,43.0,35.0,1.0,25.0,-0.7485107481711011,-0.6631226582407952,train,26.0,0,0.032051925427694264,0
Y,2016-08-22,0.0,0.0,0.0,0.0,37.0,411.0,43.0,35.0,1.0,-0.8229838658936564,-0.5680647467311559,train,26.0,0,0.06642616816848414,0
Y,2016-08-29,0.0,0.0,0.0,0.0,0.0,37.0,411.0,43.0,35.0,-0.8854560256532096,-0.4647231720437691,train,26.0,0,0.08615724423513384,0
Y,2016-09-05,0.0,0.0,0.0,0.0,0.0,0.0,37.0,411.0,43.0,-0.9350162426854147,-0.3546048870425359,train,26.0,0,0.04208284669533778,0
Y,2016-09-12,0.0,0.0,0.0,0.0,0.0,0.0,0.0,37.0,411.0,-0.970941817426052,-0.23931566428755774,train,26.0,0,0.0074687057550860605,0
Y,2016-09-19,0.0,0.0,0.0,0.0,0.0,0.0,0.0,0.0,37.0,-0.992708874098054,-0.12053668025532357,train,26.0,0,0.005862058141709463,0
Y,2016-09-26,0.0,0.0,0.0,0.0,0.0,0.0,0.0,0.0,0.0,-1.0,-1.8369701987210297e-16,train,26.0,0,0.008091681810665432,0
Y,2016-10-03,0.0,0.0,0.0,0.0,0.0,0.0,0.0,0.0,0.0,-0.992708874098054,0.1205366802553232,train,26.0,0,0.005490457898428141,0
Y,2016-10-10,0.0,0.0,0.0,0.0,0.0,0.0,0.0,0.0,0.0,-0.9709418174260521,0.23931566428755738,train,26.0,0,0.0038330208738699143,0
Y,2016-10-17,0.0,0.0,0.0,0.0,0.0,0.0,0.0,0.0,0.0,-0.9350162426854148,0.35460488704253557,train,26.0,0,0.002768712198599736,0
Y,2016-10-24,0.0,0.0,0.0,0.0,0.0,0.0,0.0,0.0,0.0,-0.8854560256532101,0.464723172043768,train,26.0,0,0.0020796049249813438,0
Y,2016-10-31,0.0,0.0,0.0,0.0,0.0,0.0,0.0,0.0,0.0,-0.822983865893657,0.5680647467311548,train,26.0,0,0.0016312704834727692,0
Y,2016-11-07,0.0,0.0,0.0,0.0,0.0,0.0,0.0,0.0,0.0,-0.7485107481711011,0.6631226582407952,train,26.0,0,0.0013411886803814438,0
Y,2016-11-14,0.0,0.0,0.0,0.0,0.0,0.0,0.0,0.0,0.0,-0.6631226582407955,0.7485107481711007,train,26.0,0,0.0011591410711975566,0
Y,2016-11-21,0.0,0.0,0.0,0.0,0.0,0.0,0.0,0.0,0.0,-0.5680647467311559,0.8229838658936564,train,26.0,0,0.001055366196990406,0
Y,2016-11-28,0.0,0.0,0.0,0.0,0.0,0.0,0.0,0.0,0.0,-0.4647231720437684,0.88545602565321,train,26.0,0,0.0010136598144584543,0
Y,2016-12-05,0.0,0.0,0.0,0.0,0.0,0.0,0.0,0.0,0.0,-0.35460488704253595,0.9350162426854147,train,26.0,0,0.001027689250419541,0
Y,2016-12-12,0.0,0.0,0.0,0.0,0.0,0.0,0.0,0.0,0.0,-0.2393156642875578,0.970941817426052,train,26.0,0,0.0010995725046274078,0
Y,2016-12-19,0.0,0.0,0.0,0.0,0.0,0.0,0.0,0.0,0.0,-0.12053668025532363,0.992708874098054,train,26.0,0,0.0012403520679879912,0
Y,2016-12-26,0.0,0.0,0.0,0.0,0.0,0.0,0.0,0.0,0.0,6.432490598706546e-16,1.0,train,26.0,0,0.001472487075294112,0
Y,2017-01-02,0.0,0.0,0.0,0.0,0.0,0.0,0.0,0.0,0.0,0.12053668025532305,0.992708874098054,val,26.0,0,0.0018350101283209402,0
Y,2017-01-09,0.0,0.0,0.0,0.0,0.0,0.0,0.0,0.0,0.0,0.23931566428755774,0.970941817426052,val,26.0,0,0.0023926627010834706,0
Y,2017-01-16,0.0,0.0,0.0,0.0,0.0,0.0,0.0,0.0,0.0,0.3546048870425356,0.9350162426854148,val,26.0,0,0.0032512491443357117,0
Y,2017-01-23,0.0,0.0,0.0,0.0,0.0,0.0,0.0,0.0,0.0,0.4647231720437685,0.8854560256532099,val,26.0,0,0.004582706868592003,0
Y,2017-01-30,0.0,0.0,0.0,0.0,0.0,0.0,0.0,0.0,0.0,0.5680647467311558,0.8229838658936564,val,26.0,0,0.006664881096988635,0
Y,2017-02-06,0.0,0.0,0.0,0.0,0.0,0.0,0.0,0.0,0.0,0.6631226582407952,0.7485107481711011,val,26.0,0,0.009942118415087976,0
Y,2017-02-13,1.0,0.0,0.0,0.0,0.0,0.0,0.0,0.0,0.0,0.7485107481711011,0.6631226582407953,val,26.0,0,0.015111771061456286,0
Y,2017-02-20,1.0,1.0,0.0,0.0,0.0,0.0,0.0,0.0,0.0,0.8229838658936564,0.5680647467311559,val,26.0,0,0.032333118000579225,0
Y,2017-02-27,0.0,1.0,1.0,0.0,0.0,0.0,0.0,0.0,0.0,0.8854560256532099,0.4647231720437686,val,26.0,0,0.04976620521357242,0
Y,2017-03-06,0.0,0.0,1.0,1.0,0.0,0.0,0.0,0.0,0.0,0.9350162426854148,0.35460488704253557,val,26.0,0,0.057026386361664134,0
Y,2017-03-13,1.0,0.0,0.0,1.0,1.0,0.0,0.0,0.0,0.0,0.970941817426052,0.23931566428755804,val,26.0,0,0.07339123290449663,0
Y,2017-03-20,0.0,1.0,0.0,0.0,1.0,1.0,0.0,0.0,0.0,0.992708874098054,0.120536680255323,val,26.0,0,0.1422743249674326,0
Y,2017-03-27,0.0,0.0,1.0,0.0,0.0,1.0,1.0,0.0,0.0,1.0,-1.6081226496766366e-16,val,26.0,0,0.19458423311653422,0
Y,2017-04-03,0.0,0.0,0.0,1.0,0.0,0.0,1.0,1.0,0.0,0.992708874098054,-0.12053668025532288,val,26.0,0,0.2800876130762991,0
Y,2017-04-10,0.0,0.0,0.0,0.0,1.0,0.0,0.0,1.0,1.0,0.9709418174260521,-0.2393156642875575,val,26.0,0,0.2576764418141062,0
Y,2017-04-17,0.0,0.0,0.0,0.0,0.0,1.0,0.0,0.0,1.0,0.9350162426854148,-0.35460488704253545,val,26.0,0,0.35102340279024197,0
Y,2017-04-24,0.0,0.0,0.0,0.0,0.0,0.0,1.0,0.0,0.0,0.8854560256532099,-0.4647231720437685,val,26.0,0,0.4845882206547683,0
Y,2017-05-01,0.0,0.0,0.0,0.0,0.0,0.0,0.0,1.0,0.0,0.8229838658936565,-0.5680647467311557,val,26.0,0,0.5274181755080608,0
Y,2017-05-08,0.0,0.0,0.0,0.0,0.0,0.0,0.0,0.0,1.0,0.7485107481711013,-0.663122658240795,val,26.0,0,0.5271475834606775,0
Y,2017-05-15,144.0,0.0,0.0,0.0,0.0,0.0,0.0,0.0,0.0,0.6631226582407952,-0.7485107481711012,val,26.0,1,0.5976124370762488,0
Y,2017-05-22,68.0,144.0,0.0,0.0,0.0,0.0,0.0,0.0,0.0,0.5680647467311558,-0.8229838658936564,val,26.0,1,0.9492740626108789,1
Y,2017-05-29,79.0,68.0,144.0,0.0,0.0,0.0,0.0,0.0,0.0,0.46472317204376906,-0.8854560256532096,val,26.0,1,0.9325212293298258,1
Y,2017-06-05,8.0,79.0,68.0,144.0,0.0,0.0,0.0,0.0,0.0,0.35460488704253584,-0.9350162426854147,val,26.0,0,0.9496252327660933,1
Y,2017-06-12,18.0,8.0,79.0,68.0,144.0,0.0,0.0,0.0,0.0,0.23931566428755768,-0.970941817426052,val,26.0,0,0.6307785704096885,0
Y,2017-06-19,81.0,18.0,8.0,79.0,68.0,144.0,0.0,0.0,0.0,0.12053668025532308,-0.992708874098054,val,26.0,1,0.727949813412737,1
Y,2017-06-26,136.0,81.0,18.0,8.0,79.0,68.0,144.0,0.0,0.0,-3.216245299353273e-16,-1.0,val,26.0,1,0.909008126946322,1
Y,2017-07-03,458.0,136.0,81.0,18.0,8.0,79.0,68.0,144.0,0.0,-0.12053668025532283,-0.992708874098054,val,26.0,1,0.9601900625383432,1
Y,2017-07-10,61.0,458.0,136.0,81.0,18.0,8.0,79.0,68.0,144.0,-0.23931566428755743,-0.9709418174260521,val,26.0,1,0.9129053633712659,1
Y,2017-07-17,61.0,61.0,458.0,136.0,81.0,18.0,8.0,79.0,68.0,-0.3546048870425356,-0.9350162426854148,val,26.0,1,0.6210538463468318,0
Y,2017-07-24,12.0,61.0,61.0,458.0,136.0,81.0,18.0,8.0,79.0,-0.46472317204376806,-0.8854560256532101,val,26.0,0,0.5033778418573318,0
Y,2017-07-31,3.0,12.0,61.0,61.0,458.0,136.0,81.0,18.0,8.0,-0.5680647467311556,-0.8229838658936566,val,26.0,0,0.32042827783718125,0
Y,2017-08-07,0.0,3.0,12.0,61.0,61.0,458.0,136.0,81.0,18.0,-0.663122658240795,-0.7485107481711013,val,26.0,0,0.2352030872350375,0
Y,2017-08-14,0.0,0.0,3.0,12.0,61.0,61.0,458.0,136.0,81.0,-0.7485107481711011,-0.6631226582407952,val,26.0,0,0.08257937362112089,0
Y,2017-08-21,0.0,0.0,0.0,3.0,12.0,61.0,61.0,458.0,136.0,-0.8229838658936564,-0.5680647467311559,val,26.0,0,0.051954925729301306,0
Y,2017-08-28,0.0,0.0,0.0,0.0,3.0,12.0,61.0,61.0,458.0,-0.8854560256532096,-0.4647231720437691,val,26.0,0,0.02801097138487388,0
Y,2017-09-04,0.0,0.0,0.0,0.0,0.0,3.0,12.0,61.0,61.0,-0.9350162426854147,-0.3546048870425359,val,26.0,0,0.028159847693067907,0
Y,2017-09-11,0.0,0.0,0.0,0.0,0.0,0.0,3.0,12.0,61.0,-0.970941817426052,-0.23931566428755774,val,26.0,0,0.012922900422816515,0
Y,2017-09-18,0.0,0.0,0.0,0.0,0.0,0.0,0.0,3.0,12.0,-0.992708874098054,-0.12053668025532357,val,26.0,0,0.008140599697383758,0
Y,2017-09-25,0.0,0.0,0.0,0.0,0.0,0.0,0.0,0.0,3.0,-1.0,-1.8369701987210297e-16,val,26.0,0,0.00611829637594589,0
Y,2017-10-02,0.0,0.0,0.0,0.0,0.0,0.0,0.0,0.0,0.0,-0.992708874098054,0.1205366802553232,val,26.0,0,0.005490457898428141,0
Y,2017-10-09,0.0,0.0,0.0,0.0,0.0,0.0,0.0,0.0,0.0,-0.9709418174260521,0.23931566428755738,val,26.0,0,0.0038330208738699143,0
Y,2017-10-16,0.0,0.0,0.0,0.0,0.0,0.0,0.0,0.0,0.0,-0.9350162426854148,0.35460488704253557,val,26.0,0,0.002768712198599736,0
Y,2017-10-23,0.0,0.0,0.0,0.0,0.0,0.0,0.0,0.0,0.0,-0.8854560256532101,0.464723172043768,val,26.0,0,0.0020796049249813438,0
Y,2017-10-30,0.0,0.0,0.0,0.0,0.0,0.0,0.0,0.0,0.0,-0.822983865893657,0.5680647467311548,val,26.0,0,0.0016312704834727692,0
Y,2017-11-06,0.0,0.0,0.0,0.0,0.0,0.0,0.0,0.0,0.0,-0.7485107481711011,0.6631226582407952,val,26.0,0,0.0013411886803814438,0
Y,2017-11-13,0.0,0.0,0.0,0.0,0.0,0.0,0.0,0.0,0.0,-0.6631226582407955,0.7485107481711007,val,26.0,0,0.0011591410711975566,0
Y,2017-11-20,0.0,0.0,0.0,0.0,0.0,0.0,0.0,0.0,0.0,-0.5680647467311559,0.8229838658936564,val,26.0,0,0.001055366196990406,0
Y,2017-11-27,0.0,0.0,0.0,0.0,0.0,0.0,0.0,0.0,0.0,-0.4647231720437684,0.88545602565321,val,26.0,0,0.0010136598144584543,0
Y,2017-12-04,0.0,0.0,0.0,0.0,0.0,0.0,0.0,0.0,0.0,-0.35460488704253595,0.9350162426854147,val,26.0,0,0.001027689250419541,0
Y,2017-12-11,0.0,0.0,0.0,0.0,0.0,0.0,0.0,0.0,0.0,-0.2393156642875578,0.970941817426052,val,26.0,0,0.0010995725046274078,0
Y,2017-12-18,0.0,0.0,0.0,0.0,0.0,0.0,0.0,0.0,0.0,-0.12053668025532363,0.992708874098054,val,26.0,0,0.0012403520679879912,0
Y,2017-12-25,0.0,0.0,0.0,0.0,0.0,0.0,0.0,0.0,0.0,6.432490598706546e-16,1.0,val,26.0,0,0.001472487075294112,0
Y,2018-01-01,0.0,0.0,0.0,0.0,0.0,0.0,0.0,0.0,0.0,0.12053668025532305,0.992708874098054,test,26.0,0,0.0018350101283209402,0
Y,2018-01-08,0.0,0.0,0.0,0.0,0.0,0.0,0.0,0.0,0.0,0.23931566428755774,0.970941817426052,test,26.0,0,0.0023926627010834706,0
Y,2018-01-15,0.0,0.0,0.0,0.0,0.0,0.0,0.0,0.0,0.0,0.3546048870425356,0.9350162426854148,test,26.0,0,0.0032512491443357117,0
Y,2018-01-22,0.0,0.0,0.0,0.0,0.0,0.0,0.0,0.0,0.0,0.4647231720437685,0.8854560256532099,test,26.0,0,0.004582706868592003,0
Y,2018-01-29,0.0,0.0,0.0,0.0,0.0,0.0,0.0,0.0,0.0,0.5680647467311558,0.8229838658936564,test,26.0,0,0.006664881096988635,0
Y,2018-02-05,0.0,0.0,0.0,0.0,0.0,0.0,0.0,0.0,0.0,0.6631226582407952,0.7485107481711011,test,26.0,0,0.009942118415087976,0
Y,2018-02-12,0.0,0.0,0.0,0.0,0.0,0.0,0.0,0.0,0.0,0.7485107481711011,0.6631226582407953,test,26.0,0,0.015111771061456286,0
Y,2018-02-19,0.0,0.0,0.0,0.0,0.0,0.0,0.0,0.0,0.0,0.8229838658936564,0.5680647467311559,test,26.0,0,0.023234451648620907,0
Y,2018-02-26,0.0,0.0,0.0,0.0,0.0,0.0,0.0,0.0,0.0,0.8854560256532099,0.4647231720437686,test,26.0,0,0.035845078420768846,0
Y,2018-03-05,0.0,0.0,0.0,0.0,0.0,0.0,0.0,0.0,0.0,0.9350162426854148,0.35460488704253557,test,26.0,0,0.05499895900443675,0
Y,2018-03-12,0.0,0.0,0.0,0.0,0.0,0.0,0.0,0.0,0.0,0.970941817426052,0.23931566428755804,test,26.0,0,0.08312512207577291,0
Y,2018-03-19,0.0,0.0,0.0,0.0,0.0,0.0,0.0,0.0,0.0,0.992708874098054,0.120536680255323,test,26.0,0,0.12252148218693314,0
Y,2018-03-26,0.0,0.0,0.0,0.0,0.0,0.0,0.0,0.0,0.0,1.0,-1.6081226496766366e-16,test,26.0,0,0.17442354442181385,0
Y,2018-04-02,0.0,0.0,0.0,0.0,0.0,0.0,0.0,0.0,0.0,0.992708874098054,-0.12053668025532288,test,26.0,0,0.23791376886335305,0
Y,2018-04-09,0.0,0.0,0.0,0.0,0.0,0.0,0.0,0.0,0.0,0.9709418174260521,-0.2393156642875575,test,26.0,0,0.3093568509944325,0
Y,2018-04-16,0.0,0.0,0.0,0.0,0.0,0.0,0.0,0.0,0.0,0.9350162426854148,-0.35460488704253545,test,26.0,0,0.38301063483920167,0
Y,2018-04-23,0.0,0.0,0.0,0.0,0.0,0.0,0.0,0.0,0.0,0.8854560256532099,-0.4647231720437685,test,26.0,0,0.4526686731365207,0
Y,2018-04-30,7.0,0.0,0.0,0.0,0.0,0.0,0.0,0.0,0.0,0.8229838658936565,-0.5680647467311557,test,26.0,0,0.513340350971132,0
Y,2018-05-07,36.0,7.0,0.0,0.0,0.0,0.0,0.0,0.0,0.0,0.7485107481711013,-0.663122658240795,test,26.0,1,0.7805563243650033,1
Y,2018-05-14,127.0,36.0,7.0,0.0,0.0,0.0,0.0,0.0,0.0,0.6631226582407952,-0.7485107481711012,test,26.0,1,0.8979226165505845,1
Y,2018-05-21,2.0,127.0,36.0,7.0,0.0,0.0,0.0,0.0,0.0,0.5680647467311558,-0.8229838658936564,test,26.0,0,0.9520967961668255,1
Y,2018-05-28,36.0,2.0,127.0,36.0,7.0,0.0,0.0,0.0,0.0,0.46472317204376906,-0.8854560256532096,test,26.0,1,0.6816778318269338,1
Y,2018-06-04,29.0,36.0,2.0,127.0,36.0,7.0,0.0,0.0,0.0,0.35460488704253584,-0.9350162426854147,test,26.0,1,0.8401819706872287,1
Y,2018-06-11,16.0,29.0,36.0,2.0,127.0,36.0,7.0,0.0,0.0,0.23931566428755768,-0.970941817426052,test,26.0,0,0.8010980973715679,1
Y,2018-06-18,6.0,16.0,29.0,36.0,2.0,127.0,36.0,7.0,0.0,0.12053668025532308,-0.992708874098054,test,26.0,0,0.9243911116827239,1
Y,2018-06-25,0.0,6.0,16.0,29.0,36.0,2.0,127.0,36.0,7.0,-3.216245299353273e-16,-1.0,test,26.0,0,0.7651230546280369,1
Y,2018-07-02,45.0,0.0,6.0,16.0,29.0,36.0,2.0,127.0,36.0,-0.12053668025532283,-0.992708874098054,test,26.0,1,0.2956623808712125,0
Y,2018-07-09,0.0,45.0,0.0,6.0,16.0,29.0,36.0,2.0,127.0,-0.23931566428755743,-0.9709418174260521,test,26.0,0,0.6760544683648784,1
Y,2018-07-16,0.0,0.0,45.0,0.0,6.0,16.0,29.0,36.0,2.0,-0.3546048870425356,-0.9350162426854148,test,26.0,0,0.40401068283473907,0
Y,2018-07-23,0.0,0.0,0.0,45.0,0.0,6.0,16.0,29.0,36.0,-0.46472317204376806,-0.8854560256532101,test,26.0,0,0.32949947681729896,0
Y,2018-07-30,2.0,0.0,0.0,0.0,45.0,0.0,6.0,16.0,29.0,-0.5680647467311556,-0.8229838658936566,test,26.0,0,0.08304765653159596,0
Y,2018-08-06,0.0,2.0,0.0,0.0,0.0,45.0,0.0,6.0,16.0,-0.663122658240795,-0.7485107481711013,test,26.0,0,0.16462780975764243,0
Y,2018-08-13,0.0,0.0,2.0,0.0,0.0,0.0,45.0,0.0,6.0,-0.7485107481711011,-0.6631226582407952,test,26.0,0,0.13368938202768765,0
Y,2018-08-20,0.0,0.0,0.0,2.0,0.0,0.0,0.0,45.0,0.0,-0.8229838658936564,-0.5680647467311559,test,26.0,0,0.09475131646285949,0
Y,2018-08-27,0.0,0.0,0.0,0.0,2.0,0.0,0.0,0.0,45.0,-0.8854560256532096,-0.4647231720437691,test,26.0,0,0.01599621715814887,0
Y,2018-09-03,0.0,0.0,0.0,0.0,0.0,2.0,0.0,0.0,0.0,-0.9350162426854147,-0.3546048870425359,test,26.0,0,0.02889577909768548,0
